id,source_url,campus,retrieved_at,branch_id,hours_id,date,timezone,category,hours_text,status,opens,closes,closes_next_day,schedule_id,record_sha256
library_hours:11:2026-09-01,https://hours.library.ubc.ca/#chapman,vancouver,2026-09-10T23:22:28Z,library_hours:11,11,2026-09-01,America/Vancouver,exception,10am - 6pm,open,10:00,18:00,False,library_hours:11:2026-09,fc7806b4d241b4200b70d2b5f61c862a5fb85f3ccbcc33891560855fe79dddd3
library_hours:11:2026-09-02,https://hours.library.ubc.ca/#chapman,vancouver,2026-09-10T23:22:28Z,library_hours:11,11,2026-09-02,America/Vancouver,exception,10am - 6pm,open,10:00,18:00,False,library_hours:11:2026-09,5ebae226f798c889e1d2799ed5bb4d6d4590d941a164b76e94df309244ba6e95
library_hours:11:2026-09-03,https://hours.library.ubc.ca/#chapman,vancouver,2026-09-10T23:22:28Z,library_hours:11,11,2026-09-03,America/Vancouver,exception,10am - 6pm,open,10:00,18:00,False,library_hours:11:2026-09,a46f8ce23647a9288fa05698da35e2def075b7e0ad3e75d74ccc259895033e7b
library_hours:11:2026-09-04,https://hours.library.ubc.ca/#chapman,vancouver,2026-09-10T23:22:28Z,library_hours:11,11,2026-09-04,America/Vancouver,exception,10am - 6pm,open,10:00,18:00,False,library_hours:11:2026-09,3e162f19cd9645812b8edf3f32f1f6057c266daae3f0875eab13f03638cfe1f4
library_hours:11:2026-09-05,https://hours.library.ubc.ca/#chapman,vancouver,2026-09-10T23:22:28Z,library_hours:11,11,2026-09-05,America/Vancouver,exception,Closed*,closed,,,,library_hours:11:2026-09,84c25694645f10bdec19afd02013b23429db184e2330657b7ac075388ac4d383
library_hours:11:2026-09-06,https://hours.library.ubc.ca/#chapman,vancouver,2026-09-10T23:22:28Z,library_hours:11,11,2026-09-06,America/Vancouver,exception,Closed*,closed,,,,library_hours:11:2026-09,6d4f01dc387496d3081866c86685b4fbca2ffcae29ca867491e29b43dd8119ad
library_hours:11:2026-09-07,https://hours.library.ubc.ca/#chapman,vancouver,2026-09-10T23:22:28Z,library_hours:11,11,2026-09-07,America/Vancouver,holiday,Closed* (Labour Day),closed,,,,library_hours:11:2026-09,2b5981ae799d16a88bfb126ff26516d19c7dcd4c1b1259be0d6ba08da95fe553
library_hours:11:2026-09-08,https://hours.library.ubc.ca/#chapman,vancouver,2026-09-10T23:22:28Z,library_hours:11,11,2026-09-08,America/Vancouver,regular,9am - 10pm,open,09:00,22:00,False,library_hours:11:2026-09,65ceedb3b1a93de77b5f60a16edb67d2473e05a8a90b92b9a8d061ed194b44dd
library_hours:11:2026-09-09,https://hours.library.ubc.ca/#chapman,vancouver,2026-09-10T23:22:28Z,library_hours:11,11,2026-09-09,America/Vancouver,regular,9am - 10pm,open,09:00,22:00,False,library_hours:11:2026-09,c5468ad8e64bafa45bbf9f4f4fcb161da2c5dfe9d16ccb0e4e3b5035ec28c707
library_hours:11:2026-09-10,https://hours.library.ubc.ca/#chapman,vancouver,2026-09-10T23:22:28Z,library_hours:11,11,2026-09-10,America/Vancouver,regular,9am - 10pm,open,09:00,22:00,False,library_hours:11:2026-09,157fab922ec236e08ddf6c7cf1146fce3b98e0ae9bbb05d7fd20f44d689da2d2
library_hours:11:2026-09-11,https://hours.library.ubc.ca/#chapman,vancouver,2026-09-10T23:22:28Z,library_hours:11,11,2026-09-11,America/Vancouver,regular,9am - 6pm,open,09:00,18:00,False,library_hours:11:2026-09,e0834fcf64948cd7908a3c5b1d62fc48054049a24b38a27dad53d149f78db763
library_hours:11:2026-09-12,https://hours.library.ubc.ca/#chapman,vancouver,2026-09-10T23:22:28Z,library_hours:11,11,2026-09-12,America/Vancouver,regular,11am - 6pm,open,11:00,18:00,False,library_hours:11:2026-09,a8f35973313b95447e0d50d9fbe0c5dfa26f53a6cfd87621c4e7c18df42540bd
library_hours:11:2026-09-13,https://hours.library.ubc.ca/#chapman,vancouver,2026-09-10T23:22:28Z,library_hours:11,11,2026-09-13,America/Vancouver,regular,11am - 6pm,open,11:00,18:00,False,library_hours:11:2026-09,f904d7be973d0468095b2f3f6e674c2a991cfc30aacd77897d98420e374a312c
library_hours:11:2026-09-14,https://hours.library.ubc.ca/#chapman,vancouver,2026-09-10T23:22:28Z,library_hours:11,11,2026-09-14,America/Vancouver,regular,9am - 10pm,open,09:00,22:00,False,library_hours:11:2026-09,d8d6730f6c8202b6241a7112fa8d677484887fec24d813c4f6e7ab640282d132
library_hours:11:2026-09-15,https://hours.library.ubc.ca/#chapman,vancouver,2026-09-10T23:22:28Z,library_hours:11,11,2026-09-15,America/Vancouver,regular,9am - 10pm,open,09:00,22:00,False,library_hours:11:2026-09,7770e5c1e8a00d754a24e51559be22ab407b8afe3eb9b81d3863e61a2196a4c9
library_hours:11:2026-09-16,https://hours.library.ubc.ca/#chapman,vancouver,2026-09-10T23:22:28Z,library_hours:11,11,2026-09-16,America/Vancouver,regular,9am - 10pm,open,09:00,22:00,False,library_hours:11:2026-09,df670130e104ecc6e555f863751ec387c00ee0f773903951124546885aae518e
library_hours:11:2026-09-17,https://hours.library.ubc.ca/#chapman,vancouver,2026-09-10T23:22:28Z,library_hours:11,11,2026-09-17,America/Vancouver,regular,9am - 10pm,open,09:00,22:00,False,library_hours:11:2026-09,9cd95a50942087b1e1441771a5f8e48950dc6cba9a9e8d75326ce793de83e231
library_hours:11:2026-09-18,https://hours.library.ubc.ca/#chapman,vancouver,2026-09-10T23:22:28Z,library_hours:11,11,2026-09-18,America/Vancouver,regular,9am - 6pm,open,09:00,18:00,False,library_hours:11:2026-09,a3f9b8367d6d50b353c34db62346e785db56e9b2e994b78d99ffb4b23a0174ef
library_hours:11:2026-09-19,https://hours.library.ubc.ca/#chapman,vancouver,2026-09-10T23:22:28Z,library_hours:11,11,2026-09-19,America/Vancouver,regular,11am - 6pm,open,11:00,18:00,False,library_hours:11:2026-09,658b85118b92aa401fa1c5fa499fdcef5c89bf70f286a9a459084aa6b62deca3
library_hours:11:2026-09-20,https://hours.library.ubc.ca/#chapman,vancouver,2026-09-10T23:22:28Z,library_hours:11,11,2026-09-20,America/Vancouver,regular,11am - 6pm,open,11:00,18:00,False,library_hours:11:2026-09,5f1c1390c76b966ea1e6ebdf21e7db6189c09172d67b7ecfaa5ed20a75a39a49
library_hours:11:2026-09-21,https://hours.library.ubc.ca/#chapman,vancouver,2026-09-10T23:22:28Z,library_hours:11,11,2026-09-21,America/Vancouver,regular,9am - 10pm,open,09:00,22:00,False,library_hours:11:2026-09,b88392cc2e895a255827a322421f235d6ec3c6108debf66c01a382cc1510e64e
library_hours:11:2026-09-22,https://hours.library.ubc.ca/#chapman,vancouver,2026-09-10T23:22:28Z,library_hours:11,11,2026-09-22,America/Vancouver,regular,9am - 10pm,open,09:00,22:00,False,library_hours:11:2026-09,e2642ff7cd1a8662b241cbb7c2cb5cf60580cc4fa4e2c3e6bbf6ce5a398fc10a
library_hours:11:2026-09-23,https://hours.library.ubc.ca/#chapman,vancouver,2026-09-10T23:22:28Z,library_hours:11,11,2026-09-23,America/Vancouver,regular,9am - 10pm,open,09:00,22:00,False,library_hours:11:2026-09,52def042b9fdb2f6df402baa29a576edb554025355ee7286d2c967d3d03daec5
library_hours:11:2026-09-24,https://hours.library.ubc.ca/#chapman,vancouver,2026-09-10T23:22:28Z,library_hours:11,11,2026-09-24,America/Vancouver,regular,9am - 10pm,open,09:00,22:00,False,library_hours:11:2026-09,8f7175fd684aa70a537f87f0143a2cce05b4d5df1fe4b6af0a1c94e5fd749871
library_hours:11:2026-09-25,https://hours.library.ubc.ca/#chapman,vancouver,2026-09-10T23:22:28Z,library_hours:11,11,2026-09-25,America/Vancouver,regular,9am - 6pm,open,09:00,18:00,False,library_hours:11:2026-09,97cd32ba5efba54b14a5c6b2c0cdfaeb883f71607158ce9b549460dcb484d8fd
library_hours:11:2026-09-26,https://hours.library.ubc.ca/#chapman,vancouver,2026-09-10T23:22:28Z,library_hours:11,11,2026-09-26,America/Vancouver,regular,11am - 6pm,open,11:00,18:00,False,library_hours:11:2026-09,040ac88bf9c9627270dd41aeccfd71f2ca2ef43a3851a2f1251db3ffe76356f2
library_hours:11:2026-09-27,https://hours.library.ubc.ca/#chapman,vancouver,2026-09-10T23:22:28Z,library_hours:11,11,2026-09-27,America/Vancouver,regular,11am - 6pm,open,11:00,18:00,False,library_hours:11:2026-09,dc0e1a4b6b75a1d5e1f871cc7948cc5449f3a0ff5d5dc88a49c4c1616e4768a9
library_hours:11:2026-09-28,https://hours.library.ubc.ca/#chapman,vancouver,2026-09-10T23:22:28Z,library_hours:11,11,2026-09-28,America/Vancouver,regular,9am - 10pm,open,09:00,22:00,False,library_hours:11:2026-09,47770a9282002cb3e17a8d99777f2fda5098eae94cc50d4bafd1d30182e40b01
library_hours:11:2026-09-29,https://hours.library.ubc.ca/#chapman,vancouver,2026-09-10T23:22:28Z,library_hours:11,11,2026-09-29,America/Vancouver,regular,9am - 10pm,open,09:00,22:00,False,library_hours:11:2026-09,7a3cdd76a0a9f78138ba2c2e991c672d30a7de02774414bec3af8d727bb86144
library_hours:11:2026-09-30,https://hours.library.ubc.ca/#chapman,vancouver,2026-09-10T23:22:28Z,library_hours:11,11,2026-09-30,America/Vancouver,holiday,Closed* (NDTR),closed,,,,library_hours:11:2026-09,43dd9e139f25549bd44f736cab7406a96ad7f65541a176f71de9aa3af3f73654
library_hours:11:2026-10-01,https://hours.library.ubc.ca/#chapman,vancouver,2026-09-10T23:22:28Z,library_hours:11,11,2026-10-01,America/Vancouver,regular,9am - 10pm,open,09:00,22:00,False,library_hours:11:2026-10,20db4cd06029510d585b506c1d3072a27a2179fc3a144722b70584527a1731a1
library_hours:11:2026-10-02,https://hours.library.ubc.ca/#chapman,vancouver,2026-09-10T23:22:28Z,library_hours:11,11,2026-10-02,America/Vancouver,regular,9am - 6pm,open,09:00,18:00,False,library_hours:11:2026-10,0d1aca6b8938d5879d3aaa49fcf88d5dbfb904ccf120388f1ebd862e7d25c2be
library_hours:11:2026-10-03,https://hours.library.ubc.ca/#chapman,vancouver,2026-09-10T23:22:28Z,library_hours:11,11,2026-10-03,America/Vancouver,regular,11am - 6pm,open,11:00,18:00,False,library_hours:11:2026-10,4c7412a3f02f856005b458aa8b8d296b4d926c5fbe4432ee67d61ec89be9da94
library_hours:11:2026-10-04,https://hours.library.ubc.ca/#chapman,vancouver,2026-09-10T23:22:28Z,library_hours:11,11,2026-10-04,America/Vancouver,regular,11am - 6pm,open,11:00,18:00,False,library_hours:11:2026-10,aa0f7365c9848373522951a69274675cb047be941e73b116774e7a97b1a7e5a4
library_hours:11:2026-10-05,https://hours.library.ubc.ca/#chapman,vancouver,2026-09-10T23:22:28Z,library_hours:11,11,2026-10-05,America/Vancouver,regular,9am - 10pm,open,09:00,22:00,False,library_hours:11:2026-10,e3900e692671d01d7588c790ce75af0ab7c4bf1a1c8e746219403fd5d29c20f1
library_hours:11:2026-10-06,https://hours.library.ubc.ca/#chapman,vancouver,2026-09-10T23:22:28Z,library_hours:11,11,2026-10-06,America/Vancouver,regular,9am - 10pm,open,09:00,22:00,False,library_hours:11:2026-10,1e09f2561758a78de0291e4279318ae468024d1ed80a3bd0269c04b10d5254e1
library_hours:11:2026-10-07,https://hours.library.ubc.ca/#chapman,vancouver,2026-09-10T23:22:28Z,library_hours:11,11,2026-10-07,America/Vancouver,regular,9am - 10pm,open,09:00,22:00,False,library_hours:11:2026-10,7def469729d255815951d81b2cce74c7e53d8c9a2ec1f111b7c33d005d5dd423
library_hours:11:2026-10-08,https://hours.library.ubc.ca/#chapman,vancouver,2026-09-10T23:22:28Z,library_hours:11,11,2026-10-08,America/Vancouver,regular,9am - 10pm,open,09:00,22:00,False,library_hours:11:2026-10,d302fa56a043882a9fe360670d30b0738bdecd9a17e09fed75d57e7ef3e9e8c9
library_hours:11:2026-10-09,https://hours.library.ubc.ca/#chapman,vancouver,2026-09-10T23:22:28Z,library_hours:11,11,2026-10-09,America/Vancouver,regular,9am - 6pm,open,09:00,18:00,False,library_hours:11:2026-10,23df5e01cf132ee613231960bf8323a174e17a442312bb386a5c4bc4aba75359
library_hours:11:2026-10-10,https://hours.library.ubc.ca/#chapman,vancouver,2026-09-10T23:22:28Z,library_hours:11,11,2026-10-10,America/Vancouver,regular,11am - 6pm,open,11:00,18:00,False,library_hours:11:2026-10,c595d94ec230e6a4f56ed277e68a244abeeff49bb85255739b2f11a7d7a11589
library_hours:11:2026-10-11,https://hours.library.ubc.ca/#chapman,vancouver,2026-09-10T23:22:28Z,library_hours:11,11,2026-10-11,America/Vancouver,regular,11am - 6pm,open,11:00,18:00,False,library_hours:11:2026-10,6696b19752288832e0ebf9adf43db4034e34635d490dbf402ac9961611cc0e1a
library_hours:11:2026-10-12,https://hours.library.ubc.ca/#chapman,vancouver,2026-09-10T23:22:28Z,library_hours:11,11,2026-10-12,America/Vancouver,holiday,Closed* (Thanksgiving),closed,,,,library_hours:11:2026-10,83a616d32d283692cc5f777d8c185d06c21f9df4773720368c89af3237cdd9cc
library_hours:11:2026-10-13,https://hours.library.ubc.ca/#chapman,vancouver,2026-09-10T23:22:28Z,library_hours:11,11,2026-10-13,America/Vancouver,regular,9am - 10pm,open,09:00,22:00,False,library_hours:11:2026-10,a7697f7ba72b20bd21824d0983e6518bf07bd3b0527a60ed8a7b89b7305b2b62
library_hours:11:2026-10-14,https://hours.library.ubc.ca/#chapman,vancouver,2026-09-10T23:22:28Z,library_hours:11,11,2026-10-14,America/Vancouver,regular,9am - 10pm,open,09:00,22:00,False,library_hours:11:2026-10,8d241a67bed8714c3a173efb420f33d46020457093f5b48aa7a536b950babc68
library_hours:11:2026-10-15,https://hours.library.ubc.ca/#chapman,vancouver,2026-09-10T23:22:28Z,library_hours:11,11,2026-10-15,America/Vancouver,regular,9am - 10pm,open,09:00,22:00,False,library_hours:11:2026-10,91f33a532c491f31cd90e7dd2f3a282043d026e69e2b70cbbca60708ca7710c9
library_hours:11:2026-10-16,https://hours.library.ubc.ca/#chapman,vancouver,2026-09-10T23:22:28Z,library_hours:11,11,2026-10-16,America/Vancouver,regular,9am - 6pm,open,09:00,18:00,False,library_hours:11:2026-10,05eb1f1a6f8cfd3457341f789749ec65835446d5e292f488a1c139fb29973d8d
library_hours:11:2026-10-17,https://hours.library.ubc.ca/#chapman,vancouver,2026-09-10T23:22:28Z,library_hours:11,11,2026-10-17,America/Vancouver,regular,11am - 6pm,open,11:00,18:00,False,library_hours:11:2026-10,9a0759a44c553c4c219f414dde339b5cf0caf55c564cc974dc7ae3f21d0065a4
library_hours:11:2026-10-18,https://hours.library.ubc.ca/#chapman,vancouver,2026-09-10T23:22:28Z,library_hours:11,11,2026-10-18,America/Vancouver,regular,11am - 6pm,open,11:00,18:00,False,library_hours:11:2026-10,6eb445c3b1558c9486ddb1495001bb625a833605e721baffed5ec3ee40bd304f
library_hours:11:2026-10-19,https://hours.library.ubc.ca/#chapman,vancouver,2026-09-10T23:22:28Z,library_hours:11,11,2026-10-19,America/Vancouver,regular,9am - 10pm,open,09:00,22:00,False,library_hours:11:2026-10,75fb675863cd477d949af2bf54217afa8803504d62c4aec9137b8d3b3f741d64
library_hours:11:2026-10-20,https://hours.library.ubc.ca/#chapman,vancouver,2026-09-10T23:22:28Z,library_hours:11,11,2026-10-20,America/Vancouver,regular,9am - 10pm,open,09:00,22:00,False,library_hours:11:2026-10,8a8d7d91468649d26a58d45c674dd00c0fac358eff6ece0a8717d19a91609956
library_hours:11:2026-10-21,https://hours.library.ubc.ca/#chapman,vancouver,2026-09-10T23:22:28Z,library_hours:11,11,2026-10-21,America/Vancouver,regular,9am - 10pm,open,09:00,22:00,False,library_hours:11:2026-10,591edfb52beb4542ac215b8a82d0502d8e6f2f13327a85947d4db9b114dad373
library_hours:11:2026-10-22,https://hours.library.ubc.ca/#chapman,vancouver,2026-09-10T23:22:28Z,library_hours:11,11,2026-10-22,America/Vancouver,regular,9am - 10pm,open,09:00,22:00,False,library_hours:11:2026-10,f3ce371dec0a2ac31ba3019cb5fe2c94668543a497564ae7f790fb6f335c9672
library_hours:11:2026-10-23,https://hours.library.ubc.ca/#chapman,vancouver,2026-09-10T23:22:28Z,library_hours:11,11,2026-10-23,America/Vancouver,regular,9am - 6pm,open,09:00,18:00,False,library_hours:11:2026-10,0b66a673e5451723a0715e74fc8c56999a96735f3366ae08b2cad4946be54ed1
library_hours:11:2026-10-24,https://hours.library.ubc.ca/#chapman,vancouver,2026-09-10T23:22:28Z,library_hours:11,11,2026-10-24,America/Vancouver,regular,11am - 6pm,open,11:00,18:00,False,library_hours:11:2026-10,8a7da9d20db50256f80fdec337c0494abbfed364bf55c4f520e06e98c9d9de63
library_hours:11:2026-10-25,https://hours.library.ubc.ca/#chapman,vancouver,2026-09-10T23:22:28Z,library_hours:11,11,2026-10-25,America/Vancouver,regular,11am - 6pm,open,11:00,18:00,False,library_hours:11:2026-10,c8cf22c6f52bc77f56a63df37d0fb33dcf242af77d5f80c99f194487b3426325
library_hours:11:2026-10-26,https://hours.library.ubc.ca/#chapman,vancouver,2026-09-10T23:22:28Z,library_hours:11,11,2026-10-26,America/Vancouver,regular,9am - 10pm,open,09:00,22:00,False,library_hours:11:2026-10,29636acf08614ccbf87a118ed8e9f31e9ea92fe671e6df72da22ff739bc92228
library_hours:11:2026-10-27,https://hours.library.ubc.ca/#chapman,vancouver,2026-09-10T23:22:28Z,library_hours:11,11,2026-10-27,America/Vancouver,regular,9am - 10pm,open,09:00,22:00,False,library_hours:11:2026-10,74670bd9afe5956fb96f6411d89dbf0104e785d3b3709497a55b5684da192a97
library_hours:11:2026-10-28,https://hours.library.ubc.ca/#chapman,vancouver,2026-09-10T23:22:28Z,library_hours:11,11,2026-10-28,America/Vancouver,regular,9am - 10pm,open,09:00,22:00,False,library_hours:11:2026-10,50acae2bd6f604e7cb004603322a72a91755f8312da4e2b6e7df8a9b4940b900
library_hours:11:2026-10-29,https://hours.library.ubc.ca/#chapman,vancouver,2026-09-10T23:22:28Z,library_hours:11,11,2026-10-29,America/Vancouver,regular,9am - 10pm,open,09:00,22:00,False,library_hours:11:2026-10,0d36a5ad89283f1342eb01ef4b9a58c7c51010cfbe1e2914feff8dab45182b65
library_hours:11:2026-10-30,https://hours.library.ubc.ca/#chapman,vancouver,2026-09-10T23:22:28Z,library_hours:11,11,2026-10-30,America/Vancouver,regular,9am - 6pm,open,09:00,18:00,False,library_hours:11:2026-10,1f1aee93058a859aead74a44a7a723f7aea2482f80326fe11f8734544a797f20
library_hours:11:2026-10-31,https://hours.library.ubc.ca/#chapman,vancouver,2026-09-10T23:22:28Z,library_hours:11,11,2026-10-31,America/Vancouver,regular,11am - 6pm,open,11:00,18:00,False,library_hours:11:2026-10,ef86558b77f32b40a2c36775f667228e51ed040238c95473539d1ce457fc655e
library_hours:11:2026-11-01,https://hours.library.ubc.ca/#chapman,vancouver,2026-09-10T23:22:28Z,library_hours:11,11,2026-11-01,America/Vancouver,regular,11am - 6pm,open,11:00,18:00,False,library_hours:11:2026-11,ca50327502297aedc810631cb878bef7ac07da5bb385304e3eb87d4729fa874b
library_hours:11:2026-11-02,https://hours.library.ubc.ca/#chapman,vancouver,2026-09-10T23:22:28Z,library_hours:11,11,2026-11-02,America/Vancouver,regular,9am - 10pm,open,09:00,22:00,False,library_hours:11:2026-11,5861f637c877f30015110c9c1171ed9e9fc25edd606f36fe9426dc220ac8bd8b
library_hours:11:2026-11-03,https://hours.library.ubc.ca/#chapman,vancouver,2026-09-10T23:22:28Z,library_hours:11,11,2026-11-03,America/Vancouver,regular,9am - 10pm,open,09:00,22:00,False,library_hours:11:2026-11,799f16adbab3a334c1d484a492493a00078abcf4494cda90b62b8eeb328222a5
library_hours:11:2026-11-04,https://hours.library.ubc.ca/#chapman,vancouver,2026-09-10T23:22:28Z,library_hours:11,11,2026-11-04,America/Vancouver,regular,9am - 10pm,open,09:00,22:00,False,library_hours:11:2026-11,a3f766ba4542c9b36cc0109783f4066a82961f9432a743a30521a1efe3c796a2
library_hours:11:2026-11-05,https://hours.library.ubc.ca/#chapman,vancouver,2026-09-10T23:22:28Z,library_hours:11,11,2026-11-05,America/Vancouver,regular,9am - 10pm,open,09:00,22:00,False,library_hours:11:2026-11,b796fe8d08212496d3879aaa9a367380fcd3a23d9eeb3a9a927db4682620e906
library_hours:11:2026-11-06,https://hours.library.ubc.ca/#chapman,vancouver,2026-09-10T23:22:28Z,library_hours:11,11,2026-11-06,America/Vancouver,regular,9am - 6pm,open,09:00,18:00,False,library_hours:11:2026-11,fdec15e90526edeeab34f34c92c850bb763ebae744e91d2c2d8b8ed05a8ef122
library_hours:11:2026-11-07,https://hours.library.ubc.ca/#chapman,vancouver,2026-09-10T23:22:28Z,library_hours:11,11,2026-11-07,America/Vancouver,regular,11am - 6pm,open,11:00,18:00,False,library_hours:11:2026-11,ca08d685d88f7a48c59a9c70039f1fbf2eca0ed3c9983da9829d3e9b34aa6d77
library_hours:11:2026-11-08,https://hours.library.ubc.ca/#chapman,vancouver,2026-09-10T23:22:28Z,library_hours:11,11,2026-11-08,America/Vancouver,regular,11am - 6pm,open,11:00,18:00,False,library_hours:11:2026-11,4c086a5a08b11d555edac6a950a3661a00dc129d2bb2d7e5c5aa8f58da053e3d
library_hours:11:2026-11-09,https://hours.library.ubc.ca/#chapman,vancouver,2026-09-10T23:22:28Z,library_hours:11,11,2026-11-09,America/Vancouver,exception,10am - 6pm,open,10:00,18:00,False,library_hours:11:2026-11,eb31fbb9e4c722c54ab56c8988e58fe6b2d56c4b348eeef4d92ec9e21152118a
library_hours:11:2026-11-10,https://hours.library.ubc.ca/#chapman,vancouver,2026-09-10T23:22:28Z,library_hours:11,11,2026-11-10,America/Vancouver,exception,10am - 6pm,open,10:00,18:00,False,library_hours:11:2026-11,54f7f785ed6715a26ec1fba4a06745bc0d69a241e1dda18b66ad51aa3a6b0b49
library_hours:11:2026-11-11,https://hours.library.ubc.ca/#chapman,vancouver,2026-09-10T23:22:28Z,library_hours:11,11,2026-11-11,America/Vancouver,holiday,Closed* (Remembrance Day ),closed,,,,library_hours:11:2026-11,902bf524bddd2f8176e215ccd653af9b53ea5b2575c4dd2ca7b189596f0f43df
library_hours:11:2026-11-12,https://hours.library.ubc.ca/#chapman,vancouver,2026-09-10T23:22:28Z,library_hours:11,11,2026-11-12,America/Vancouver,regular,9am - 10pm,open,09:00,22:00,False,library_hours:11:2026-11,948373d28f0307c8bced07463fc830f4da927844c22d4168d4946fd49467fa83
library_hours:11:2026-11-13,https://hours.library.ubc.ca/#chapman,vancouver,2026-09-10T23:22:28Z,library_hours:11,11,2026-11-13,America/Vancouver,regular,9am - 6pm,open,09:00,18:00,False,library_hours:11:2026-11,02844812a9a7bfe5a627c454a8ca9a772d0de38e7ee1184df09abc34f2c011ce
library_hours:11:2026-11-14,https://hours.library.ubc.ca/#chapman,vancouver,2026-09-10T23:22:28Z,library_hours:11,11,2026-11-14,America/Vancouver,regular,11am - 6pm,open,11:00,18:00,False,library_hours:11:2026-11,1a3a572c11640b1d71f3f34ff79f9ee3cbc874127c5191d92c2302affe4029dc
library_hours:11:2026-11-15,https://hours.library.ubc.ca/#chapman,vancouver,2026-09-10T23:22:28Z,library_hours:11,11,2026-11-15,America/Vancouver,regular,11am - 6pm,open,11:00,18:00,False,library_hours:11:2026-11,3f78766a76dff5a6c216813a04e468404ac68791c0b933b9b7e178ea34b3d122
library_hours:11:2026-11-16,https://hours.library.ubc.ca/#chapman,vancouver,2026-09-10T23:22:28Z,library_hours:11,11,2026-11-16,America/Vancouver,regular,9am - 10pm,open,09:00,22:00,False,library_hours:11:2026-11,9eefa0e2baebae148cae4791642ca0f36d121cfef49910bc5666859e0dad4a77
library_hours:11:2026-11-17,https://hours.library.ubc.ca/#chapman,vancouver,2026-09-10T23:22:28Z,library_hours:11,11,2026-11-17,America/Vancouver,regular,9am - 10pm,open,09:00,22:00,False,library_hours:11:2026-11,bd85bd3b42b545b450adf7cff89fb6188e140deadf6c091e1788c378b81f4f2d
library_hours:11:2026-11-18,https://hours.library.ubc.ca/#chapman,vancouver,2026-09-10T23:22:28Z,library_hours:11,11,2026-11-18,America/Vancouver,regular,9am - 10pm,open,09:00,22:00,False,library_hours:11:2026-11,29f5986a4cf23e7fbce7026266c32ee7baae0702f2018936c5b6acb95d2a16e4
library_hours:11:2026-11-19,https://hours.library.ubc.ca/#chapman,vancouver,2026-09-10T23:22:28Z,library_hours:11,11,2026-11-19,America/Vancouver,regular,9am - 10pm,open,09:00,22:00,False,library_hours:11:2026-11,f3b5c365f514e93a1e690fb2e24460ffb4ccdbb42b16729dfd91d5df4733abcc
library_hours:11:2026-11-20,https://hours.library.ubc.ca/#chapman,vancouver,2026-09-10T23:22:28Z,library_hours:11,11,2026-11-20,America/Vancouver,regular,9am - 6pm,open,09:00,18:00,False,library_hours:11:2026-11,965f75bedd28af0f5b8ed9819ac6908c3673a8a9ff77a42a7d57c97eb7dd74bd
library_hours:11:2026-11-21,https://hours.library.ubc.ca/#chapman,vancouver,2026-09-10T23:22:28Z,library_hours:11,11,2026-11-21,America/Vancouver,regular,11am - 6pm,open,11:00,18:00,False,library_hours:11:2026-11,f4d4ebcadf91a4be6b4c1a1b320dcfc320317964b0c88899b916569d9d6b5475
library_hours:11:2026-11-22,https://hours.library.ubc.ca/#chapman,vancouver,2026-09-10T23:22:28Z,library_hours:11,11,2026-11-22,America/Vancouver,regular,11am - 6pm,open,11:00,18:00,False,library_hours:11:2026-11,e386f956df4dac4b085a6e9f72a2108a0e3d681bb5ed3a576d63d1343560bbc2
library_hours:11:2026-11-23,https://hours.library.ubc.ca/#chapman,vancouver,2026-09-10T23:22:28Z,library_hours:11,11,2026-11-23,America/Vancouver,regular,9am - 10pm,open,09:00,22:00,False,library_hours:11:2026-11,6f514a0fcf08ff088c9396855aecbf402e950a5b6dae885e85c1f422d29a0878
library_hours:11:2026-11-24,https://hours.library.ubc.ca/#chapman,vancouver,2026-09-10T23:22:28Z,library_hours:11,11,2026-11-24,America/Vancouver,regular,9am - 10pm,open,09:00,22:00,False,library_hours:11:2026-11,737d890b8465c00e71ff89286b01f3863f4a73b7374859f96f2f23d9c7a31455
library_hours:11:2026-11-25,https://hours.library.ubc.ca/#chapman,vancouver,2026-09-10T23:22:28Z,library_hours:11,11,2026-11-25,America/Vancouver,regular,9am - 10pm,open,09:00,22:00,False,library_hours:11:2026-11,bdc1c1ef39e7a72d8a7ae07cf3853945876f80294cf1d31bb1534d2e4409d4d8
library_hours:11:2026-11-26,https://hours.library.ubc.ca/#chapman,vancouver,2026-09-10T23:22:28Z,library_hours:11,11,2026-11-26,America/Vancouver,regular,9am - 10pm,open,09:00,22:00,False,library_hours:11:2026-11,f9b259441b1b4b00fc9cc49264355c98a2487ac0984539c9ee272575387d08bc
library_hours:11:2026-11-27,https://hours.library.ubc.ca/#chapman,vancouver,2026-09-10T23:22:28Z,library_hours:11,11,2026-11-27,America/Vancouver,regular,9am - 6pm,open,09:00,18:00,False,library_hours:11:2026-11,ff65ed8400827b97840e138ac1f62666cee214c03e4095c2713c2db5551b369f
library_hours:11:2026-11-28,https://hours.library.ubc.ca/#chapman,vancouver,2026-09-10T23:22:28Z,library_hours:11,11,2026-11-28,America/Vancouver,regular,11am - 6pm,open,11:00,18:00,False,library_hours:11:2026-11,fbbaafbf0c83ef04939466b14e324cb4792d1bf801430695e5117a9c082fe4bb
library_hours:11:2026-11-29,https://hours.library.ubc.ca/#chapman,vancouver,2026-09-10T23:22:28Z,library_hours:11,11,2026-11-29,America/Vancouver,regular,11am - 6pm,open,11:00,18:00,False,library_hours:11:2026-11,82c87952a1bf7b7e9ca78c8b1d77f92ad07fe43b668c44f6dd500a7f680a828f
library_hours:11:2026-11-30,https://hours.library.ubc.ca/#chapman,vancouver,2026-09-10T23:22:28Z,library_hours:11,11,2026-11-30,America/Vancouver,regular,9am - 10pm,open,09:00,22:00,False,library_hours:11:2026-11,eb9ac0e0d779920307325e2d8d61d22e43b5f6af0c22f6210140d76b39138d3d
library_hours:11:2026-12-01,https://hours.library.ubc.ca/#chapman,vancouver,2026-09-10T23:22:28Z,library_hours:11,11,2026-12-01,America/Vancouver,regular,9am - 10pm,open,09:00,22:00,False,library_hours:11:2026-12,a842d2f9c110eacefde2f69928ae3167e452acca23ed49ac1ebf84b41493b6e2
library_hours:11:2026-12-02,https://hours.library.ubc.ca/#chapman,vancouver,2026-09-10T23:22:28Z,library_hours:11,11,2026-12-02,America/Vancouver,regular,9am - 10pm,open,09:00,22:00,False,library_hours:11:2026-12,ad82fafe1ff931688e2546f42ba2340ccb0684d3ec13e465f4d42c7ce2db1ef6
library_hours:11:2026-12-03,https://hours.library.ubc.ca/#chapman,vancouver,2026-09-10T23:22:28Z,library_hours:11,11,2026-12-03,America/Vancouver,regular,9am - 10pm,open,09:00,22:00,False,library_hours:11:2026-12,13a952093ad305260d523375ce0c4ac6f61f10f2177b8056a84d9b09ab711e6c
library_hours:11:2026-12-04,https://hours.library.ubc.ca/#chapman,vancouver,2026-09-10T23:22:28Z,library_hours:11,11,2026-12-04,America/Vancouver,regular,9am - 6pm,open,09:00,18:00,False,library_hours:11:2026-12,c9fa7758652764f49bacfb850e67eeccdf2a4bcb5f66934c3f88ef681d005759
library_hours:11:2026-12-05,https://hours.library.ubc.ca/#chapman,vancouver,2026-09-10T23:22:28Z,library_hours:11,11,2026-12-05,America/Vancouver,regular,11am - 6pm,open,11:00,18:00,False,library_hours:11:2026-12,9576b6a1903d479306ea221f8d96d664b7e62debff22bcf9af62a3934583828c
library_hours:11:2026-12-06,https://hours.library.ubc.ca/#chapman,vancouver,2026-09-10T23:22:28Z,library_hours:11,11,2026-12-06,America/Vancouver,regular,11am - 6pm,open,11:00,18:00,False,library_hours:11:2026-12,355aadc35287c8eba3d587b81ff3f15ce1713e1520b749dfc5109c5ae104817b
library_hours:11:2026-12-07,https://hours.library.ubc.ca/#chapman,vancouver,2026-09-10T23:22:28Z,library_hours:11,11,2026-12-07,America/Vancouver,regular,9am - 10pm,open,09:00,22:00,False,library_hours:11:2026-12,a5c2e2200f0dcf29108b541a2b04cd75bfeecc1aff736175d57a203d92081840
library_hours:11:2026-12-08,https://hours.library.ubc.ca/#chapman,vancouver,2026-09-10T23:22:28Z,library_hours:11,11,2026-12-08,America/Vancouver,regular,9am - 10pm,open,09:00,22:00,False,library_hours:11:2026-12,b3e5c8e520c90ad0c1f7830eae360fe3e8f032e23362971693c554395dc75331
library_hours:11:2026-12-09,https://hours.library.ubc.ca/#chapman,vancouver,2026-09-10T23:22:28Z,library_hours:11,11,2026-12-09,America/Vancouver,regular,9am - 10pm,open,09:00,22:00,False,library_hours:11:2026-12,831236dbdbf7d80254028456671ad7bc07eeaa692fab7df99badbf39797eee06
library_hours:11:2026-12-10,https://hours.library.ubc.ca/#chapman,vancouver,2026-09-10T23:22:28Z,library_hours:11,11,2026-12-10,America/Vancouver,regular,9am - 10pm,open,09:00,22:00,False,library_hours:11:2026-12,5d5d199158099e9248a9db80361084b9b3917f76b42deaafd9104bf1890a7dad
library_hours:11:2026-12-11,https://hours.library.ubc.ca/#chapman,vancouver,2026-09-10T23:22:28Z,library_hours:11,11,2026-12-11,America/Vancouver,regular,9am - 6pm,open,09:00,18:00,False,library_hours:11:2026-12,79d41b903a1e4bba60437e57939e12f3e68ca4693893cd5b566551e438b16214
library_hours:11:2026-12-12,https://hours.library.ubc.ca/#chapman,vancouver,2026-09-10T23:22:28Z,library_hours:11,11,2026-12-12,America/Vancouver,regular,11am - 6pm,open,11:00,18:00,False,library_hours:11:2026-12,3c50664f3b1e8ac936b2d9f4606bc25b4642db21fc4af69ea69e920e7852e4cc
library_hours:11:2026-12-13,https://hours.library.ubc.ca/#chapman,vancouver,2026-09-10T23:22:28Z,library_hours:11,11,2026-12-13,America/Vancouver,regular,11am - 6pm,open,11:00,18:00,False,library_hours:11:2026-12,c28022e3b243471b27fcabb8f27c7191d75bcaabd6f9e75aebc9834c57104b74
library_hours:11:2026-12-14,https://hours.library.ubc.ca/#chapman,vancouver,2026-09-10T23:22:28Z,library_hours:11,11,2026-12-14,America/Vancouver,regular,9am - 10pm,open,09:00,22:00,False,library_hours:11:2026-12,77a853a9ba3dfc47044760d82177893fa2c0fe3142150d72d89558332e6de8da
library_hours:11:2026-12-15,https://hours.library.ubc.ca/#chapman,vancouver,2026-09-10T23:22:28Z,library_hours:11,11,2026-12-15,America/Vancouver,regular,9am - 10pm,open,09:00,22:00,False,library_hours:11:2026-12,96f94bc27d3a328093faf90e6fc6c6251d9d6d52934cda5dc6f6a7efab51cb24
library_hours:11:2026-12-16,https://hours.library.ubc.ca/#chapman,vancouver,2026-09-10T23:22:28Z,library_hours:11,11,2026-12-16,America/Vancouver,regular,9am - 10pm,open,09:00,22:00,False,library_hours:11:2026-12,2373b85e6372cdb87a531ec25c0dd3a5dad7a571ca4ebaa2d2cf46ae40f17bda
library_hours:11:2026-12-17,https://hours.library.ubc.ca/#chapman,vancouver,2026-09-10T23:22:28Z,library_hours:11,11,2026-12-17,America/Vancouver,regular,9am - 10pm,open,09:00,22:00,False,library_hours:11:2026-12,74e4df794436b1499ac24cf4cee1193e0949cc630880c58895a5e8dda40dfe8d
library_hours:11:2026-12-18,https://hours.library.ubc.ca/#chapman,vancouver,2026-09-10T23:22:28Z,library_hours:11,11,2026-12-18,America/Vancouver,regular,9am - 6pm,open,09:00,18:00,False,library_hours:11:2026-12,70d9e844b69d9c0cbb09de6473adfe50b76f41f15cac421182bf47fb4d37257b
library_hours:11:2026-12-19,https://hours.library.ubc.ca/#chapman,vancouver,2026-09-10T23:22:28Z,library_hours:11,11,2026-12-19,America/Vancouver,regular,11am - 6pm,open,11:00,18:00,False,library_hours:11:2026-12,e2fe68c4413c70dfe1bef9d662d1926d3f553c4b05edabe6276b363ca12e1638
library_hours:11:2026-12-20,https://hours.library.ubc.ca/#chapman,vancouver,2026-09-10T23:22:28Z,library_hours:11,11,2026-12-20,America/Vancouver,regular,11am - 6pm,open,11:00,18:00,False,library_hours:11:2026-12,97854e9cb819dd6d996014037d9a049f03337a1700bff7c34cab9d42c3d12041
library_hours:11:2026-12-21,https://hours.library.ubc.ca/#chapman,vancouver,2026-09-10T23:22:28Z,library_hours:11,11,2026-12-21,America/Vancouver,regular,9am - 10pm,open,09:00,22:00,False,library_hours:11:2026-12,aaf51f5bc810552cd4ee19209fbfabd4bb8e1916b7b4c13dc16e69b780db3561
library_hours:11:2026-12-22,https://hours.library.ubc.ca/#chapman,vancouver,2026-09-10T23:22:28Z,library_hours:11,11,2026-12-22,America/Vancouver,regular,9am - 10pm,open,09:00,22:00,False,library_hours:11:2026-12,9aa0bc1e5757144f906c7a0c7eb761e347047fd579bb03ceb6f8da9bd31279fe
library_hours:11:2026-12-23,https://hours.library.ubc.ca/#chapman,vancouver,2026-09-10T23:22:28Z,library_hours:11,11,2026-12-23,America/Vancouver,holiday,10am - 6pm,open,10:00,18:00,False,library_hours:11:2026-12,02c3e16061bbc9e758870a0affb990ec4cb1cb4f9e8bd100dab4b8d22ee1daf8
library_hours:11:2026-12-24,https://hours.library.ubc.ca/#chapman,vancouver,2026-09-10T23:22:28Z,library_hours:11,11,2026-12-24,America/Vancouver,holiday,10am - 6pm,open,10:00,18:00,False,library_hours:11:2026-12,10ee1ea1742d88511e4c1e5106ffa90844eb130e87018632d5034c76422071c6
library_hours:11:2026-12-25,https://hours.library.ubc.ca/#chapman,vancouver,2026-09-10T23:22:28Z,library_hours:11,11,2026-12-25,America/Vancouver,holiday,Closed*,closed,,,,library_hours:11:2026-12,a8c1be1f7db2b35d07e8f41bf92b22da63bbd602a4183dad1ea8d3a1e97739a3
library_hours:11:2026-12-26,https://hours.library.ubc.ca/#chapman,vancouver,2026-09-10T23:22:28Z,library_hours:11,11,2026-12-26,America/Vancouver,holiday,Closed*,closed,,,,library_hours:11:2026-12,37ac0c8df5947057ad72972237bf90f40a71287b6961ddf843249457b805ebd1
library_hours:11:2026-12-27,https://hours.library.ubc.ca/#chapman,vancouver,2026-09-10T23:22:28Z,library_hours:11,11,2026-12-27,America/Vancouver,holiday,Closed*,closed,,,,library_hours:11:2026-12,6ca35588f37a7c912b7317c4bf6f3fbe0d899d5e76f42252327ea2a440194c95
library_hours:11:2026-12-28,https://hours.library.ubc.ca/#chapman,vancouver,2026-09-10T23:22:28Z,library_hours:11,11,2026-12-28,America/Vancouver,holiday,Closed*,closed,,,,library_hours:11:2026-12,b098772d9ac4d07b9981d4247f04b47ebb5bcd8e783eaab257aacb073f1876e3
library_hours:11:2026-12-29,https://hours.library.ubc.ca/#chapman,vancouver,2026-09-10T23:22:28Z,library_hours:11,11,2026-12-29,America/Vancouver,holiday,Closed*,closed,,,,library_hours:11:2026-12,825d41ccebd20970f912f79bd3e9301b91ae12f482e105b62e90b84697b418e8
library_hours:11:2026-12-30,https://hours.library.ubc.ca/#chapman,vancouver,2026-09-10T23:22:28Z,library_hours:11,11,2026-12-30,America/Vancouver,holiday,Closed*,closed,,,,library_hours:11:2026-12,5bdfaeb04edd3c4c0c5ce65e70bf502819a3e704e984a11349235ab00e148c90
library_hours:11:2026-12-31,https://hours.library.ubc.ca/#chapman,vancouver,2026-09-10T23:22:28Z,library_hours:11,11,2026-12-31,America/Vancouver,holiday,Closed*,closed,,,,library_hours:11:2026-12,3d2c80b4c1a992cc93aa2831c7f7499a1e66d98a4f28716ee3f2819de64579be
library_hours:13:2026-09-01,https://hours.library.ubc.ca/#rbsc,vancouver,2026-09-10T23:22:28Z,library_hours:13,13,2026-09-01,America/Vancouver,exception,9am - 3pm,open,09:00,15:00,False,library_hours:13:2026-09,afe8af059377769a5137cae7e517bd8a4f2eae83d9f6111e915aa0a02b1e6d0b
library_hours:13:2026-09-02,https://hours.library.ubc.ca/#rbsc,vancouver,2026-09-10T23:22:28Z,library_hours:13,13,2026-09-02,America/Vancouver,exception,9am - 3pm,open,09:00,15:00,False,library_hours:13:2026-09,20f5779913cb59930a63530553afa72716b18eeabfdd945ce51b9d6aa073a4f2
library_hours:13:2026-09-03,https://hours.library.ubc.ca/#rbsc,vancouver,2026-09-10T23:22:28Z,library_hours:13,13,2026-09-03,America/Vancouver,exception,9am - 3pm,open,09:00,15:00,False,library_hours:13:2026-09,89dd3c67efb099ba62b5b8d69fb8728546a9444204286777c880c776afedd5f3
library_hours:13:2026-09-04,https://hours.library.ubc.ca/#rbsc,vancouver,2026-09-10T23:22:28Z,library_hours:13,13,2026-09-04,America/Vancouver,exception,9am - 3pm,open,09:00,15:00,False,library_hours:13:2026-09,d1d55455ef45fb5bd72f60b13bc72d2f8bf269c8991ce11fab6daa42c859d742
library_hours:13:2026-09-05,https://hours.library.ubc.ca/#rbsc,vancouver,2026-09-10T23:22:28Z,library_hours:13,13,2026-09-05,America/Vancouver,exception,Closed*,closed,,,,library_hours:13:2026-09,10183979feeb974a60cb040d6f9f10cc8422d07739858752e9ccc08ef4dbf17c
library_hours:13:2026-09-06,https://hours.library.ubc.ca/#rbsc,vancouver,2026-09-10T23:22:28Z,library_hours:13,13,2026-09-06,America/Vancouver,exception,Closed*,closed,,,,library_hours:13:2026-09,2401cb759f4627721f2dde55d9a8642a2546f40bc670dc37872a92ba7b39d09f
library_hours:13:2026-09-07,https://hours.library.ubc.ca/#rbsc,vancouver,2026-09-10T23:22:28Z,library_hours:13,13,2026-09-07,America/Vancouver,holiday,Closed* (Labour Day),closed,,,,library_hours:13:2026-09,7587a0a64980b235b0d4523895274334a9d390ae183d6513edea5454dd6a4c33
library_hours:13:2026-09-08,https://hours.library.ubc.ca/#rbsc,vancouver,2026-09-10T23:22:28Z,library_hours:13,13,2026-09-08,America/Vancouver,regular,9am - 3pm,open,09:00,15:00,False,library_hours:13:2026-09,69ec208825d62622870f0de21885ebda5333c68f9e3db67c07ee0357d62596ec
library_hours:13:2026-09-09,https://hours.library.ubc.ca/#rbsc,vancouver,2026-09-10T23:22:28Z,library_hours:13,13,2026-09-09,America/Vancouver,regular,9am - 3pm,open,09:00,15:00,False,library_hours:13:2026-09,56097fe76f583046f976510761a4aba75edae7bce8a33c2598c43c759b547c18
library_hours:13:2026-09-10,https://hours.library.ubc.ca/#rbsc,vancouver,2026-09-10T23:22:28Z,library_hours:13,13,2026-09-10,America/Vancouver,regular,9am - 3pm,open,09:00,15:00,False,library_hours:13:2026-09,4db22a56c4ceeadea7694d7580e51908764a898eca89b1ed1663b34e06ea7242
library_hours:13:2026-09-11,https://hours.library.ubc.ca/#rbsc,vancouver,2026-09-10T23:22:28Z,library_hours:13,13,2026-09-11,America/Vancouver,regular,9am - 3pm,open,09:00,15:00,False,library_hours:13:2026-09,f3e01c783efdd01e029c0365c3a81c92b2ba0ae0e8f2d846ec3c3951649e4c2c
library_hours:13:2026-09-12,https://hours.library.ubc.ca/#rbsc,vancouver,2026-09-10T23:22:28Z,library_hours:13,13,2026-09-12,America/Vancouver,regular,Closed*,closed,,,,library_hours:13:2026-09,d58bdff0c35e50381a29859bff7317194cbd8cb4584094f15917b18378190c42
library_hours:13:2026-09-13,https://hours.library.ubc.ca/#rbsc,vancouver,2026-09-10T23:22:28Z,library_hours:13,13,2026-09-13,America/Vancouver,regular,Closed*,closed,,,,library_hours:13:2026-09,3c87676277b301c74a05e92c34ee73e9aca4e0118a37f45a6d2170d45bdf50c9
library_hours:13:2026-09-14,https://hours.library.ubc.ca/#rbsc,vancouver,2026-09-10T23:22:28Z,library_hours:13,13,2026-09-14,America/Vancouver,regular,9am - 3pm,open,09:00,15:00,False,library_hours:13:2026-09,42c3525f32eddb96e83b8144e835d7dbb8c2fbc2a26285c7dabd53f3a6475ee3
library_hours:13:2026-09-15,https://hours.library.ubc.ca/#rbsc,vancouver,2026-09-10T23:22:28Z,library_hours:13,13,2026-09-15,America/Vancouver,regular,9am - 3pm,open,09:00,15:00,False,library_hours:13:2026-09,f38a4aede9a76e62a962cde675f6a462ad70a1d187338d9339bda2d4c7bb9ce2
library_hours:13:2026-09-16,https://hours.library.ubc.ca/#rbsc,vancouver,2026-09-10T23:22:28Z,library_hours:13,13,2026-09-16,America/Vancouver,regular,9am - 3pm,open,09:00,15:00,False,library_hours:13:2026-09,b5685b295fa0625d23334ca3f66507876d38744b45dd318c66b3f9d4e96d3338
library_hours:13:2026-09-17,https://hours.library.ubc.ca/#rbsc,vancouver,2026-09-10T23:22:28Z,library_hours:13,13,2026-09-17,America/Vancouver,regular,9am - 3pm,open,09:00,15:00,False,library_hours:13:2026-09,f1ce2d0b5774b918130e61dc6cc8b407711395ad1f1d357e7d6d35f82400ea8d
library_hours:13:2026-09-18,https://hours.library.ubc.ca/#rbsc,vancouver,2026-09-10T23:22:28Z,library_hours:13,13,2026-09-18,America/Vancouver,regular,9am - 3pm,open,09:00,15:00,False,library_hours:13:2026-09,0ff8ca0cfc88b2205e19df92042981ce07829bb941a754ee9d1729c486453dc8
library_hours:13:2026-09-19,https://hours.library.ubc.ca/#rbsc,vancouver,2026-09-10T23:22:28Z,library_hours:13,13,2026-09-19,America/Vancouver,regular,Closed*,closed,,,,library_hours:13:2026-09,2f57f66393d6279cf12d4b9fa52df45eb8838ea5ae729050f8549fbe803545d5
library_hours:13:2026-09-20,https://hours.library.ubc.ca/#rbsc,vancouver,2026-09-10T23:22:28Z,library_hours:13,13,2026-09-20,America/Vancouver,regular,Closed*,closed,,,,library_hours:13:2026-09,456f6a264c7a8548ee5e2c46573c84e16533d8ebd3c4907200c334449d831018
library_hours:13:2026-09-21,https://hours.library.ubc.ca/#rbsc,vancouver,2026-09-10T23:22:28Z,library_hours:13,13,2026-09-21,America/Vancouver,regular,9am - 3pm,open,09:00,15:00,False,library_hours:13:2026-09,5051493ec22e018654b96384f47fc06375adf9247419f9b3d7eb39c56ed56ddc
library_hours:13:2026-09-22,https://hours.library.ubc.ca/#rbsc,vancouver,2026-09-10T23:22:28Z,library_hours:13,13,2026-09-22,America/Vancouver,regular,9am - 3pm,open,09:00,15:00,False,library_hours:13:2026-09,90e5fe8f867ff56aae9926f13f3f2ece8589764c09c4ef2d27e1cbc3e5670f55
library_hours:13:2026-09-23,https://hours.library.ubc.ca/#rbsc,vancouver,2026-09-10T23:22:28Z,library_hours:13,13,2026-09-23,America/Vancouver,regular,9am - 3pm,open,09:00,15:00,False,library_hours:13:2026-09,3e447fb66e2e0be1d459f29b9dffa73bfd8051359303764ff2c1b47c44cc756c
library_hours:13:2026-09-24,https://hours.library.ubc.ca/#rbsc,vancouver,2026-09-10T23:22:28Z,library_hours:13,13,2026-09-24,America/Vancouver,regular,9am - 3pm,open,09:00,15:00,False,library_hours:13:2026-09,ebdd4ce8df10019adeecb0d2b0603a8a145455eff7e201693badd3b0e1212c69
library_hours:13:2026-09-25,https://hours.library.ubc.ca/#rbsc,vancouver,2026-09-10T23:22:28Z,library_hours:13,13,2026-09-25,America/Vancouver,regular,9am - 3pm,open,09:00,15:00,False,library_hours:13:2026-09,253d1c9b000de950121f21c8e9976c62275315053649d34b782f411b6ad3f77c
library_hours:13:2026-09-26,https://hours.library.ubc.ca/#rbsc,vancouver,2026-09-10T23:22:28Z,library_hours:13,13,2026-09-26,America/Vancouver,regular,Closed*,closed,,,,library_hours:13:2026-09,3b945e2dc740f06c99caa72dfeb04eec5fb864df3d34904a7fb230d9e1349386
library_hours:13:2026-09-27,https://hours.library.ubc.ca/#rbsc,vancouver,2026-09-10T23:22:28Z,library_hours:13,13,2026-09-27,America/Vancouver,regular,Closed*,closed,,,,library_hours:13:2026-09,b09cb5a6fcbe2f9b753fa9b1a9b8cb075d884ffebb7c2a971ce57ce0718f1c7c
library_hours:13:2026-09-28,https://hours.library.ubc.ca/#rbsc,vancouver,2026-09-10T23:22:28Z,library_hours:13,13,2026-09-28,America/Vancouver,regular,9am - 3pm,open,09:00,15:00,False,library_hours:13:2026-09,70e9eac957e5d2c2c424545b0ef07e850bc4a67aa211871cd699f3b05ef7ae08
library_hours:13:2026-09-29,https://hours.library.ubc.ca/#rbsc,vancouver,2026-09-10T23:22:28Z,library_hours:13,13,2026-09-29,America/Vancouver,regular,9am - 3pm,open,09:00,15:00,False,library_hours:13:2026-09,80ec9073d6d320c471a5d63e62f752a3807071d3aa47f6e7470fcc252dd5bfe5
library_hours:13:2026-09-30,https://hours.library.ubc.ca/#rbsc,vancouver,2026-09-10T23:22:28Z,library_hours:13,13,2026-09-30,America/Vancouver,holiday,Closed* (NDTR),closed,,,,library_hours:13:2026-09,40433c9b78f060ba0c978e86245fde5743ba5f69f58c3205084c20c71a803416
library_hours:13:2026-10-01,https://hours.library.ubc.ca/#rbsc,vancouver,2026-09-10T23:22:28Z,library_hours:13,13,2026-10-01,America/Vancouver,regular,9am - 3pm,open,09:00,15:00,False,library_hours:13:2026-10,24650a8e754c38aea8c46de7475fe3f533216b27cc37592e749314f191718dcd
library_hours:13:2026-10-02,https://hours.library.ubc.ca/#rbsc,vancouver,2026-09-10T23:22:28Z,library_hours:13,13,2026-10-02,America/Vancouver,regular,9am - 3pm,open,09:00,15:00,False,library_hours:13:2026-10,c828a88a8bdda1b498a66a2ccd6fc456f478e4d26cca55614e2d161ada8ebfac
library_hours:13:2026-10-03,https://hours.library.ubc.ca/#rbsc,vancouver,2026-09-10T23:22:28Z,library_hours:13,13,2026-10-03,America/Vancouver,regular,Closed*,closed,,,,library_hours:13:2026-10,b08dc72c5f99a7da2985337e98f61e639d37191e39e8b21baccd3943b1b71054
library_hours:13:2026-10-04,https://hours.library.ubc.ca/#rbsc,vancouver,2026-09-10T23:22:28Z,library_hours:13,13,2026-10-04,America/Vancouver,regular,Closed*,closed,,,,library_hours:13:2026-10,efb6c11755d0c7948c3f789ffebfd9ab1857be48a29f5f8500ea949630e8d969
library_hours:13:2026-10-05,https://hours.library.ubc.ca/#rbsc,vancouver,2026-09-10T23:22:28Z,library_hours:13,13,2026-10-05,America/Vancouver,regular,9am - 3pm,open,09:00,15:00,False,library_hours:13:2026-10,7d4b01dc046a25e38354a666b9bc910f946da367b904ca169ae4187b0f9dfb64
library_hours:13:2026-10-06,https://hours.library.ubc.ca/#rbsc,vancouver,2026-09-10T23:22:28Z,library_hours:13,13,2026-10-06,America/Vancouver,regular,9am - 3pm,open,09:00,15:00,False,library_hours:13:2026-10,4a7711ec87d0c275d8756f36cae231241b8bd46e8db1761af8cba927d1f539c7
library_hours:13:2026-10-07,https://hours.library.ubc.ca/#rbsc,vancouver,2026-09-10T23:22:28Z,library_hours:13,13,2026-10-07,America/Vancouver,regular,9am - 3pm,open,09:00,15:00,False,library_hours:13:2026-10,8ecd3a4a2ed165cbbfb15a3adfd92446e2d40e4226ca06fa886bc24f5f2aa588
library_hours:13:2026-10-08,https://hours.library.ubc.ca/#rbsc,vancouver,2026-09-10T23:22:28Z,library_hours:13,13,2026-10-08,America/Vancouver,regular,9am - 3pm,open,09:00,15:00,False,library_hours:13:2026-10,30c82dc8fda4be0b13a0b73fa61e3ceb8f5bf626070e755c011cd72c73bbd431
library_hours:13:2026-10-09,https://hours.library.ubc.ca/#rbsc,vancouver,2026-09-10T23:22:28Z,library_hours:13,13,2026-10-09,America/Vancouver,regular,9am - 3pm,open,09:00,15:00,False,library_hours:13:2026-10,fade4b929fb1dddaf850d1bdc801d3ac20f63985519dd85b7c9b6b78985eed08
library_hours:13:2026-10-10,https://hours.library.ubc.ca/#rbsc,vancouver,2026-09-10T23:22:28Z,library_hours:13,13,2026-10-10,America/Vancouver,regular,Closed*,closed,,,,library_hours:13:2026-10,522edf32fd7cdc1c680b8fa862ba7a4e527865f46519d90c427a98cfc7f4a471
library_hours:13:2026-10-11,https://hours.library.ubc.ca/#rbsc,vancouver,2026-09-10T23:22:28Z,library_hours:13,13,2026-10-11,America/Vancouver,regular,Closed*,closed,,,,library_hours:13:2026-10,b5f840284de83c8b70fb9f7f2546ae404b6fec489d490c97ff888c276f2630c5
library_hours:13:2026-10-12,https://hours.library.ubc.ca/#rbsc,vancouver,2026-09-10T23:22:28Z,library_hours:13,13,2026-10-12,America/Vancouver,holiday,Closed* (Thanksgiving),closed,,,,library_hours:13:2026-10,87ba82a768effba654c1153d6a2e6953cc5e4df7c706aed634c9dabc9aa410fb
library_hours:13:2026-10-13,https://hours.library.ubc.ca/#rbsc,vancouver,2026-09-10T23:22:28Z,library_hours:13,13,2026-10-13,America/Vancouver,regular,9am - 3pm,open,09:00,15:00,False,library_hours:13:2026-10,5e032bc7b9bc230b081eeb003d12d7d1cadd48875732741c09dfbbed85593c86
library_hours:13:2026-10-14,https://hours.library.ubc.ca/#rbsc,vancouver,2026-09-10T23:22:28Z,library_hours:13,13,2026-10-14,America/Vancouver,regular,9am - 3pm,open,09:00,15:00,False,library_hours:13:2026-10,054d91df445fe2d74535653dfa4e6851d76288a1dd7e608b44d20293da50bf34
library_hours:13:2026-10-15,https://hours.library.ubc.ca/#rbsc,vancouver,2026-09-10T23:22:28Z,library_hours:13,13,2026-10-15,America/Vancouver,regular,9am - 3pm,open,09:00,15:00,False,library_hours:13:2026-10,1c921fa42f2f49296d7670e17f177b018706a81ebde6dc8b9ac1299baddf9d4e
library_hours:13:2026-10-16,https://hours.library.ubc.ca/#rbsc,vancouver,2026-09-10T23:22:28Z,library_hours:13,13,2026-10-16,America/Vancouver,regular,9am - 3pm,open,09:00,15:00,False,library_hours:13:2026-10,4ce0c951629433394167867c24fd6b5a57d0f69366269f0ce14003844c0a5e88
library_hours:13:2026-10-17,https://hours.library.ubc.ca/#rbsc,vancouver,2026-09-10T23:22:28Z,library_hours:13,13,2026-10-17,America/Vancouver,regular,Closed*,closed,,,,library_hours:13:2026-10,85ff7a4f288ff7e903d6c3f5eb77da00220163d8f888c3c91e8366b7a992c655
library_hours:13:2026-10-18,https://hours.library.ubc.ca/#rbsc,vancouver,2026-09-10T23:22:28Z,library_hours:13,13,2026-10-18,America/Vancouver,regular,Closed*,closed,,,,library_hours:13:2026-10,084a9eca0abf5a003b1f7c8919bde3b17917774aff705df97d3971cc54462d41
library_hours:13:2026-10-19,https://hours.library.ubc.ca/#rbsc,vancouver,2026-09-10T23:22:28Z,library_hours:13,13,2026-10-19,America/Vancouver,regular,9am - 3pm,open,09:00,15:00,False,library_hours:13:2026-10,558ff6a67fa44127c0097389234c346e5d45b77ad7f7def0b7ec6c7b5ca51276
library_hours:13:2026-10-20,https://hours.library.ubc.ca/#rbsc,vancouver,2026-09-10T23:22:28Z,library_hours:13,13,2026-10-20,America/Vancouver,regular,9am - 3pm,open,09:00,15:00,False,library_hours:13:2026-10,cf335748d2f08c574217768947e306193d8fc6c54062b830a06742a1410f6d2e
library_hours:13:2026-10-21,https://hours.library.ubc.ca/#rbsc,vancouver,2026-09-10T23:22:28Z,library_hours:13,13,2026-10-21,America/Vancouver,regular,9am - 3pm,open,09:00,15:00,False,library_hours:13:2026-10,31501c07b9a1970294c7769926c97c8cb2752ab54e6cb72d156b6b225c6a16e6
library_hours:13:2026-10-22,https://hours.library.ubc.ca/#rbsc,vancouver,2026-09-10T23:22:28Z,library_hours:13,13,2026-10-22,America/Vancouver,regular,9am - 3pm,open,09:00,15:00,False,library_hours:13:2026-10,bc39f5629335a879d345779e51c0411d30c7900fb7bab8e06f888559f621be15
library_hours:13:2026-10-23,https://hours.library.ubc.ca/#rbsc,vancouver,2026-09-10T23:22:28Z,library_hours:13,13,2026-10-23,America/Vancouver,regular,9am - 3pm,open,09:00,15:00,False,library_hours:13:2026-10,d95a4e3babf90aac2bc8b502ba73cdedf97a0321c46c80b30d45e6c49a8491e0
library_hours:13:2026-10-24,https://hours.library.ubc.ca/#rbsc,vancouver,2026-09-10T23:22:28Z,library_hours:13,13,2026-10-24,America/Vancouver,regular,Closed*,closed,,,,library_hours:13:2026-10,66f7aa5c507c2f6d4fb3ba590b88469af13ee88b0f3ffe2c854c6e789fbb6675
library_hours:13:2026-10-25,https://hours.library.ubc.ca/#rbsc,vancouver,2026-09-10T23:22:28Z,library_hours:13,13,2026-10-25,America/Vancouver,regular,Closed*,closed,,,,library_hours:13:2026-10,daeb890d6f155ccb159700ce86c1938661a9c27cd7e32efb819911afd9724ee4
library_hours:13:2026-10-26,https://hours.library.ubc.ca/#rbsc,vancouver,2026-09-10T23:22:28Z,library_hours:13,13,2026-10-26,America/Vancouver,regular,9am - 3pm,open,09:00,15:00,False,library_hours:13:2026-10,b9e3725882980207fa39483dfc95c90ee069ae9d42c1e945c1719e9f3c5c7918
library_hours:13:2026-10-27,https://hours.library.ubc.ca/#rbsc,vancouver,2026-09-10T23:22:28Z,library_hours:13,13,2026-10-27,America/Vancouver,regular,9am - 3pm,open,09:00,15:00,False,library_hours:13:2026-10,66b72ede45434d7618fbf70bd43db34ea1bb8ff40a06acb9cbf2f6b8f9419759
library_hours:13:2026-10-28,https://hours.library.ubc.ca/#rbsc,vancouver,2026-09-10T23:22:28Z,library_hours:13,13,2026-10-28,America/Vancouver,regular,9am - 3pm,open,09:00,15:00,False,library_hours:13:2026-10,65907d9bb73a422216ba58a1602ed767815cbb2df9cd32a8abb3b2d92f5cc7cc
library_hours:13:2026-10-29,https://hours.library.ubc.ca/#rbsc,vancouver,2026-09-10T23:22:28Z,library_hours:13,13,2026-10-29,America/Vancouver,regular,9am - 3pm,open,09:00,15:00,False,library_hours:13:2026-10,629fcd03605a01f8726ff64ef23e440f56dfb5dd9c88ce4860c8cd35553a3d5d
library_hours:13:2026-10-30,https://hours.library.ubc.ca/#rbsc,vancouver,2026-09-10T23:22:28Z,library_hours:13,13,2026-10-30,America/Vancouver,regular,9am - 3pm,open,09:00,15:00,False,library_hours:13:2026-10,9fc7b86d68aa15e7060457fc7fc5affe0a1ab5986ef759e911cce182db07f45d
library_hours:13:2026-10-31,https://hours.library.ubc.ca/#rbsc,vancouver,2026-09-10T23:22:28Z,library_hours:13,13,2026-10-31,America/Vancouver,regular,Closed*,closed,,,,library_hours:13:2026-10,50244fc4951b064487caeb719e01da7c530416c5ff14360be6e75efbcc7eb7ff
library_hours:13:2026-11-01,https://hours.library.ubc.ca/#rbsc,vancouver,2026-09-10T23:22:28Z,library_hours:13,13,2026-11-01,America/Vancouver,regular,Closed*,closed,,,,library_hours:13:2026-11,798bedf37a28bf1c694048f6452ac9b4eddf69487154a3bd8693ff2bc0be3229
library_hours:13:2026-11-02,https://hours.library.ubc.ca/#rbsc,vancouver,2026-09-10T23:22:28Z,library_hours:13,13,2026-11-02,America/Vancouver,regular,9am - 3pm,open,09:00,15:00,False,library_hours:13:2026-11,8d318ce66ae70a7c20a21c4f2047ac900b72b51163a619fbcc20a99848433083
library_hours:13:2026-11-03,https://hours.library.ubc.ca/#rbsc,vancouver,2026-09-10T23:22:28Z,library_hours:13,13,2026-11-03,America/Vancouver,regular,9am - 3pm,open,09:00,15:00,False,library_hours:13:2026-11,32d684d220bc4722f5d753ae84baaf7de0d3bb36fafe6906e7304f089f6d95cb
library_hours:13:2026-11-04,https://hours.library.ubc.ca/#rbsc,vancouver,2026-09-10T23:22:28Z,library_hours:13,13,2026-11-04,America/Vancouver,regular,9am - 3pm,open,09:00,15:00,False,library_hours:13:2026-11,86a0726edafa3b752f6f0316ab77df96d4b2a10e0cff2250747c6926ea2cc208
library_hours:13:2026-11-05,https://hours.library.ubc.ca/#rbsc,vancouver,2026-09-10T23:22:28Z,library_hours:13,13,2026-11-05,America/Vancouver,regular,9am - 3pm,open,09:00,15:00,False,library_hours:13:2026-11,46e2e6d641018556e30b14a6aa3bc61837a071512689c2269b63c7fafe353876
library_hours:13:2026-11-06,https://hours.library.ubc.ca/#rbsc,vancouver,2026-09-10T23:22:28Z,library_hours:13,13,2026-11-06,America/Vancouver,regular,9am - 3pm,open,09:00,15:00,False,library_hours:13:2026-11,724384d3641d322723a39f9358e4c8cdb35942700442da74c50473f541d93902
library_hours:13:2026-11-07,https://hours.library.ubc.ca/#rbsc,vancouver,2026-09-10T23:22:28Z,library_hours:13,13,2026-11-07,America/Vancouver,regular,Closed*,closed,,,,library_hours:13:2026-11,80cb460b59d5da967f649c64692e397b464bd7d8108c6fb360948e66dcab1eec
library_hours:13:2026-11-08,https://hours.library.ubc.ca/#rbsc,vancouver,2026-09-10T23:22:28Z,library_hours:13,13,2026-11-08,America/Vancouver,regular,Closed*,closed,,,,library_hours:13:2026-11,a749dea88282c3ac37fdfe07d524623e7662bb83691c27993164247a55330276
library_hours:13:2026-11-09,https://hours.library.ubc.ca/#rbsc,vancouver,2026-09-10T23:22:28Z,library_hours:13,13,2026-11-09,America/Vancouver,exception,9am - 3pm,open,09:00,15:00,False,library_hours:13:2026-11,fbc80ef7168c3d819ed73d72dbc1c13b8a0a22b57b86fc265911a9b791322617
library_hours:13:2026-11-10,https://hours.library.ubc.ca/#rbsc,vancouver,2026-09-10T23:22:28Z,library_hours:13,13,2026-11-10,America/Vancouver,exception,9am - 3pm,open,09:00,15:00,False,library_hours:13:2026-11,0d9487965388c89e31df29f0ef43afd3609c8d41de8d256e5bc37599452cd2f9
library_hours:13:2026-11-11,https://hours.library.ubc.ca/#rbsc,vancouver,2026-09-10T23:22:28Z,library_hours:13,13,2026-11-11,America/Vancouver,holiday,Closed* (Remembrance Day ),closed,,,,library_hours:13:2026-11,e4b491365bf4a8236e3e0db6dbc5a790ce8ca330083bc7584183cb576f108496
library_hours:13:2026-11-12,https://hours.library.ubc.ca/#rbsc,vancouver,2026-09-10T23:22:28Z,library_hours:13,13,2026-11-12,America/Vancouver,regular,9am - 3pm,open,09:00,15:00,False,library_hours:13:2026-11,a4afe895ede36cbbf83f8d1bb5ad14762231aa5bb998b67e836a766fbfbe04a0
library_hours:13:2026-11-13,https://hours.library.ubc.ca/#rbsc,vancouver,2026-09-10T23:22:28Z,library_hours:13,13,2026-11-13,America/Vancouver,regular,9am - 3pm,open,09:00,15:00,False,library_hours:13:2026-11,bcdbfe5761165a25b2746284df1d901b86e2f7087a9c190649880af7a4c32c1f
library_hours:13:2026-11-14,https://hours.library.ubc.ca/#rbsc,vancouver,2026-09-10T23:22:28Z,library_hours:13,13,2026-11-14,America/Vancouver,regular,Closed*,closed,,,,library_hours:13:2026-11,65cd7d9334991d9119b0d1f662e6577c8a58d645c1d6228402c8c46ba247e043
library_hours:13:2026-11-15,https://hours.library.ubc.ca/#rbsc,vancouver,2026-09-10T23:22:28Z,library_hours:13,13,2026-11-15,America/Vancouver,regular,Closed*,closed,,,,library_hours:13:2026-11,7c04c8d236b0af14206a4b3f113aeaecc9122441b5b8e82a28375b12808e104a
library_hours:13:2026-11-16,https://hours.library.ubc.ca/#rbsc,vancouver,2026-09-10T23:22:28Z,library_hours:13,13,2026-11-16,America/Vancouver,regular,9am - 3pm,open,09:00,15:00,False,library_hours:13:2026-11,7cf72144939cfdeb76840100ca28ea9b3987af05fb07803198aab93f0d2b1250
library_hours:13:2026-11-17,https://hours.library.ubc.ca/#rbsc,vancouver,2026-09-10T23:22:28Z,library_hours:13,13,2026-11-17,America/Vancouver,regular,9am - 3pm,open,09:00,15:00,False,library_hours:13:2026-11,2f8589c6715f9ca46e1683cae36630594ae0370433303e737924f149a181b382
library_hours:13:2026-11-18,https://hours.library.ubc.ca/#rbsc,vancouver,2026-09-10T23:22:28Z,library_hours:13,13,2026-11-18,America/Vancouver,regular,9am - 3pm,open,09:00,15:00,False,library_hours:13:2026-11,5d1e6ae28150576781360e77a322c5777cc82cdf22a673049bd656ae80b21763
library_hours:13:2026-11-19,https://hours.library.ubc.ca/#rbsc,vancouver,2026-09-10T23:22:28Z,library_hours:13,13,2026-11-19,America/Vancouver,regular,9am - 3pm,open,09:00,15:00,False,library_hours:13:2026-11,d7f33b9a3813ee9054ac8fe22be1f016dfc96afc0badec4be136302a17e09dc7
library_hours:13:2026-11-20,https://hours.library.ubc.ca/#rbsc,vancouver,2026-09-10T23:22:28Z,library_hours:13,13,2026-11-20,America/Vancouver,regular,9am - 3pm,open,09:00,15:00,False,library_hours:13:2026-11,5fc7d62ffa25504816e76d5589af81bebe9eee5968a2e4972e879181a2a01b17
library_hours:13:2026-11-21,https://hours.library.ubc.ca/#rbsc,vancouver,2026-09-10T23:22:28Z,library_hours:13,13,2026-11-21,America/Vancouver,regular,Closed*,closed,,,,library_hours:13:2026-11,fcaadafd9171bcda3759716ed0a7b8b7ad0e223d2b46d5e60d085884464ff012
library_hours:13:2026-11-22,https://hours.library.ubc.ca/#rbsc,vancouver,2026-09-10T23:22:28Z,library_hours:13,13,2026-11-22,America/Vancouver,regular,Closed*,closed,,,,library_hours:13:2026-11,8e329225d414ae99a2bd291b7d542b06ffe459857433a66578082e99cd8a3c46
library_hours:13:2026-11-23,https://hours.library.ubc.ca/#rbsc,vancouver,2026-09-10T23:22:28Z,library_hours:13,13,2026-11-23,America/Vancouver,regular,9am - 3pm,open,09:00,15:00,False,library_hours:13:2026-11,0770df64949a64cf307627c785d0b0aacfbea3d2c1f32c5c512d4ce5c3cbbe10
library_hours:13:2026-11-24,https://hours.library.ubc.ca/#rbsc,vancouver,2026-09-10T23:22:28Z,library_hours:13,13,2026-11-24,America/Vancouver,regular,9am - 3pm,open,09:00,15:00,False,library_hours:13:2026-11,8ed8a214331b1f2ad2efc6ea97fa9c76583c58d2b92a175d1c97026e71531ff9
library_hours:13:2026-11-25,https://hours.library.ubc.ca/#rbsc,vancouver,2026-09-10T23:22:28Z,library_hours:13,13,2026-11-25,America/Vancouver,regular,9am - 3pm,open,09:00,15:00,False,library_hours:13:2026-11,c69e08bc6cebcff9f0c3844555237433e9b67562793c7e72d06ec1ca7f1a5016
library_hours:13:2026-11-26,https://hours.library.ubc.ca/#rbsc,vancouver,2026-09-10T23:22:28Z,library_hours:13,13,2026-11-26,America/Vancouver,regular,9am - 3pm,open,09:00,15:00,False,library_hours:13:2026-11,1f1681f9606e99bc46fec7978f569fd1a6885c4b396b09c6064f0c907a244f0d
library_hours:13:2026-11-27,https://hours.library.ubc.ca/#rbsc,vancouver,2026-09-10T23:22:28Z,library_hours:13,13,2026-11-27,America/Vancouver,regular,9am - 3pm,open,09:00,15:00,False,library_hours:13:2026-11,ea41b493d56a61d177ce4e1270a3fdb1316a7447b5ee93ff22a15ec2170453b3
library_hours:13:2026-11-28,https://hours.library.ubc.ca/#rbsc,vancouver,2026-09-10T23:22:28Z,library_hours:13,13,2026-11-28,America/Vancouver,regular,Closed*,closed,,,,library_hours:13:2026-11,b97e50dbe64f04f7bb87e25f166c7bae71060d9517f0e8b0d3654eafeee24e1e
library_hours:13:2026-11-29,https://hours.library.ubc.ca/#rbsc,vancouver,2026-09-10T23:22:28Z,library_hours:13,13,2026-11-29,America/Vancouver,regular,Closed*,closed,,,,library_hours:13:2026-11,787515263ca1906dd928549f9674cbba58470623bb42d652f8c0194a408648ae
library_hours:13:2026-11-30,https://hours.library.ubc.ca/#rbsc,vancouver,2026-09-10T23:22:28Z,library_hours:13,13,2026-11-30,America/Vancouver,regular,9am - 3pm,open,09:00,15:00,False,library_hours:13:2026-11,4ef119cf61e428cfb3c313dadc0e61ff4bc3ec6ce67dd6224285ea8a279185f9
library_hours:13:2026-12-01,https://hours.library.ubc.ca/#rbsc,vancouver,2026-09-10T23:22:28Z,library_hours:13,13,2026-12-01,America/Vancouver,regular,9am - 3pm,open,09:00,15:00,False,library_hours:13:2026-12,6196d18740345fd973e95f9df6b45bc7a509516e375c76399dd8aba278abb1fa
library_hours:13:2026-12-02,https://hours.library.ubc.ca/#rbsc,vancouver,2026-09-10T23:22:28Z,library_hours:13,13,2026-12-02,America/Vancouver,regular,9am - 3pm,open,09:00,15:00,False,library_hours:13:2026-12,2201a8379adb81a4f868bbe720aed4b3d8d4d0804f6ca731e4aaf25bfd314b2d
library_hours:13:2026-12-03,https://hours.library.ubc.ca/#rbsc,vancouver,2026-09-10T23:22:28Z,library_hours:13,13,2026-12-03,America/Vancouver,regular,9am - 3pm,open,09:00,15:00,False,library_hours:13:2026-12,b69187d4be89836c8f8416c47a059c7173748908ae03b1f8735d941e51f8ebd6
library_hours:13:2026-12-04,https://hours.library.ubc.ca/#rbsc,vancouver,2026-09-10T23:22:28Z,library_hours:13,13,2026-12-04,America/Vancouver,regular,9am - 3pm,open,09:00,15:00,False,library_hours:13:2026-12,9f5de80cd00e1c6ef4b5ebc36acc3fd5750215bc897c2648f4a3cdb46c4dbab8
library_hours:13:2026-12-05,https://hours.library.ubc.ca/#rbsc,vancouver,2026-09-10T23:22:28Z,library_hours:13,13,2026-12-05,America/Vancouver,regular,Closed*,closed,,,,library_hours:13:2026-12,a58d9d2c1d6946dfe270ee3e8d131fd4020f5b5d6b5ca5e12200bcda3e97c81c
library_hours:13:2026-12-06,https://hours.library.ubc.ca/#rbsc,vancouver,2026-09-10T23:22:28Z,library_hours:13,13,2026-12-06,America/Vancouver,regular,Closed*,closed,,,,library_hours:13:2026-12,474eb2ee98e18121b4c67391a93e0258f333ad44e60a5958f78cd9a837b765dc
library_hours:13:2026-12-07,https://hours.library.ubc.ca/#rbsc,vancouver,2026-09-10T23:22:28Z,library_hours:13,13,2026-12-07,America/Vancouver,regular,9am - 3pm,open,09:00,15:00,False,library_hours:13:2026-12,e490d6a87acdeb19839cd174e2bbcf5514bcd4b766ccbef587a3078375a18825
library_hours:13:2026-12-08,https://hours.library.ubc.ca/#rbsc,vancouver,2026-09-10T23:22:28Z,library_hours:13,13,2026-12-08,America/Vancouver,regular,9am - 3pm,open,09:00,15:00,False,library_hours:13:2026-12,d95096818b3e50442573dcf823730c2593b3420837beed4ea033fac775c9be36
library_hours:13:2026-12-09,https://hours.library.ubc.ca/#rbsc,vancouver,2026-09-10T23:22:28Z,library_hours:13,13,2026-12-09,America/Vancouver,regular,9am - 3pm,open,09:00,15:00,False,library_hours:13:2026-12,c03d83d08192f4b0e5967eabcb77510848861066284c84601ba48dae8048ea3c
library_hours:13:2026-12-10,https://hours.library.ubc.ca/#rbsc,vancouver,2026-09-10T23:22:28Z,library_hours:13,13,2026-12-10,America/Vancouver,regular,9am - 3pm,open,09:00,15:00,False,library_hours:13:2026-12,c1754fdad8a4fcbe7efc4ed51d70e8cc3d50ea6ac133a43ab031b093ba71ff81
library_hours:13:2026-12-11,https://hours.library.ubc.ca/#rbsc,vancouver,2026-09-10T23:22:28Z,library_hours:13,13,2026-12-11,America/Vancouver,regular,9am - 3pm,open,09:00,15:00,False,library_hours:13:2026-12,4fd126bb61bc765eac589c295f9a347202f68c258edc6ff47f7df51601c6bd54
library_hours:13:2026-12-12,https://hours.library.ubc.ca/#rbsc,vancouver,2026-09-10T23:22:28Z,library_hours:13,13,2026-12-12,America/Vancouver,regular,Closed*,closed,,,,library_hours:13:2026-12,34cbd553e6784f279a4406c2426794e8ff5dfaeab135b32f894108fc49d840fb
library_hours:13:2026-12-13,https://hours.library.ubc.ca/#rbsc,vancouver,2026-09-10T23:22:28Z,library_hours:13,13,2026-12-13,America/Vancouver,regular,Closed*,closed,,,,library_hours:13:2026-12,445466cab8829d9ec7f41fc7d425ac28bdf3210660949e46855091b952a68d45
library_hours:13:2026-12-14,https://hours.library.ubc.ca/#rbsc,vancouver,2026-09-10T23:22:28Z,library_hours:13,13,2026-12-14,America/Vancouver,regular,9am - 3pm,open,09:00,15:00,False,library_hours:13:2026-12,afc30ebf076f13cc337e41525689f6e0beb6198af2a3bcf33504b7dd00c65c36
library_hours:13:2026-12-15,https://hours.library.ubc.ca/#rbsc,vancouver,2026-09-10T23:22:28Z,library_hours:13,13,2026-12-15,America/Vancouver,regular,9am - 3pm,open,09:00,15:00,False,library_hours:13:2026-12,d3e0037a49ff7f351b6676ed02c2ee337e5492046f715b04c2aabd85fd93b84e
library_hours:13:2026-12-16,https://hours.library.ubc.ca/#rbsc,vancouver,2026-09-10T23:22:28Z,library_hours:13,13,2026-12-16,America/Vancouver,regular,9am - 3pm,open,09:00,15:00,False,library_hours:13:2026-12,3b74c572ca0b9472464b737379dce0dee17b2a472c184a91ec9b9e6aabba68b3
library_hours:13:2026-12-17,https://hours.library.ubc.ca/#rbsc,vancouver,2026-09-10T23:22:28Z,library_hours:13,13,2026-12-17,America/Vancouver,regular,9am - 3pm,open,09:00,15:00,False,library_hours:13:2026-12,4be182347ac0e5790685fcc70e5e0dc2544a950e0f72d99aa20209825a248b86
library_hours:13:2026-12-18,https://hours.library.ubc.ca/#rbsc,vancouver,2026-09-10T23:22:28Z,library_hours:13,13,2026-12-18,America/Vancouver,regular,9am - 3pm,open,09:00,15:00,False,library_hours:13:2026-12,018577a60f95b994677fe0a2f0aa149007ba437ab13c13eb7746659f7c5daaaf
library_hours:13:2026-12-19,https://hours.library.ubc.ca/#rbsc,vancouver,2026-09-10T23:22:28Z,library_hours:13,13,2026-12-19,America/Vancouver,regular,Closed*,closed,,,,library_hours:13:2026-12,b5f5c2da18117ac52546c8ac37b929d622037033cc7bb3b984cb52146b176eea
library_hours:13:2026-12-20,https://hours.library.ubc.ca/#rbsc,vancouver,2026-09-10T23:22:28Z,library_hours:13,13,2026-12-20,America/Vancouver,regular,Closed*,closed,,,,library_hours:13:2026-12,2e2a839b2172bd84c52582f2ad6bfb063edb48201a0bddc36e68da2c21d3e13b
library_hours:13:2026-12-21,https://hours.library.ubc.ca/#rbsc,vancouver,2026-09-10T23:22:28Z,library_hours:13,13,2026-12-21,America/Vancouver,regular,9am - 3pm,open,09:00,15:00,False,library_hours:13:2026-12,522a968673ec94bd98286a0298372d8a043ac72355843039516948c6b90814ea
library_hours:13:2026-12-22,https://hours.library.ubc.ca/#rbsc,vancouver,2026-09-10T23:22:28Z,library_hours:13,13,2026-12-22,America/Vancouver,regular,9am - 3pm,open,09:00,15:00,False,library_hours:13:2026-12,98ddb85ce267b98e117858226dc04f8649079067061e6c74379a6d6aebcb9ced
library_hours:13:2026-12-23,https://hours.library.ubc.ca/#rbsc,vancouver,2026-09-10T23:22:28Z,library_hours:13,13,2026-12-23,America/Vancouver,holiday,9am - 3pm,open,09:00,15:00,False,library_hours:13:2026-12,56ede8e380eb69209cf40f4d3098b5b0a6c6b7fda382a710aad3b44402e7d504
library_hours:13:2026-12-24,https://hours.library.ubc.ca/#rbsc,vancouver,2026-09-10T23:22:28Z,library_hours:13,13,2026-12-24,America/Vancouver,holiday,9am - 3pm,open,09:00,15:00,False,library_hours:13:2026-12,cee62727fd8b6120e81517378fba7e5c5f6635a17af953302e240ce81be7941e
library_hours:13:2026-12-25,https://hours.library.ubc.ca/#rbsc,vancouver,2026-09-10T23:22:28Z,library_hours:13,13,2026-12-25,America/Vancouver,holiday,Closed*,closed,,,,library_hours:13:2026-12,58f6c3fe2666761e1c2586e525c28c4c16634efff397d2e3e36b2ad2bc6a8c79
library_hours:13:2026-12-26,https://hours.library.ubc.ca/#rbsc,vancouver,2026-09-10T23:22:28Z,library_hours:13,13,2026-12-26,America/Vancouver,holiday,Closed*,closed,,,,library_hours:13:2026-12,4e873aebba0480ab8ff6e3fd02803b238424689ff57633c287de4f3425a40a07
library_hours:13:2026-12-27,https://hours.library.ubc.ca/#rbsc,vancouver,2026-09-10T23:22:28Z,library_hours:13,13,2026-12-27,America/Vancouver,holiday,Closed*,closed,,,,library_hours:13:2026-12,a74c54c652b1fff0dbdb1a3c1948008143e60c06dc1f54f2913935f4234c2737
library_hours:13:2026-12-28,https://hours.library.ubc.ca/#rbsc,vancouver,2026-09-10T23:22:28Z,library_hours:13,13,2026-12-28,America/Vancouver,holiday,Closed*,closed,,,,library_hours:13:2026-12,063f0c7ccc7f800c2a1679a54a13dadcea04cfed7775d0394dcb652151efaf5d
library_hours:13:2026-12-29,https://hours.library.ubc.ca/#rbsc,vancouver,2026-09-10T23:22:28Z,library_hours:13,13,2026-12-29,America/Vancouver,holiday,Closed*,closed,,,,library_hours:13:2026-12,0494a28f116ec61d5dadfa0882f0362d6e115f1e05f23c62b2c1c94cf3d369d1
library_hours:13:2026-12-30,https://hours.library.ubc.ca/#rbsc,vancouver,2026-09-10T23:22:28Z,library_hours:13,13,2026-12-30,America/Vancouver,holiday,Closed*,closed,,,,library_hours:13:2026-12,16709649264fc9e8c0360e26063e7ee8fea18e6f8955b0c78044bc5be238108d
library_hours:13:2026-12-31,https://hours.library.ubc.ca/#rbsc,vancouver,2026-09-10T23:22:28Z,library_hours:13,13,2026-12-31,America/Vancouver,holiday,Closed*,closed,,,,library_hours:13:2026-12,8d8fff14a6aa40c4977f70460001ae42df282d8816fcd9fe03856cacb498dff5
library_hours:15:2026-09-01,https://hours.library.ubc.ca/#archives,vancouver,2026-09-10T23:22:28Z,library_hours:15,15,2026-09-01,America/Vancouver,exception,9am - 3pm,open,09:00,15:00,False,library_hours:15:2026-09,9e6a15365fdc104776dedda2264a5009af4ed45b899fcf4e926bb5d336caf47e
library_hours:15:2026-09-02,https://hours.library.ubc.ca/#archives,vancouver,2026-09-10T23:22:28Z,library_hours:15,15,2026-09-02,America/Vancouver,exception,9am - 3pm,open,09:00,15:00,False,library_hours:15:2026-09,28c5ad27878e4679b94fbf7b9aed8b4092e6db6d69386536963462c5f847b9f3
library_hours:15:2026-09-03,https://hours.library.ubc.ca/#archives,vancouver,2026-09-10T23:22:28Z,library_hours:15,15,2026-09-03,America/Vancouver,exception,9am - 3pm,open,09:00,15:00,False,library_hours:15:2026-09,519334af4e48d869fff67dba097ac90f18fec8d8a711f27eaefebeb6e2995809
library_hours:15:2026-09-04,https://hours.library.ubc.ca/#archives,vancouver,2026-09-10T23:22:28Z,library_hours:15,15,2026-09-04,America/Vancouver,exception,9am - 3pm,open,09:00,15:00,False,library_hours:15:2026-09,0a1611f8302203a89226e81a91b84ef9ec5a18c96c8fa110052b71d8123d9702
library_hours:15:2026-09-05,https://hours.library.ubc.ca/#archives,vancouver,2026-09-10T23:22:28Z,library_hours:15,15,2026-09-05,America/Vancouver,exception,Closed*,closed,,,,library_hours:15:2026-09,3c8d35b78950c09198098e97b97bd3775df35d18046d9a215abb218d5361df2d
library_hours:15:2026-09-06,https://hours.library.ubc.ca/#archives,vancouver,2026-09-10T23:22:28Z,library_hours:15,15,2026-09-06,America/Vancouver,exception,Closed*,closed,,,,library_hours:15:2026-09,b36f318f1220f3ddc0e431b039f8443967b2c159edc3173e3778bf3bd9fabfc0
library_hours:15:2026-09-07,https://hours.library.ubc.ca/#archives,vancouver,2026-09-10T23:22:28Z,library_hours:15,15,2026-09-07,America/Vancouver,holiday,Closed* (Labour Day),closed,,,,library_hours:15:2026-09,867630c347e4e68284eac2746aaade23687bdf402d552f126fe5391a4bbbddd3
library_hours:15:2026-09-08,https://hours.library.ubc.ca/#archives,vancouver,2026-09-10T23:22:28Z,library_hours:15,15,2026-09-08,America/Vancouver,regular,9am - 3pm,open,09:00,15:00,False,library_hours:15:2026-09,dd937b8cea1991edddbd379489df4f682804e9c04a2c1a9d77152f6950914839
library_hours:15:2026-09-09,https://hours.library.ubc.ca/#archives,vancouver,2026-09-10T23:22:28Z,library_hours:15,15,2026-09-09,America/Vancouver,regular,9am - 3pm,open,09:00,15:00,False,library_hours:15:2026-09,0d3d931c720498fccfd65f732d33168c4952d3c5fc8e887827f88eef2fe986a5
library_hours:15:2026-09-10,https://hours.library.ubc.ca/#archives,vancouver,2026-09-10T23:22:28Z,library_hours:15,15,2026-09-10,America/Vancouver,regular,9am - 3pm,open,09:00,15:00,False,library_hours:15:2026-09,50efad4a50897da22bf4d2e56c412f57b581b1dcf3bdc33ae6996ca4d090dd3e
library_hours:15:2026-09-11,https://hours.library.ubc.ca/#archives,vancouver,2026-09-10T23:22:28Z,library_hours:15,15,2026-09-11,America/Vancouver,regular,9am - 3pm,open,09:00,15:00,False,library_hours:15:2026-09,b0101a76b4741b696c8a9fb339621b4e5feac0c2d53f48320d5dc7ce6291ff88
library_hours:15:2026-09-12,https://hours.library.ubc.ca/#archives,vancouver,2026-09-10T23:22:28Z,library_hours:15,15,2026-09-12,America/Vancouver,regular,Closed*,closed,,,,library_hours:15:2026-09,5371c271f8b92e542482f32b5c0f33832b82b069509e1f93558e1f67dada29b3
library_hours:15:2026-09-13,https://hours.library.ubc.ca/#archives,vancouver,2026-09-10T23:22:28Z,library_hours:15,15,2026-09-13,America/Vancouver,regular,Closed*,closed,,,,library_hours:15:2026-09,21104aece87d8f6aa846f68a41c2d3799af2203fa0bd87124aba30f82f53329e
library_hours:15:2026-09-14,https://hours.library.ubc.ca/#archives,vancouver,2026-09-10T23:22:28Z,library_hours:15,15,2026-09-14,America/Vancouver,regular,9am - 3pm,open,09:00,15:00,False,library_hours:15:2026-09,34f08656cf61ee3b02ce246bbe7673b66a265834f28376058ceb001571f258e8
library_hours:15:2026-09-15,https://hours.library.ubc.ca/#archives,vancouver,2026-09-10T23:22:28Z,library_hours:15,15,2026-09-15,America/Vancouver,regular,9am - 3pm,open,09:00,15:00,False,library_hours:15:2026-09,f82ee3122acd6a022fa0e3478495c17eb73330051fdabbcc701c6a4cf777ec04
library_hours:15:2026-09-16,https://hours.library.ubc.ca/#archives,vancouver,2026-09-10T23:22:28Z,library_hours:15,15,2026-09-16,America/Vancouver,regular,9am - 3pm,open,09:00,15:00,False,library_hours:15:2026-09,448a2b2bb4ae2492c72556e316dba9f656f9e6dbaa6d7b738e543bcc3f6325db
library_hours:15:2026-09-17,https://hours.library.ubc.ca/#archives,vancouver,2026-09-10T23:22:28Z,library_hours:15,15,2026-09-17,America/Vancouver,regular,9am - 3pm,open,09:00,15:00,False,library_hours:15:2026-09,c805fad613b062a18f06ca6a9b32b66381b05f08a84ff33b6bc7d9e05b338947
library_hours:15:2026-09-18,https://hours.library.ubc.ca/#archives,vancouver,2026-09-10T23:22:28Z,library_hours:15,15,2026-09-18,America/Vancouver,regular,9am - 3pm,open,09:00,15:00,False,library_hours:15:2026-09,46d00cbb76d6961524fdedd06ed8b5fb0c3dd900216bca3c81519ae6c46dfba2
library_hours:15:2026-09-19,https://hours.library.ubc.ca/#archives,vancouver,2026-09-10T23:22:28Z,library_hours:15,15,2026-09-19,America/Vancouver,regular,Closed*,closed,,,,library_hours:15:2026-09,10e8f0998de80b88b1349f65b1c3f6cf807cf26a00b638817242b6c62d7af3bf
library_hours:15:2026-09-20,https://hours.library.ubc.ca/#archives,vancouver,2026-09-10T23:22:28Z,library_hours:15,15,2026-09-20,America/Vancouver,regular,Closed*,closed,,,,library_hours:15:2026-09,080f9603d625e42549cb1fcd0d50e63d1ff41685d6250bf04cdb8ac061ce817d
library_hours:15:2026-09-21,https://hours.library.ubc.ca/#archives,vancouver,2026-09-10T23:22:28Z,library_hours:15,15,2026-09-21,America/Vancouver,regular,9am - 3pm,open,09:00,15:00,False,library_hours:15:2026-09,da1d8da4a4107241201ded4042a9088714738fbb3e943916c41fb3ff649363ac
library_hours:15:2026-09-22,https://hours.library.ubc.ca/#archives,vancouver,2026-09-10T23:22:28Z,library_hours:15,15,2026-09-22,America/Vancouver,regular,9am - 3pm,open,09:00,15:00,False,library_hours:15:2026-09,1ad645ebe165d0dd7ea3d1ea3aa910ade5902855f10f6789260cbf3fcf56ad6a
library_hours:15:2026-09-23,https://hours.library.ubc.ca/#archives,vancouver,2026-09-10T23:22:28Z,library_hours:15,15,2026-09-23,America/Vancouver,regular,9am - 3pm,open,09:00,15:00,False,library_hours:15:2026-09,8068223003ebcedec86d6a1a007da26c726c3504023b24e77beda62be0902a06
library_hours:15:2026-09-24,https://hours.library.ubc.ca/#archives,vancouver,2026-09-10T23:22:28Z,library_hours:15,15,2026-09-24,America/Vancouver,regular,9am - 3pm,open,09:00,15:00,False,library_hours:15:2026-09,4e924af75901e5bbd47ab4d69405f3956303354f63fb22c9ebb12f86f39ba4bc
library_hours:15:2026-09-25,https://hours.library.ubc.ca/#archives,vancouver,2026-09-10T23:22:28Z,library_hours:15,15,2026-09-25,America/Vancouver,regular,9am - 3pm,open,09:00,15:00,False,library_hours:15:2026-09,0670a4b84a8743ce46b908a432391e6d1ae59aac32cfd6283a6e70fd2de58a08
library_hours:15:2026-09-26,https://hours.library.ubc.ca/#archives,vancouver,2026-09-10T23:22:28Z,library_hours:15,15,2026-09-26,America/Vancouver,regular,Closed*,closed,,,,library_hours:15:2026-09,d112e7c11828f69217ca6b6cf77f39fec56c64070265d6d620fb1d1f470689ac
library_hours:15:2026-09-27,https://hours.library.ubc.ca/#archives,vancouver,2026-09-10T23:22:28Z,library_hours:15,15,2026-09-27,America/Vancouver,regular,Closed*,closed,,,,library_hours:15:2026-09,2e682f1f57d49ba52756e61b65327040d774afef7525c63bc1ce5f7572f80bef
library_hours:15:2026-09-28,https://hours.library.ubc.ca/#archives,vancouver,2026-09-10T23:22:28Z,library_hours:15,15,2026-09-28,America/Vancouver,regular,9am - 3pm,open,09:00,15:00,False,library_hours:15:2026-09,6a786cf55c08c53d15b39727f59844ed63d2c97fbd82ae8ed2d046ec249aed4a
library_hours:15:2026-09-29,https://hours.library.ubc.ca/#archives,vancouver,2026-09-10T23:22:28Z,library_hours:15,15,2026-09-29,America/Vancouver,regular,9am - 3pm,open,09:00,15:00,False,library_hours:15:2026-09,e8268b9c56350c090f91c15e21f903e0f552adc124b57a859c5ad3fc732b1e98
library_hours:15:2026-09-30,https://hours.library.ubc.ca/#archives,vancouver,2026-09-10T23:22:28Z,library_hours:15,15,2026-09-30,America/Vancouver,holiday,Closed* (NDTR),closed,,,,library_hours:15:2026-09,fa0d3fdf6ade536445a5567ab41f2b5b8e03c7e81d606c375c6b2d2f7e41db3f
library_hours:15:2026-10-01,https://hours.library.ubc.ca/#archives,vancouver,2026-09-10T23:22:28Z,library_hours:15,15,2026-10-01,America/Vancouver,regular,9am - 3pm,open,09:00,15:00,False,library_hours:15:2026-10,25b5415365d8aeee8ff20373b63d73037240e879114e3954843b78ab4ed3d086
library_hours:15:2026-10-02,https://hours.library.ubc.ca/#archives,vancouver,2026-09-10T23:22:28Z,library_hours:15,15,2026-10-02,America/Vancouver,regular,9am - 3pm,open,09:00,15:00,False,library_hours:15:2026-10,9d174d611abdf189aaaaa09603f1385404e626a7adfb673667c7fa22ee37e35b
library_hours:15:2026-10-03,https://hours.library.ubc.ca/#archives,vancouver,2026-09-10T23:22:28Z,library_hours:15,15,2026-10-03,America/Vancouver,regular,Closed*,closed,,,,library_hours:15:2026-10,cfe479fa2a57eeca6bda99958de4628ca2a640d98aa61bb460379d689c7ff190
library_hours:15:2026-10-04,https://hours.library.ubc.ca/#archives,vancouver,2026-09-10T23:22:28Z,library_hours:15,15,2026-10-04,America/Vancouver,regular,Closed*,closed,,,,library_hours:15:2026-10,5ff1327abb8f9e81daf47655768b5627bebd3f4d16133773a17e9254d499c0e6
library_hours:15:2026-10-05,https://hours.library.ubc.ca/#archives,vancouver,2026-09-10T23:22:28Z,library_hours:15,15,2026-10-05,America/Vancouver,regular,9am - 3pm,open,09:00,15:00,False,library_hours:15:2026-10,3060b771118eabb0eb2e97ca7dfd248fc9a8a98b070d7e103123946810e5a819
library_hours:15:2026-10-06,https://hours.library.ubc.ca/#archives,vancouver,2026-09-10T23:22:28Z,library_hours:15,15,2026-10-06,America/Vancouver,regular,9am - 3pm,open,09:00,15:00,False,library_hours:15:2026-10,2a9be718fa8b82f91b04536b7c444e841f94e750c2a8c5fca3d684966c46be62
library_hours:15:2026-10-07,https://hours.library.ubc.ca/#archives,vancouver,2026-09-10T23:22:28Z,library_hours:15,15,2026-10-07,America/Vancouver,regular,9am - 3pm,open,09:00,15:00,False,library_hours:15:2026-10,f96fa65b9ceb7d845f684d644d0fc70744c2abd4233ef95f2d25b378a37c7bec
library_hours:15:2026-10-08,https://hours.library.ubc.ca/#archives,vancouver,2026-09-10T23:22:28Z,library_hours:15,15,2026-10-08,America/Vancouver,regular,9am - 3pm,open,09:00,15:00,False,library_hours:15:2026-10,2e2a118f904bf8ecacfd04a20231b4e75b2ff68ab527ed2b1222f3ce67a3dab6
library_hours:15:2026-10-09,https://hours.library.ubc.ca/#archives,vancouver,2026-09-10T23:22:28Z,library_hours:15,15,2026-10-09,America/Vancouver,regular,9am - 3pm,open,09:00,15:00,False,library_hours:15:2026-10,f350ff92b30646657db0acccb6c6863de70a752e4a711f41d3175cf61d829688
library_hours:15:2026-10-10,https://hours.library.ubc.ca/#archives,vancouver,2026-09-10T23:22:28Z,library_hours:15,15,2026-10-10,America/Vancouver,regular,Closed*,closed,,,,library_hours:15:2026-10,cb7edf172484b048282ea8b18f1329db20154f030affddd1d9f2868a5f27d33d
library_hours:15:2026-10-11,https://hours.library.ubc.ca/#archives,vancouver,2026-09-10T23:22:28Z,library_hours:15,15,2026-10-11,America/Vancouver,regular,Closed*,closed,,,,library_hours:15:2026-10,c1d65ca808460c7d9a7ea80e4985190a12d725013792761b29fd6ebee5cc30cb
library_hours:15:2026-10-12,https://hours.library.ubc.ca/#archives,vancouver,2026-09-10T23:22:28Z,library_hours:15,15,2026-10-12,America/Vancouver,holiday,Closed* (Thanksgiving),closed,,,,library_hours:15:2026-10,6cd6fb6922f29ee1b8e3a94c658595f65de1b08648ed058783e30a06127ce1bc
library_hours:15:2026-10-13,https://hours.library.ubc.ca/#archives,vancouver,2026-09-10T23:22:28Z,library_hours:15,15,2026-10-13,America/Vancouver,regular,9am - 3pm,open,09:00,15:00,False,library_hours:15:2026-10,9c2fa3d21db1a0cda8f37c9746f42cbc6918ee49218e14a0dba77d561fa89447
library_hours:15:2026-10-14,https://hours.library.ubc.ca/#archives,vancouver,2026-09-10T23:22:28Z,library_hours:15,15,2026-10-14,America/Vancouver,regular,9am - 3pm,open,09:00,15:00,False,library_hours:15:2026-10,a9f81bfa65a173c527c345e477da59dcf9cb3ba37317b5ab9fa6a5581a3b9aec
library_hours:15:2026-10-15,https://hours.library.ubc.ca/#archives,vancouver,2026-09-10T23:22:28Z,library_hours:15,15,2026-10-15,America/Vancouver,regular,9am - 3pm,open,09:00,15:00,False,library_hours:15:2026-10,a6290cb0d81395b3abb6e103a0c8bad13d7522cef6a52e51321b209e1eb855eb
library_hours:15:2026-10-16,https://hours.library.ubc.ca/#archives,vancouver,2026-09-10T23:22:28Z,library_hours:15,15,2026-10-16,America/Vancouver,regular,9am - 3pm,open,09:00,15:00,False,library_hours:15:2026-10,2b033f639ec853c9926f7f59dff3517fa86324a065e479cb406dd48dc9785b92
library_hours:15:2026-10-17,https://hours.library.ubc.ca/#archives,vancouver,2026-09-10T23:22:28Z,library_hours:15,15,2026-10-17,America/Vancouver,regular,Closed*,closed,,,,library_hours:15:2026-10,dd204ed5e15bee15bf006b1eb6838f3c2ee0622b22fd23c07642f8e41e01a8fd
library_hours:15:2026-10-18,https://hours.library.ubc.ca/#archives,vancouver,2026-09-10T23:22:28Z,library_hours:15,15,2026-10-18,America/Vancouver,regular,Closed*,closed,,,,library_hours:15:2026-10,ce6fa04a332417d4918f5a53ecf6011678c2fdbc3e692faae06f94107ad673cf
library_hours:15:2026-10-19,https://hours.library.ubc.ca/#archives,vancouver,2026-09-10T23:22:28Z,library_hours:15,15,2026-10-19,America/Vancouver,regular,9am - 3pm,open,09:00,15:00,False,library_hours:15:2026-10,fa68b728abc59c540903b129e057a393222b9edb00758870ce2c94755df7809e
library_hours:15:2026-10-20,https://hours.library.ubc.ca/#archives,vancouver,2026-09-10T23:22:28Z,library_hours:15,15,2026-10-20,America/Vancouver,regular,9am - 3pm,open,09:00,15:00,False,library_hours:15:2026-10,9a41ab08369d657e3cf01e47b8c6604088882b531d52862afae60df33e414850
library_hours:15:2026-10-21,https://hours.library.ubc.ca/#archives,vancouver,2026-09-10T23:22:28Z,library_hours:15,15,2026-10-21,America/Vancouver,regular,9am - 3pm,open,09:00,15:00,False,library_hours:15:2026-10,92f26227a6110f46c451c28a40ce4943138d3c55a9e044b0c15e69252a467b0d
library_hours:15:2026-10-22,https://hours.library.ubc.ca/#archives,vancouver,2026-09-10T23:22:28Z,library_hours:15,15,2026-10-22,America/Vancouver,regular,9am - 3pm,open,09:00,15:00,False,library_hours:15:2026-10,32fd56316bf51d687b54f335caecea148c19215c9fe4fb5b56d2409d37698999
library_hours:15:2026-10-23,https://hours.library.ubc.ca/#archives,vancouver,2026-09-10T23:22:28Z,library_hours:15,15,2026-10-23,America/Vancouver,regular,9am - 3pm,open,09:00,15:00,False,library_hours:15:2026-10,6f136249b01b1e6efc02b446df029d09170d835b6af0f63182de4791fb94173b
library_hours:15:2026-10-24,https://hours.library.ubc.ca/#archives,vancouver,2026-09-10T23:22:28Z,library_hours:15,15,2026-10-24,America/Vancouver,regular,Closed*,closed,,,,library_hours:15:2026-10,080770465567d5cd7253d626baaff292abb20b10ede06114d546621ec49306a8
library_hours:15:2026-10-25,https://hours.library.ubc.ca/#archives,vancouver,2026-09-10T23:22:28Z,library_hours:15,15,2026-10-25,America/Vancouver,regular,Closed*,closed,,,,library_hours:15:2026-10,fadc14dc2881b732a41a2cb4f5ee76eb0c22950e9505b64f9c0abdd63a6ac08f
library_hours:15:2026-10-26,https://hours.library.ubc.ca/#archives,vancouver,2026-09-10T23:22:28Z,library_hours:15,15,2026-10-26,America/Vancouver,regular,9am - 3pm,open,09:00,15:00,False,library_hours:15:2026-10,59bd8337b9e9cb055c6d50082f6b098c677ee5bb8a05a57d508b237f050d29b8
library_hours:15:2026-10-27,https://hours.library.ubc.ca/#archives,vancouver,2026-09-10T23:22:28Z,library_hours:15,15,2026-10-27,America/Vancouver,regular,9am - 3pm,open,09:00,15:00,False,library_hours:15:2026-10,c3784b783dbc07557d8fee6fad9715089c9ee20e40de378e6abd175d9afc3d51
library_hours:15:2026-10-28,https://hours.library.ubc.ca/#archives,vancouver,2026-09-10T23:22:28Z,library_hours:15,15,2026-10-28,America/Vancouver,regular,9am - 3pm,open,09:00,15:00,False,library_hours:15:2026-10,e7f46b505d245f465317312012b4519c0625d015ba9d269008a9d7896f83a41b
library_hours:15:2026-10-29,https://hours.library.ubc.ca/#archives,vancouver,2026-09-10T23:22:28Z,library_hours:15,15,2026-10-29,America/Vancouver,regular,9am - 3pm,open,09:00,15:00,False,library_hours:15:2026-10,88f63497b51305cd75d40e9442002534c236ca80f2d6764e44830275906f4e14
library_hours:15:2026-10-30,https://hours.library.ubc.ca/#archives,vancouver,2026-09-10T23:22:28Z,library_hours:15,15,2026-10-30,America/Vancouver,regular,9am - 3pm,open,09:00,15:00,False,library_hours:15:2026-10,d3efc1827372bb07060edd9867b82b2b354cac5b991b7606dc98ed0b04465a82
library_hours:15:2026-10-31,https://hours.library.ubc.ca/#archives,vancouver,2026-09-10T23:22:28Z,library_hours:15,15,2026-10-31,America/Vancouver,regular,Closed*,closed,,,,library_hours:15:2026-10,10a83015591282d95d91a1569f7bfa7e8050933e74c6737caed8cd1f20fcd10f
library_hours:15:2026-11-01,https://hours.library.ubc.ca/#archives,vancouver,2026-09-10T23:22:28Z,library_hours:15,15,2026-11-01,America/Vancouver,regular,Closed*,closed,,,,library_hours:15:2026-11,0b0b0c73773e8090155eab135d8599d1b3d0d460dfabc3610bbd8f4dcb44f13b
library_hours:15:2026-11-02,https://hours.library.ubc.ca/#archives,vancouver,2026-09-10T23:22:28Z,library_hours:15,15,2026-11-02,America/Vancouver,regular,9am - 3pm,open,09:00,15:00,False,library_hours:15:2026-11,a8326d2aa716976683c0164128c64cf605a15e179a53da0ecb8566fb1d2bfca0
library_hours:15:2026-11-03,https://hours.library.ubc.ca/#archives,vancouver,2026-09-10T23:22:28Z,library_hours:15,15,2026-11-03,America/Vancouver,regular,9am - 3pm,open,09:00,15:00,False,library_hours:15:2026-11,b87526e988a3ac0a1c1e7da490940f794a39a0880b69858f672e1bf46afcca7e
library_hours:15:2026-11-04,https://hours.library.ubc.ca/#archives,vancouver,2026-09-10T23:22:28Z,library_hours:15,15,2026-11-04,America/Vancouver,regular,9am - 3pm,open,09:00,15:00,False,library_hours:15:2026-11,5e3e14e610c5a0175974ba1c38187f5f277957232cef4a4c22849c7dd46479b8
library_hours:15:2026-11-05,https://hours.library.ubc.ca/#archives,vancouver,2026-09-10T23:22:28Z,library_hours:15,15,2026-11-05,America/Vancouver,regular,9am - 3pm,open,09:00,15:00,False,library_hours:15:2026-11,09c50c07591baf34014a90324713f4123fb21c69a6645992ec78a1fb861cae59
library_hours:15:2026-11-06,https://hours.library.ubc.ca/#archives,vancouver,2026-09-10T23:22:28Z,library_hours:15,15,2026-11-06,America/Vancouver,regular,9am - 3pm,open,09:00,15:00,False,library_hours:15:2026-11,61c0af6fddc37f608b4a57a7b1c9ae896fba72a27460f0a463e632b7d8c4b73c
library_hours:15:2026-11-07,https://hours.library.ubc.ca/#archives,vancouver,2026-09-10T23:22:28Z,library_hours:15,15,2026-11-07,America/Vancouver,regular,Closed*,closed,,,,library_hours:15:2026-11,beebdaee46233dd6947664a166a4b1c2b6468eb22e80b0931c6a456796dcac1b
library_hours:15:2026-11-08,https://hours.library.ubc.ca/#archives,vancouver,2026-09-10T23:22:28Z,library_hours:15,15,2026-11-08,America/Vancouver,regular,Closed*,closed,,,,library_hours:15:2026-11,a27226eeb943735287b68f641bd026697b8b8ccc8bc537c5910386353772c846
library_hours:15:2026-11-09,https://hours.library.ubc.ca/#archives,vancouver,2026-09-10T23:22:28Z,library_hours:15,15,2026-11-09,America/Vancouver,exception,9am - 3pm,open,09:00,15:00,False,library_hours:15:2026-11,45e09233baa6f834371be456d3c0eb00da10d67821b7a1463b62b29310a3a928
library_hours:15:2026-11-10,https://hours.library.ubc.ca/#archives,vancouver,2026-09-10T23:22:28Z,library_hours:15,15,2026-11-10,America/Vancouver,exception,9am - 3pm,open,09:00,15:00,False,library_hours:15:2026-11,2f5896c3dfc4b7a667ff62f512fc19865c11fc236b11ba9085b0154661cc6f3b
library_hours:15:2026-11-11,https://hours.library.ubc.ca/#archives,vancouver,2026-09-10T23:22:28Z,library_hours:15,15,2026-11-11,America/Vancouver,holiday,Closed* (Remembrance Day ),closed,,,,library_hours:15:2026-11,6bd92f675e6fd4d0568ed2d8e896418df766b65a3844834abfcd86a8f2769662
library_hours:15:2026-11-12,https://hours.library.ubc.ca/#archives,vancouver,2026-09-10T23:22:28Z,library_hours:15,15,2026-11-12,America/Vancouver,regular,9am - 3pm,open,09:00,15:00,False,library_hours:15:2026-11,ce08083c030ea00a3597b5c622afbad50f0d78faf5b4744672b7f4e2ff987c7b
library_hours:15:2026-11-13,https://hours.library.ubc.ca/#archives,vancouver,2026-09-10T23:22:28Z,library_hours:15,15,2026-11-13,America/Vancouver,regular,9am - 3pm,open,09:00,15:00,False,library_hours:15:2026-11,7bb63f9d69ebfe934a24d75792a64016c3192330d2a231b8f8459e7d42159806
library_hours:15:2026-11-14,https://hours.library.ubc.ca/#archives,vancouver,2026-09-10T23:22:28Z,library_hours:15,15,2026-11-14,America/Vancouver,regular,Closed*,closed,,,,library_hours:15:2026-11,35f2f2756fc7bed4bb95780dba5920345c72a802ddb72bb37958dd637d36e852
library_hours:15:2026-11-15,https://hours.library.ubc.ca/#archives,vancouver,2026-09-10T23:22:28Z,library_hours:15,15,2026-11-15,America/Vancouver,regular,Closed*,closed,,,,library_hours:15:2026-11,18dd9debb4b1b66643964343d67d36d38c93fad2fc10bc9324ebdd6199e5c750
library_hours:15:2026-11-16,https://hours.library.ubc.ca/#archives,vancouver,2026-09-10T23:22:28Z,library_hours:15,15,2026-11-16,America/Vancouver,regular,9am - 3pm,open,09:00,15:00,False,library_hours:15:2026-11,39b79d9bc96b5e5eda61d1aa74d32ebddbec957f7b6463dc107086000ec4b095
library_hours:15:2026-11-17,https://hours.library.ubc.ca/#archives,vancouver,2026-09-10T23:22:28Z,library_hours:15,15,2026-11-17,America/Vancouver,regular,9am - 3pm,open,09:00,15:00,False,library_hours:15:2026-11,3e506be9abd254146bbe4649c8f939460e6761b51bfd064a4c8abec3d974d8fb
library_hours:15:2026-11-18,https://hours.library.ubc.ca/#archives,vancouver,2026-09-10T23:22:28Z,library_hours:15,15,2026-11-18,America/Vancouver,regular,9am - 3pm,open,09:00,15:00,False,library_hours:15:2026-11,54977796594d2d6c34cd22c95fa57a7bc11f86cbfab6f65d049d677eec2a9ea6
library_hours:15:2026-11-19,https://hours.library.ubc.ca/#archives,vancouver,2026-09-10T23:22:28Z,library_hours:15,15,2026-11-19,America/Vancouver,regular,9am - 3pm,open,09:00,15:00,False,library_hours:15:2026-11,0413c576b097b690e1f2df43b22a2f32bd20d379739078b8b12c74219be2827c
library_hours:15:2026-11-20,https://hours.library.ubc.ca/#archives,vancouver,2026-09-10T23:22:28Z,library_hours:15,15,2026-11-20,America/Vancouver,regular,9am - 3pm,open,09:00,15:00,False,library_hours:15:2026-11,b2daa1e53a83582cf87b843cc1c5a2a97d1cb35e38517406ad69e5bd3cf75fbf
library_hours:15:2026-11-21,https://hours.library.ubc.ca/#archives,vancouver,2026-09-10T23:22:28Z,library_hours:15,15,2026-11-21,America/Vancouver,regular,Closed*,closed,,,,library_hours:15:2026-11,db87dba5dca2e03a6bf70b7ecc030e3cf94dec71f788e73ecb9f314df02cb34a
library_hours:15:2026-11-22,https://hours.library.ubc.ca/#archives,vancouver,2026-09-10T23:22:28Z,library_hours:15,15,2026-11-22,America/Vancouver,regular,Closed*,closed,,,,library_hours:15:2026-11,8f0de6e98d79ca95310c01b6fd1faa1b55f866d6b009568ec4ae834455bffb6c
library_hours:15:2026-11-23,https://hours.library.ubc.ca/#archives,vancouver,2026-09-10T23:22:28Z,library_hours:15,15,2026-11-23,America/Vancouver,regular,9am - 3pm,open,09:00,15:00,False,library_hours:15:2026-11,a1cfb1d71301731f98fba9bdebfce05b562a0715e4fe4e4d80424ab322fce262
library_hours:15:2026-11-24,https://hours.library.ubc.ca/#archives,vancouver,2026-09-10T23:22:28Z,library_hours:15,15,2026-11-24,America/Vancouver,regular,9am - 3pm,open,09:00,15:00,False,library_hours:15:2026-11,41c76249b7b98763f262076c695ab2c14769833774ab22606563d89f14b88c9a
library_hours:15:2026-11-25,https://hours.library.ubc.ca/#archives,vancouver,2026-09-10T23:22:28Z,library_hours:15,15,2026-11-25,America/Vancouver,regular,9am - 3pm,open,09:00,15:00,False,library_hours:15:2026-11,f6b7fef60c789039c9d2a6d07151cbf6a39c7110121bded137d12fa0bc51507e
library_hours:15:2026-11-26,https://hours.library.ubc.ca/#archives,vancouver,2026-09-10T23:22:28Z,library_hours:15,15,2026-11-26,America/Vancouver,regular,9am - 3pm,open,09:00,15:00,False,library_hours:15:2026-11,9042135e72b908f7068b483496a1295a3d65a3046ba093241cb56b69199c866c
library_hours:15:2026-11-27,https://hours.library.ubc.ca/#archives,vancouver,2026-09-10T23:22:28Z,library_hours:15,15,2026-11-27,America/Vancouver,regular,9am - 3pm,open,09:00,15:00,False,library_hours:15:2026-11,3b14b76c06cce47907f141a7e6bb54062e45895d4b20be513c92d1b367abebb9
library_hours:15:2026-11-28,https://hours.library.ubc.ca/#archives,vancouver,2026-09-10T23:22:28Z,library_hours:15,15,2026-11-28,America/Vancouver,regular,Closed*,closed,,,,library_hours:15:2026-11,e7d2feebd1b442dcc258c655501aacc0f74cc0738aa154440d185d2ca1ca215c
library_hours:15:2026-11-29,https://hours.library.ubc.ca/#archives,vancouver,2026-09-10T23:22:28Z,library_hours:15,15,2026-11-29,America/Vancouver,regular,Closed*,closed,,,,library_hours:15:2026-11,5eaff2ad9b4208d5e506b02b4b3f5590accf5a96b7c26a06cc232a662722f0ac
library_hours:15:2026-11-30,https://hours.library.ubc.ca/#archives,vancouver,2026-09-10T23:22:28Z,library_hours:15,15,2026-11-30,America/Vancouver,regular,9am - 3pm,open,09:00,15:00,False,library_hours:15:2026-11,b5046fc93ba250d17245f5667df514ef79b820ee81db76b705c72b6e5889ec0c
library_hours:15:2026-12-01,https://hours.library.ubc.ca/#archives,vancouver,2026-09-10T23:22:28Z,library_hours:15,15,2026-12-01,America/Vancouver,regular,9am - 3pm,open,09:00,15:00,False,library_hours:15:2026-12,b3ce5741cc3c9b0068365000e95038ab92981e5023e88e22304c861891904897
library_hours:15:2026-12-02,https://hours.library.ubc.ca/#archives,vancouver,2026-09-10T23:22:28Z,library_hours:15,15,2026-12-02,America/Vancouver,regular,9am - 3pm,open,09:00,15:00,False,library_hours:15:2026-12,64d6aa1e01119fe27c9bdd8de38d50bc612582d310e1fa9c34643c02a860e280
library_hours:15:2026-12-03,https://hours.library.ubc.ca/#archives,vancouver,2026-09-10T23:22:28Z,library_hours:15,15,2026-12-03,America/Vancouver,regular,9am - 3pm,open,09:00,15:00,False,library_hours:15:2026-12,99ba13d931115b8d89cbfd3d0e39a800653f50783945af8be72b18f1c80d7601
library_hours:15:2026-12-04,https://hours.library.ubc.ca/#archives,vancouver,2026-09-10T23:22:28Z,library_hours:15,15,2026-12-04,America/Vancouver,regular,9am - 3pm,open,09:00,15:00,False,library_hours:15:2026-12,5bf726d7d7887263b39039b2f1f3a15a78f503d456878e543a7012c07e3c8a26
library_hours:15:2026-12-05,https://hours.library.ubc.ca/#archives,vancouver,2026-09-10T23:22:28Z,library_hours:15,15,2026-12-05,America/Vancouver,regular,Closed*,closed,,,,library_hours:15:2026-12,b665e94aae1efd79b860aa06a48aa42418a25544aed34b6b370f993899f91ed1
library_hours:15:2026-12-06,https://hours.library.ubc.ca/#archives,vancouver,2026-09-10T23:22:28Z,library_hours:15,15,2026-12-06,America/Vancouver,regular,Closed*,closed,,,,library_hours:15:2026-12,d5f9d8624070aae5fba43db4b7764ce530a5196597bda11e1ba8f284e22fb415
library_hours:15:2026-12-07,https://hours.library.ubc.ca/#archives,vancouver,2026-09-10T23:22:28Z,library_hours:15,15,2026-12-07,America/Vancouver,regular,9am - 3pm,open,09:00,15:00,False,library_hours:15:2026-12,29f2936e5fa56668bc69df1f33af062c16c6050e82bdff83dc18df404a6a5d21
library_hours:15:2026-12-08,https://hours.library.ubc.ca/#archives,vancouver,2026-09-10T23:22:28Z,library_hours:15,15,2026-12-08,America/Vancouver,regular,9am - 3pm,open,09:00,15:00,False,library_hours:15:2026-12,19d29aa79e3690346253b6e3ccffb47b6505a09bbaedaf16afd2f9423be3886e
library_hours:15:2026-12-09,https://hours.library.ubc.ca/#archives,vancouver,2026-09-10T23:22:28Z,library_hours:15,15,2026-12-09,America/Vancouver,regular,9am - 3pm,open,09:00,15:00,False,library_hours:15:2026-12,6e7165ce6a04741d3d99395e3dfff51cc65057cd27ec4be2900004fd85191fce
library_hours:15:2026-12-10,https://hours.library.ubc.ca/#archives,vancouver,2026-09-10T23:22:28Z,library_hours:15,15,2026-12-10,America/Vancouver,regular,9am - 3pm,open,09:00,15:00,False,library_hours:15:2026-12,58460f22e9e2d9eb7312435c9d3f407cd96842b5c4b0223de84b7a535dcaae61
library_hours:15:2026-12-11,https://hours.library.ubc.ca/#archives,vancouver,2026-09-10T23:22:28Z,library_hours:15,15,2026-12-11,America/Vancouver,regular,9am - 3pm,open,09:00,15:00,False,library_hours:15:2026-12,a103e79bba551a2c3ea20df0a590b9d97058df2b99bde14a8f01a4d7eae23a42
library_hours:15:2026-12-12,https://hours.library.ubc.ca/#archives,vancouver,2026-09-10T23:22:28Z,library_hours:15,15,2026-12-12,America/Vancouver,regular,Closed*,closed,,,,library_hours:15:2026-12,6c2753344f87d8e3f8005d57687180406e6e6fa4ee080b2911c8e5adfd09504c
library_hours:15:2026-12-13,https://hours.library.ubc.ca/#archives,vancouver,2026-09-10T23:22:28Z,library_hours:15,15,2026-12-13,America/Vancouver,regular,Closed*,closed,,,,library_hours:15:2026-12,daa85ab8e82f14ccb8fa38b0af05919add693631b0133c35976ed3e5107e4a1e
library_hours:15:2026-12-14,https://hours.library.ubc.ca/#archives,vancouver,2026-09-10T23:22:28Z,library_hours:15,15,2026-12-14,America/Vancouver,regular,9am - 3pm,open,09:00,15:00,False,library_hours:15:2026-12,079f3a12e1a0cc35eacd7968a6e5ddc6a86566fb5b5244efa74a8d7abcc6baf3
library_hours:15:2026-12-15,https://hours.library.ubc.ca/#archives,vancouver,2026-09-10T23:22:28Z,library_hours:15,15,2026-12-15,America/Vancouver,regular,9am - 3pm,open,09:00,15:00,False,library_hours:15:2026-12,40af6bb78b115e0292e3ede6d5de80c4b0e489a21d3f99cb402e34ad4b7378fd
library_hours:15:2026-12-16,https://hours.library.ubc.ca/#archives,vancouver,2026-09-10T23:22:28Z,library_hours:15,15,2026-12-16,America/Vancouver,regular,9am - 3pm,open,09:00,15:00,False,library_hours:15:2026-12,9da2ffc4b6c636e6e3266ae7ca70764c381a4c7714acbcd990a826dd84b43379
library_hours:15:2026-12-17,https://hours.library.ubc.ca/#archives,vancouver,2026-09-10T23:22:28Z,library_hours:15,15,2026-12-17,America/Vancouver,regular,9am - 3pm,open,09:00,15:00,False,library_hours:15:2026-12,7c87deface3c572db39afe4899a63fec8de8fa6e5094f3385c161caf9971c518
library_hours:15:2026-12-18,https://hours.library.ubc.ca/#archives,vancouver,2026-09-10T23:22:28Z,library_hours:15,15,2026-12-18,America/Vancouver,regular,9am - 3pm,open,09:00,15:00,False,library_hours:15:2026-12,22afc8ee0bb48fc9a96e52023cfd865b7a694b55ae25b313a7e046c2fba3d4ff
library_hours:15:2026-12-19,https://hours.library.ubc.ca/#archives,vancouver,2026-09-10T23:22:28Z,library_hours:15,15,2026-12-19,America/Vancouver,regular,Closed*,closed,,,,library_hours:15:2026-12,182bcab8749ad26bb7faf11159388a148f68092bc8f4d275f72aad17e890a7ea
library_hours:15:2026-12-20,https://hours.library.ubc.ca/#archives,vancouver,2026-09-10T23:22:28Z,library_hours:15,15,2026-12-20,America/Vancouver,regular,Closed*,closed,,,,library_hours:15:2026-12,b69dd487347797deb25c4d9f55b388fff4e1146d52ee6eb5bee0bf49f644b9e5
library_hours:15:2026-12-21,https://hours.library.ubc.ca/#archives,vancouver,2026-09-10T23:22:28Z,library_hours:15,15,2026-12-21,America/Vancouver,regular,9am - 3pm,open,09:00,15:00,False,library_hours:15:2026-12,b4d1701f49fb5627ab30a6f6e3bd0909e6a267bd6d9a3c57502bb502c954f5cd
library_hours:15:2026-12-22,https://hours.library.ubc.ca/#archives,vancouver,2026-09-10T23:22:28Z,library_hours:15,15,2026-12-22,America/Vancouver,regular,9am - 3pm,open,09:00,15:00,False,library_hours:15:2026-12,e667bc135ccfbbfaed98380d6840a70bfbd4b2bd74076c1a9ca615e4a4f5f998
library_hours:15:2026-12-23,https://hours.library.ubc.ca/#archives,vancouver,2026-09-10T23:22:28Z,library_hours:15,15,2026-12-23,America/Vancouver,holiday,9am - 3pm,open,09:00,15:00,False,library_hours:15:2026-12,1444d1671f33808566ec5cc3c81c1779cd8e67b945f908c0f0e251bd54ea1922
library_hours:15:2026-12-24,https://hours.library.ubc.ca/#archives,vancouver,2026-09-10T23:22:28Z,library_hours:15,15,2026-12-24,America/Vancouver,holiday,9am - 3pm,open,09:00,15:00,False,library_hours:15:2026-12,ee072ea4eef0a98dd162f683efbb16ff26f07a70cad970db59cdda2cae13f9a5
library_hours:15:2026-12-25,https://hours.library.ubc.ca/#archives,vancouver,2026-09-10T23:22:28Z,library_hours:15,15,2026-12-25,America/Vancouver,holiday,Closed*,closed,,,,library_hours:15:2026-12,cf66b773a9ec055ff14f6360abab5198730591dbbba9a9064b0d3b9e9dfd93f6
library_hours:15:2026-12-26,https://hours.library.ubc.ca/#archives,vancouver,2026-09-10T23:22:28Z,library_hours:15,15,2026-12-26,America/Vancouver,holiday,Closed*,closed,,,,library_hours:15:2026-12,76f68c3fe8b51e793fbd08ad76ace0e546457d5c0062afcc4d8ec87e6a2afeb3
library_hours:15:2026-12-27,https://hours.library.ubc.ca/#archives,vancouver,2026-09-10T23:22:28Z,library_hours:15,15,2026-12-27,America/Vancouver,holiday,Closed*,closed,,,,library_hours:15:2026-12,87120a499612dc7fe140ebdcd21a90cab6c1bac324fbc6e234f63ce9908f3a95
library_hours:15:2026-12-28,https://hours.library.ubc.ca/#archives,vancouver,2026-09-10T23:22:28Z,library_hours:15,15,2026-12-28,America/Vancouver,holiday,Closed*,closed,,,,library_hours:15:2026-12,91182ba589c230ea1db23ad1d1ddd86367a3a913b0f001482d9d8dde572a4660
library_hours:15:2026-12-29,https://hours.library.ubc.ca/#archives,vancouver,2026-09-10T23:22:28Z,library_hours:15,15,2026-12-29,America/Vancouver,holiday,Closed*,closed,,,,library_hours:15:2026-12,c8c728a036ef9a1101b701fb445607ac550d3639bddda123bbe58d51ba142a08
library_hours:15:2026-12-30,https://hours.library.ubc.ca/#archives,vancouver,2026-09-10T23:22:28Z,library_hours:15,15,2026-12-30,America/Vancouver,holiday,Closed*,closed,,,,library_hours:15:2026-12,5cece2881aa02bb955a7e3ebbda7ae55072a0507c9537c53879c6e61ce2ea33b
library_hours:15:2026-12-31,https://hours.library.ubc.ca/#archives,vancouver,2026-09-10T23:22:28Z,library_hours:15,15,2026-12-31,America/Vancouver,holiday,Closed*,closed,,,,library_hours:15:2026-12,2614bc853c146742b9977d6c698882abce7370c577412a6b1900aadab946cc65
library_hours:17:2026-09-01,https://hours.library.ubc.ca/#law,vancouver,2026-09-10T23:22:28Z,library_hours:17,17,2026-09-01,America/Vancouver,exception,9am - 5pm,open,09:00,17:00,False,library_hours:17:2026-09,156a950be107cd2bbcd050d540123a59105a2119d9048bbc53c2e976d0a62490
library_hours:17:2026-09-02,https://hours.library.ubc.ca/#law,vancouver,2026-09-10T23:22:28Z,library_hours:17,17,2026-09-02,America/Vancouver,exception,9am - 5pm,open,09:00,17:00,False,library_hours:17:2026-09,e4878a6c1c73e9c3cbf91c22214fae8b00370b1bf5a0e05e537bf9704b1265c4
library_hours:17:2026-09-03,https://hours.library.ubc.ca/#law,vancouver,2026-09-10T23:22:28Z,library_hours:17,17,2026-09-03,America/Vancouver,exception,9am - 5pm,open,09:00,17:00,False,library_hours:17:2026-09,c8eac2cfc05260c4ef3a5aeab2c248d7cb72dba7cc1afbd290df014f077f0fad
library_hours:17:2026-09-04,https://hours.library.ubc.ca/#law,vancouver,2026-09-10T23:22:28Z,library_hours:17,17,2026-09-04,America/Vancouver,exception,9am - 5pm,open,09:00,17:00,False,library_hours:17:2026-09,c107cbb0a84ee0618d18fbd4364a26550ecd8a44993f3d5e49337921c310eeed
library_hours:17:2026-09-05,https://hours.library.ubc.ca/#law,vancouver,2026-09-10T23:22:28Z,library_hours:17,17,2026-09-05,America/Vancouver,exception,Closed*,closed,,,,library_hours:17:2026-09,1dbe679ceb31148ded1891e2338cd622fd0e214577d124af90ebc8c5bf67f8a8
library_hours:17:2026-09-06,https://hours.library.ubc.ca/#law,vancouver,2026-09-10T23:22:28Z,library_hours:17,17,2026-09-06,America/Vancouver,exception,Closed*,closed,,,,library_hours:17:2026-09,56e31f8ec2b67c06c2b082ba11fa23f71e846762f28b7f5189eb7aaac0bb8a0b
library_hours:17:2026-09-07,https://hours.library.ubc.ca/#law,vancouver,2026-09-10T23:22:28Z,library_hours:17,17,2026-09-07,America/Vancouver,holiday,Closed*,closed,,,,library_hours:17:2026-09,f83f947c675fc0d3e3a0ed3989410042392040d6c7592db9c32e7881904c2e1d
library_hours:17:2026-09-08,https://hours.library.ubc.ca/#law,vancouver,2026-09-10T23:22:28Z,library_hours:17,17,2026-09-08,America/Vancouver,regular,8:30am - 9pm,open,08:30,21:00,False,library_hours:17:2026-09,529a414161a11bdaa9c9ac8ba6dc6c3bd03bebce5c05d7299bca368422ee5e08
library_hours:17:2026-09-09,https://hours.library.ubc.ca/#law,vancouver,2026-09-10T23:22:28Z,library_hours:17,17,2026-09-09,America/Vancouver,regular,8:30am - 9pm,open,08:30,21:00,False,library_hours:17:2026-09,0beab555bb677901852bb7635fbe3c91dc528e560a13ef949c68eb1a204d9115
library_hours:17:2026-09-10,https://hours.library.ubc.ca/#law,vancouver,2026-09-10T23:22:28Z,library_hours:17,17,2026-09-10,America/Vancouver,regular,8:30am - 9pm,open,08:30,21:00,False,library_hours:17:2026-09,707504fd1d1323577b060af5a45365a04df382ec4e1ba401d6557156001f878f
library_hours:17:2026-09-11,https://hours.library.ubc.ca/#law,vancouver,2026-09-10T23:22:28Z,library_hours:17,17,2026-09-11,America/Vancouver,regular,8:30am - 6pm,open,08:30,18:00,False,library_hours:17:2026-09,8818618577e2d88454f977f1f42dcdcbff8f4ba71dcb7981fb95bf3d082ff9eb
library_hours:17:2026-09-12,https://hours.library.ubc.ca/#law,vancouver,2026-09-10T23:22:28Z,library_hours:17,17,2026-09-12,America/Vancouver,regular,10am - 6pm,open,10:00,18:00,False,library_hours:17:2026-09,8225749d310e234d4f5e6cf89fb48a0f0cbccb0fd3de454d62103c67305d08f1
library_hours:17:2026-09-13,https://hours.library.ubc.ca/#law,vancouver,2026-09-10T23:22:28Z,library_hours:17,17,2026-09-13,America/Vancouver,regular,Closed*,closed,,,,library_hours:17:2026-09,0f79cc938c43eb5d6a6c24a746b6e1c4c08d61973f00c89d1710b5fb402326b7
library_hours:17:2026-09-14,https://hours.library.ubc.ca/#law,vancouver,2026-09-10T23:22:28Z,library_hours:17,17,2026-09-14,America/Vancouver,regular,8:30am - 9pm,open,08:30,21:00,False,library_hours:17:2026-09,c5fe06afe33f670546f5342804f5de42eed57ed2ae8925a8e4fbd66776652be6
library_hours:17:2026-09-15,https://hours.library.ubc.ca/#law,vancouver,2026-09-10T23:22:28Z,library_hours:17,17,2026-09-15,America/Vancouver,regular,8:30am - 9pm,open,08:30,21:00,False,library_hours:17:2026-09,aaf9e6571d05a57320c29b7243111bf78d5d94aece77ad359378c66f3611003d
library_hours:17:2026-09-16,https://hours.library.ubc.ca/#law,vancouver,2026-09-10T23:22:28Z,library_hours:17,17,2026-09-16,America/Vancouver,regular,8:30am - 9pm,open,08:30,21:00,False,library_hours:17:2026-09,8c924a39a27bad6ed5900ea68dc97f1f6dd54841af1ded8d614cd32d303fa853
library_hours:17:2026-09-17,https://hours.library.ubc.ca/#law,vancouver,2026-09-10T23:22:28Z,library_hours:17,17,2026-09-17,America/Vancouver,regular,8:30am - 9pm,open,08:30,21:00,False,library_hours:17:2026-09,7fe7a0aaafc42b0ba8b822483c99e50e9717755e0b72e7c7c4444491d2e1e779
library_hours:17:2026-09-18,https://hours.library.ubc.ca/#law,vancouver,2026-09-10T23:22:28Z,library_hours:17,17,2026-09-18,America/Vancouver,regular,8:30am - 6pm,open,08:30,18:00,False,library_hours:17:2026-09,2a01723005107274c5205cf56c067f26895e08d93fb7822042a9d280a7bbccff
library_hours:17:2026-09-19,https://hours.library.ubc.ca/#law,vancouver,2026-09-10T23:22:28Z,library_hours:17,17,2026-09-19,America/Vancouver,regular,10am - 6pm,open,10:00,18:00,False,library_hours:17:2026-09,880454fb860e13a63949286de851aa47e640bd641def6b40f3473faa573a2e4f
library_hours:17:2026-09-20,https://hours.library.ubc.ca/#law,vancouver,2026-09-10T23:22:28Z,library_hours:17,17,2026-09-20,America/Vancouver,regular,Closed*,closed,,,,library_hours:17:2026-09,32a79cf25f01e055e2adf55cf3db6f01c34ba1e2e2001ddfa7c6cedea67f4306
library_hours:17:2026-09-21,https://hours.library.ubc.ca/#law,vancouver,2026-09-10T23:22:28Z,library_hours:17,17,2026-09-21,America/Vancouver,regular,8:30am - 9pm,open,08:30,21:00,False,library_hours:17:2026-09,4842e22e566707de293eedfa88dd80741340ae6d891b6ceacf657f36b0bd69ed
library_hours:17:2026-09-22,https://hours.library.ubc.ca/#law,vancouver,2026-09-10T23:22:28Z,library_hours:17,17,2026-09-22,America/Vancouver,regular,8:30am - 9pm,open,08:30,21:00,False,library_hours:17:2026-09,244092e3a93cc41581b9fe859a82ba6b3b00382b842bc3d19daacc5a645cc955
library_hours:17:2026-09-23,https://hours.library.ubc.ca/#law,vancouver,2026-09-10T23:22:28Z,library_hours:17,17,2026-09-23,America/Vancouver,regular,8:30am - 9pm,open,08:30,21:00,False,library_hours:17:2026-09,6cd489b79a87745338e37ad8edcbc9e398758260b5dc3fdd169e8c3a52571c5b
library_hours:17:2026-09-24,https://hours.library.ubc.ca/#law,vancouver,2026-09-10T23:22:28Z,library_hours:17,17,2026-09-24,America/Vancouver,regular,8:30am - 9pm,open,08:30,21:00,False,library_hours:17:2026-09,3531d98202ba350e17737fa5721892ba64f3cb2a57815c8d8aa90a089c2561b4
library_hours:17:2026-09-25,https://hours.library.ubc.ca/#law,vancouver,2026-09-10T23:22:28Z,library_hours:17,17,2026-09-25,America/Vancouver,regular,8:30am - 6pm,open,08:30,18:00,False,library_hours:17:2026-09,e2546e66aa4a2cbc95528c5f9f383e30144ec21bb9059d7d2c6059766513967c
library_hours:17:2026-09-26,https://hours.library.ubc.ca/#law,vancouver,2026-09-10T23:22:28Z,library_hours:17,17,2026-09-26,America/Vancouver,regular,10am - 6pm,open,10:00,18:00,False,library_hours:17:2026-09,a4a6f975362d2bc0b881c875f60e0f9bb18e35cbeb0d314405e51223b31ec63e
library_hours:17:2026-09-27,https://hours.library.ubc.ca/#law,vancouver,2026-09-10T23:22:28Z,library_hours:17,17,2026-09-27,America/Vancouver,regular,Closed*,closed,,,,library_hours:17:2026-09,19a95d70d415a9ffb5195d124dadbdc5bc006fb889d1c29a7f19a54a6ad3dce2
library_hours:17:2026-09-28,https://hours.library.ubc.ca/#law,vancouver,2026-09-10T23:22:28Z,library_hours:17,17,2026-09-28,America/Vancouver,regular,8:30am - 9pm,open,08:30,21:00,False,library_hours:17:2026-09,926fcab916e785cf042cb2d2bfd0d51c72edea27e5041071cb5caa5e684c1233
library_hours:17:2026-09-29,https://hours.library.ubc.ca/#law,vancouver,2026-09-10T23:22:28Z,library_hours:17,17,2026-09-29,America/Vancouver,regular,8:30am - 9pm,open,08:30,21:00,False,library_hours:17:2026-09,842882e9daa7fe70dc25a52878d300ee9963622bb2f3553680fc9e621b310f5a
library_hours:17:2026-09-30,https://hours.library.ubc.ca/#law,vancouver,2026-09-10T23:22:28Z,library_hours:17,17,2026-09-30,America/Vancouver,holiday,Closed* (NDTR),closed,,,,library_hours:17:2026-09,7998689be0ba682dfd53eb6960967561c8073eb5fe4d1962bb97ed124f8fca8c
library_hours:17:2026-10-01,https://hours.library.ubc.ca/#law,vancouver,2026-09-10T23:22:28Z,library_hours:17,17,2026-10-01,America/Vancouver,regular,8:30am - 9pm,open,08:30,21:00,False,library_hours:17:2026-10,7f171aebcb683a5b9b011346254690e885c5810674d087a737adb0e0845186b3
library_hours:17:2026-10-02,https://hours.library.ubc.ca/#law,vancouver,2026-09-10T23:22:28Z,library_hours:17,17,2026-10-02,America/Vancouver,regular,8:30am - 6pm,open,08:30,18:00,False,library_hours:17:2026-10,f85299bb5a39b9bc84fdb98c99107fdee89d4a44fb1baf36786e7fa67bee04fb
library_hours:17:2026-10-03,https://hours.library.ubc.ca/#law,vancouver,2026-09-10T23:22:28Z,library_hours:17,17,2026-10-03,America/Vancouver,regular,10am - 6pm,open,10:00,18:00,False,library_hours:17:2026-10,1eb3afe0572b439edafd4a1b3c32310be5c2e396c13b26ecee12ef92aba2895d
library_hours:17:2026-10-04,https://hours.library.ubc.ca/#law,vancouver,2026-09-10T23:22:28Z,library_hours:17,17,2026-10-04,America/Vancouver,regular,Closed*,closed,,,,library_hours:17:2026-10,2fe21df26b40e88eea548c37b03dbca8005d437c6f6c8320d36f0b71c236870c
library_hours:17:2026-10-05,https://hours.library.ubc.ca/#law,vancouver,2026-09-10T23:22:28Z,library_hours:17,17,2026-10-05,America/Vancouver,regular,8:30am - 9pm,open,08:30,21:00,False,library_hours:17:2026-10,62cc4b6e54b4f572c275132fc1415d8eb7f0bbdfd7fe82717cafdc202cae362a
library_hours:17:2026-10-06,https://hours.library.ubc.ca/#law,vancouver,2026-09-10T23:22:28Z,library_hours:17,17,2026-10-06,America/Vancouver,regular,8:30am - 9pm,open,08:30,21:00,False,library_hours:17:2026-10,49d23b53532bb80b52d1521deac10393cce85e2185357835d50a9c216e8121a4
library_hours:17:2026-10-07,https://hours.library.ubc.ca/#law,vancouver,2026-09-10T23:22:28Z,library_hours:17,17,2026-10-07,America/Vancouver,regular,8:30am - 9pm,open,08:30,21:00,False,library_hours:17:2026-10,4faf78cdc6345f32b76dec8fce7fd7f54ba62b92cd2faedde49f6e05e4922929
library_hours:17:2026-10-08,https://hours.library.ubc.ca/#law,vancouver,2026-09-10T23:22:28Z,library_hours:17,17,2026-10-08,America/Vancouver,regular,8:30am - 9pm,open,08:30,21:00,False,library_hours:17:2026-10,eeda8fad051ea988c69847177ac75741cffde9e408e760f2a74b3eb8daa8550a
library_hours:17:2026-10-09,https://hours.library.ubc.ca/#law,vancouver,2026-09-10T23:22:28Z,library_hours:17,17,2026-10-09,America/Vancouver,regular,8:30am - 6pm,open,08:30,18:00,False,library_hours:17:2026-10,fbd76fbcb46bce576a72827add2660acea3fde3f50578854a3fcc9f3245b2b68
library_hours:17:2026-10-10,https://hours.library.ubc.ca/#law,vancouver,2026-09-10T23:22:28Z,library_hours:17,17,2026-10-10,America/Vancouver,regular,10am - 6pm,open,10:00,18:00,False,library_hours:17:2026-10,9a1d8cbb4474b18ef8429da66816625add552d0ecd0015a49b7bc78829b54b64
library_hours:17:2026-10-11,https://hours.library.ubc.ca/#law,vancouver,2026-09-10T23:22:28Z,library_hours:17,17,2026-10-11,America/Vancouver,regular,Closed*,closed,,,,library_hours:17:2026-10,67e1476317a660b9c1ebdf463aa2adee4845e18fe58a39c651105fbf33092f74
library_hours:17:2026-10-12,https://hours.library.ubc.ca/#law,vancouver,2026-09-10T23:22:28Z,library_hours:17,17,2026-10-12,America/Vancouver,holiday,Closed* (Thanksgiving),closed,,,,library_hours:17:2026-10,25bc6497e7c7605bb44625dae35ba801515a7865987d880b22d7047b8a415c5c
library_hours:17:2026-10-13,https://hours.library.ubc.ca/#law,vancouver,2026-09-10T23:22:28Z,library_hours:17,17,2026-10-13,America/Vancouver,regular,8:30am - 9pm,open,08:30,21:00,False,library_hours:17:2026-10,ed8d3a33d48bd04c0db3f84e5243ba875cdcdbd38f7955b49220cd1ee573eda1
library_hours:17:2026-10-14,https://hours.library.ubc.ca/#law,vancouver,2026-09-10T23:22:28Z,library_hours:17,17,2026-10-14,America/Vancouver,regular,8:30am - 9pm,open,08:30,21:00,False,library_hours:17:2026-10,69decfa7d833a8d6495d1382b7745fe604c0ba30c89884a1a88dbca6aee6317f
library_hours:17:2026-10-15,https://hours.library.ubc.ca/#law,vancouver,2026-09-10T23:22:28Z,library_hours:17,17,2026-10-15,America/Vancouver,regular,8:30am - 9pm,open,08:30,21:00,False,library_hours:17:2026-10,01c9d6f0b2003f5d422a5c211f179b0efddf9ce4383213ec8c7797092ee38d41
library_hours:17:2026-10-16,https://hours.library.ubc.ca/#law,vancouver,2026-09-10T23:22:28Z,library_hours:17,17,2026-10-16,America/Vancouver,regular,8:30am - 6pm,open,08:30,18:00,False,library_hours:17:2026-10,7c63fec3a5c0a13e0320211b109a74b47ece2b72a00f7b31efd55971b9665ca7
library_hours:17:2026-10-17,https://hours.library.ubc.ca/#law,vancouver,2026-09-10T23:22:28Z,library_hours:17,17,2026-10-17,America/Vancouver,regular,10am - 6pm,open,10:00,18:00,False,library_hours:17:2026-10,56a17d076ac5c2f08e6bfa839b4ee8df3160a1bbaefb985113c297f0a3736a11
library_hours:17:2026-10-18,https://hours.library.ubc.ca/#law,vancouver,2026-09-10T23:22:28Z,library_hours:17,17,2026-10-18,America/Vancouver,regular,Closed*,closed,,,,library_hours:17:2026-10,7d717846391104b2587af540a9a731a5ed91fa50836d67d206e2823474db27e8
library_hours:17:2026-10-19,https://hours.library.ubc.ca/#law,vancouver,2026-09-10T23:22:28Z,library_hours:17,17,2026-10-19,America/Vancouver,regular,8:30am - 9pm,open,08:30,21:00,False,library_hours:17:2026-10,bc6ca549da01981c0866e8bc38565722eda5998df3bde9740d9394489236f3f6
library_hours:17:2026-10-20,https://hours.library.ubc.ca/#law,vancouver,2026-09-10T23:22:28Z,library_hours:17,17,2026-10-20,America/Vancouver,regular,8:30am - 9pm,open,08:30,21:00,False,library_hours:17:2026-10,1f5a6dcefdfdca9ddd341781b98b0378573c4096c18f9d6233b15ce735846f35
library_hours:17:2026-10-21,https://hours.library.ubc.ca/#law,vancouver,2026-09-10T23:22:28Z,library_hours:17,17,2026-10-21,America/Vancouver,regular,8:30am - 9pm,open,08:30,21:00,False,library_hours:17:2026-10,f4dda8e1656187a3f77bfdaea2974ba66e79276db29ab546842657ab6a30fe47
library_hours:17:2026-10-22,https://hours.library.ubc.ca/#law,vancouver,2026-09-10T23:22:28Z,library_hours:17,17,2026-10-22,America/Vancouver,regular,8:30am - 9pm,open,08:30,21:00,False,library_hours:17:2026-10,0702b84630ad9fe2e927247821be06437b99f6c7f5e3077d0a7699a4893b93f9
library_hours:17:2026-10-23,https://hours.library.ubc.ca/#law,vancouver,2026-09-10T23:22:28Z,library_hours:17,17,2026-10-23,America/Vancouver,regular,8:30am - 6pm,open,08:30,18:00,False,library_hours:17:2026-10,77384f50a58f0f0bc08d356589ac1f7095d4219f7d820e20d68be89aa785d863
library_hours:17:2026-10-24,https://hours.library.ubc.ca/#law,vancouver,2026-09-10T23:22:28Z,library_hours:17,17,2026-10-24,America/Vancouver,regular,10am - 6pm,open,10:00,18:00,False,library_hours:17:2026-10,5f0c3951641ed168638430a0e845c332bc08c1f8c289f0d7f744dc434885e987
library_hours:17:2026-10-25,https://hours.library.ubc.ca/#law,vancouver,2026-09-10T23:22:28Z,library_hours:17,17,2026-10-25,America/Vancouver,regular,Closed*,closed,,,,library_hours:17:2026-10,68b2d5eebd17b7f3ac8a15bcf7c00cf38b695c63cd91156be77ab14da5cf5521
library_hours:17:2026-10-26,https://hours.library.ubc.ca/#law,vancouver,2026-09-10T23:22:28Z,library_hours:17,17,2026-10-26,America/Vancouver,regular,8:30am - 9pm,open,08:30,21:00,False,library_hours:17:2026-10,a7a4962de8d15c4f9e6140425184e2aeea89ba73af2b37bc7f163a1bf9702c17
library_hours:17:2026-10-27,https://hours.library.ubc.ca/#law,vancouver,2026-09-10T23:22:28Z,library_hours:17,17,2026-10-27,America/Vancouver,regular,8:30am - 9pm,open,08:30,21:00,False,library_hours:17:2026-10,444236a49e52d72b23379cd211d61d1e6beb72e2772827bb1903b7ec7242bacc
library_hours:17:2026-10-28,https://hours.library.ubc.ca/#law,vancouver,2026-09-10T23:22:28Z,library_hours:17,17,2026-10-28,America/Vancouver,regular,8:30am - 9pm,open,08:30,21:00,False,library_hours:17:2026-10,7b15fc15b2aa0b99759e5f8edeba39366909b5c361a245078cdc15f08ac81b91
library_hours:17:2026-10-29,https://hours.library.ubc.ca/#law,vancouver,2026-09-10T23:22:28Z,library_hours:17,17,2026-10-29,America/Vancouver,regular,8:30am - 9pm,open,08:30,21:00,False,library_hours:17:2026-10,4b4de52d1afeeacee9f6f7d313c8181dc8d9100008d8cf11693eafe46bc50e6f
library_hours:17:2026-10-30,https://hours.library.ubc.ca/#law,vancouver,2026-09-10T23:22:28Z,library_hours:17,17,2026-10-30,America/Vancouver,regular,8:30am - 6pm,open,08:30,18:00,False,library_hours:17:2026-10,bb249dd34eb6671f01a3b22cff058e91d8ddb3d37a20fbad31f0b10560aa5353
library_hours:17:2026-10-31,https://hours.library.ubc.ca/#law,vancouver,2026-09-10T23:22:28Z,library_hours:17,17,2026-10-31,America/Vancouver,regular,10am - 6pm,open,10:00,18:00,False,library_hours:17:2026-10,b1924cec0d50d5c6ed818f663d8e7cb62d396b1c0833bf21ea93b794d6cb332b
library_hours:17:2026-11-01,https://hours.library.ubc.ca/#law,vancouver,2026-09-10T23:22:28Z,library_hours:17,17,2026-11-01,America/Vancouver,regular,Closed*,closed,,,,library_hours:17:2026-11,798a8214a79f0a6f82c7f2b4b0aea7af15f7e604d119d105779298aae763f674
library_hours:17:2026-11-02,https://hours.library.ubc.ca/#law,vancouver,2026-09-10T23:22:28Z,library_hours:17,17,2026-11-02,America/Vancouver,regular,8:30am - 9pm,open,08:30,21:00,False,library_hours:17:2026-11,a0a08f6dbdcf9f28a41e989694050b68156b69843f580cc1b7127a354d78a70c
library_hours:17:2026-11-03,https://hours.library.ubc.ca/#law,vancouver,2026-09-10T23:22:28Z,library_hours:17,17,2026-11-03,America/Vancouver,regular,8:30am - 9pm,open,08:30,21:00,False,library_hours:17:2026-11,cff79ad8cb241ab81bb383d8af79bdaf95997ec04ec77c8a2cc8b82941118a4d
library_hours:17:2026-11-04,https://hours.library.ubc.ca/#law,vancouver,2026-09-10T23:22:28Z,library_hours:17,17,2026-11-04,America/Vancouver,regular,8:30am - 9pm,open,08:30,21:00,False,library_hours:17:2026-11,dffd0f37ee5754d1b598ee7e0b3cec78c62dc339b25b6063b7e3691eedb54d6b
library_hours:17:2026-11-05,https://hours.library.ubc.ca/#law,vancouver,2026-09-10T23:22:28Z,library_hours:17,17,2026-11-05,America/Vancouver,regular,8:30am - 9pm,open,08:30,21:00,False,library_hours:17:2026-11,cda8b4e3742869d510dee4323edb37259a02e5e97ede07c78bc060d79d7ac1b5
library_hours:17:2026-11-06,https://hours.library.ubc.ca/#law,vancouver,2026-09-10T23:22:28Z,library_hours:17,17,2026-11-06,America/Vancouver,regular,8:30am - 6pm,open,08:30,18:00,False,library_hours:17:2026-11,887536e74d2876e65aac77b9652c2d2645921d0c0f55f7326e11034c3176ba20
library_hours:17:2026-11-07,https://hours.library.ubc.ca/#law,vancouver,2026-09-10T23:22:28Z,library_hours:17,17,2026-11-07,America/Vancouver,regular,10am - 6pm,open,10:00,18:00,False,library_hours:17:2026-11,69fdfbecd97a26d33b65c3c3071ac03da6540ee824b42461cc1e52301aaf7592
library_hours:17:2026-11-08,https://hours.library.ubc.ca/#law,vancouver,2026-09-10T23:22:28Z,library_hours:17,17,2026-11-08,America/Vancouver,regular,Closed*,closed,,,,library_hours:17:2026-11,169c1af21899556ed35b7fa3fee18c4487aaebe3d30c53256511ee3a9a0e6478
library_hours:17:2026-11-09,https://hours.library.ubc.ca/#law,vancouver,2026-09-10T23:22:28Z,library_hours:17,17,2026-11-09,America/Vancouver,exception,9am - 5pm,open,09:00,17:00,False,library_hours:17:2026-11,ba3407d819c95e000eef57032a8e95805ba9820f16dfb9ffa9284424ca173eeb
library_hours:17:2026-11-10,https://hours.library.ubc.ca/#law,vancouver,2026-09-10T23:22:28Z,library_hours:17,17,2026-11-10,America/Vancouver,exception,9am - 5pm,open,09:00,17:00,False,library_hours:17:2026-11,f546641ea3d765a73d3987f4974c6fd6b344f7fb3bcf48f57a2b83f812e12d7f
library_hours:17:2026-11-11,https://hours.library.ubc.ca/#law,vancouver,2026-09-10T23:22:28Z,library_hours:17,17,2026-11-11,America/Vancouver,holiday,Closed* (Remembrance Day ),closed,,,,library_hours:17:2026-11,d308324ac8b3102b9534b7a891f1290bc1de88169cca6e7378a8fe8b89c9a058
library_hours:17:2026-11-12,https://hours.library.ubc.ca/#law,vancouver,2026-09-10T23:22:28Z,library_hours:17,17,2026-11-12,America/Vancouver,regular,8:30am - 9pm,open,08:30,21:00,False,library_hours:17:2026-11,ed76c3ef793bb73ceb9f820c26e3a51e366b6fa0e52948105b03796b43ff11a5
library_hours:17:2026-11-13,https://hours.library.ubc.ca/#law,vancouver,2026-09-10T23:22:28Z,library_hours:17,17,2026-11-13,America/Vancouver,regular,8:30am - 6pm,open,08:30,18:00,False,library_hours:17:2026-11,c5428981d81147776047b7dcc2fb833f59545b6860f1d5aa84c75f722531179d
library_hours:17:2026-11-14,https://hours.library.ubc.ca/#law,vancouver,2026-09-10T23:22:28Z,library_hours:17,17,2026-11-14,America/Vancouver,regular,10am - 6pm,open,10:00,18:00,False,library_hours:17:2026-11,76f6f8e7dd21096e23fab84fc665809b9f25f67901348e402ff2e1f359fa1ab0
library_hours:17:2026-11-15,https://hours.library.ubc.ca/#law,vancouver,2026-09-10T23:22:28Z,library_hours:17,17,2026-11-15,America/Vancouver,regular,Closed*,closed,,,,library_hours:17:2026-11,1ea9472a85f00caecc94cba8d488f3aceaa0b0d4942a06a813b67af85d96a05f
library_hours:17:2026-11-16,https://hours.library.ubc.ca/#law,vancouver,2026-09-10T23:22:28Z,library_hours:17,17,2026-11-16,America/Vancouver,regular,8:30am - 9pm,open,08:30,21:00,False,library_hours:17:2026-11,c53ece2fe5684560fb43b6cf615973917828490c25bdd6d0fa9ba50e83ea9887
library_hours:17:2026-11-17,https://hours.library.ubc.ca/#law,vancouver,2026-09-10T23:22:28Z,library_hours:17,17,2026-11-17,America/Vancouver,regular,8:30am - 9pm,open,08:30,21:00,False,library_hours:17:2026-11,bbc39e40bf1e89b4f2ad631362f169d28614ed188737ad1a2586e38d41f545a4
library_hours:17:2026-11-18,https://hours.library.ubc.ca/#law,vancouver,2026-09-10T23:22:28Z,library_hours:17,17,2026-11-18,America/Vancouver,regular,8:30am - 9pm,open,08:30,21:00,False,library_hours:17:2026-11,fc1862d1b22b023a689f7f066266dae49c41056fe76864975d3cd2247e45d0e6
library_hours:17:2026-11-19,https://hours.library.ubc.ca/#law,vancouver,2026-09-10T23:22:28Z,library_hours:17,17,2026-11-19,America/Vancouver,regular,8:30am - 9pm,open,08:30,21:00,False,library_hours:17:2026-11,404b9de33634947ca0bc87663c34bb7ee900a39b0971ac886284da8bd8677d21
library_hours:17:2026-11-20,https://hours.library.ubc.ca/#law,vancouver,2026-09-10T23:22:28Z,library_hours:17,17,2026-11-20,America/Vancouver,regular,8:30am - 6pm,open,08:30,18:00,False,library_hours:17:2026-11,e7cfc6c3cf7b83697750920e0bd9a0c1ab2374c6cbaef27d7625762de1d7350a
library_hours:17:2026-11-21,https://hours.library.ubc.ca/#law,vancouver,2026-09-10T23:22:28Z,library_hours:17,17,2026-11-21,America/Vancouver,regular,10am - 6pm,open,10:00,18:00,False,library_hours:17:2026-11,607d1ebfb7c1c01c0af8bb5f55f349db68d211994d25a8f0aced2adaace33578
library_hours:17:2026-11-22,https://hours.library.ubc.ca/#law,vancouver,2026-09-10T23:22:28Z,library_hours:17,17,2026-11-22,America/Vancouver,regular,Closed*,closed,,,,library_hours:17:2026-11,d043ae4f431cfbd406716fe93dd8d75a3b97fddb8f6b784c1f255d09277bf2ad
library_hours:17:2026-11-23,https://hours.library.ubc.ca/#law,vancouver,2026-09-10T23:22:28Z,library_hours:17,17,2026-11-23,America/Vancouver,regular,8:30am - 9pm,open,08:30,21:00,False,library_hours:17:2026-11,112175d0edbda81e9d49353b1664df9b0e4853fb6562e7bd4336fc22035e261f
library_hours:17:2026-11-24,https://hours.library.ubc.ca/#law,vancouver,2026-09-10T23:22:28Z,library_hours:17,17,2026-11-24,America/Vancouver,regular,8:30am - 9pm,open,08:30,21:00,False,library_hours:17:2026-11,5363047c7ffcff4e57d6f9dbd1d247d1fd461fabcad8280f01767ae4efe2d0ce
library_hours:17:2026-11-25,https://hours.library.ubc.ca/#law,vancouver,2026-09-10T23:22:28Z,library_hours:17,17,2026-11-25,America/Vancouver,regular,8:30am - 9pm,open,08:30,21:00,False,library_hours:17:2026-11,ffb76fac1dd1e2c84b9f12a4115006df8809b6af427ea0333f79338069f0fc16
library_hours:17:2026-11-26,https://hours.library.ubc.ca/#law,vancouver,2026-09-10T23:22:28Z,library_hours:17,17,2026-11-26,America/Vancouver,regular,8:30am - 9pm,open,08:30,21:00,False,library_hours:17:2026-11,92373b8fbdf83a9a1ff109ffc504001f7e35965f24c30d08c953d42f68f3b597
library_hours:17:2026-11-27,https://hours.library.ubc.ca/#law,vancouver,2026-09-10T23:22:28Z,library_hours:17,17,2026-11-27,America/Vancouver,regular,8:30am - 6pm,open,08:30,18:00,False,library_hours:17:2026-11,9c106264a10d704e25812694d9fbc6f047939307856c0d93d19355d279c90ded
library_hours:17:2026-11-28,https://hours.library.ubc.ca/#law,vancouver,2026-09-10T23:22:28Z,library_hours:17,17,2026-11-28,America/Vancouver,regular,10am - 6pm,open,10:00,18:00,False,library_hours:17:2026-11,2a4d8e3a23026e0fb43352d1add9c7f8281a96536826cb320f5954c2ce295f7e
library_hours:17:2026-11-29,https://hours.library.ubc.ca/#law,vancouver,2026-09-10T23:22:28Z,library_hours:17,17,2026-11-29,America/Vancouver,regular,Closed*,closed,,,,library_hours:17:2026-11,0805b963eadcc802e8bf94afb077d105683e4ce86008f728a42bf1c17d4b1484
library_hours:17:2026-11-30,https://hours.library.ubc.ca/#law,vancouver,2026-09-10T23:22:28Z,library_hours:17,17,2026-11-30,America/Vancouver,regular,8:30am - 9pm,open,08:30,21:00,False,library_hours:17:2026-11,fda21840a04de3157105bd398cc09532cefd050fed2ae2c42f7045ecf3f6cb61
library_hours:17:2026-12-01,https://hours.library.ubc.ca/#law,vancouver,2026-09-10T23:22:28Z,library_hours:17,17,2026-12-01,America/Vancouver,regular,8:30am - 9pm,open,08:30,21:00,False,library_hours:17:2026-12,6c5e1597d6d0cbc57e436117df051e0d710eab4178e82d1a04fe9adfbf764bc0
library_hours:17:2026-12-02,https://hours.library.ubc.ca/#law,vancouver,2026-09-10T23:22:28Z,library_hours:17,17,2026-12-02,America/Vancouver,regular,8:30am - 9pm,open,08:30,21:00,False,library_hours:17:2026-12,a4844f99949d52f399dc7b260481250d47dbd5ef05bb1b1dd4cd988be660220f
library_hours:17:2026-12-03,https://hours.library.ubc.ca/#law,vancouver,2026-09-10T23:22:28Z,library_hours:17,17,2026-12-03,America/Vancouver,regular,8:30am - 9pm,open,08:30,21:00,False,library_hours:17:2026-12,32e3b2737df896c521e95d893b49eaae6d16c14ccc1cd9c82d5410a365e09ed8
library_hours:17:2026-12-04,https://hours.library.ubc.ca/#law,vancouver,2026-09-10T23:22:28Z,library_hours:17,17,2026-12-04,America/Vancouver,regular,8:30am - 6pm,open,08:30,18:00,False,library_hours:17:2026-12,ca3b12dcb7abd782a5e3a657d9ee3993c1b7f61db63998e836d0b48a5c92b3fb
library_hours:17:2026-12-05,https://hours.library.ubc.ca/#law,vancouver,2026-09-10T23:22:28Z,library_hours:17,17,2026-12-05,America/Vancouver,regular,10am - 6pm,open,10:00,18:00,False,library_hours:17:2026-12,47b63f90d078367ebfa6f3e6b1244467065e840906164c0a9d9f0cc3fa28f559
library_hours:17:2026-12-06,https://hours.library.ubc.ca/#law,vancouver,2026-09-10T23:22:28Z,library_hours:17,17,2026-12-06,America/Vancouver,regular,Closed*,closed,,,,library_hours:17:2026-12,0e280b6d9a2640ae4a0492ef9bb0cbf89c15defec6c58f12514178a269c32a63
library_hours:17:2026-12-07,https://hours.library.ubc.ca/#law,vancouver,2026-09-10T23:22:28Z,library_hours:17,17,2026-12-07,America/Vancouver,regular,8:30am - 9pm,open,08:30,21:00,False,library_hours:17:2026-12,64ffcb38b5f993cfd4aaef6f73488495c25edfebe9ecdde552738cbf6e342cc2
library_hours:17:2026-12-08,https://hours.library.ubc.ca/#law,vancouver,2026-09-10T23:22:28Z,library_hours:17,17,2026-12-08,America/Vancouver,regular,8:30am - 9pm,open,08:30,21:00,False,library_hours:17:2026-12,1c2b9e4316c3cdbca257baeeabb09a8490f220afdcaabeda542545748da995f3
library_hours:17:2026-12-09,https://hours.library.ubc.ca/#law,vancouver,2026-09-10T23:22:28Z,library_hours:17,17,2026-12-09,America/Vancouver,regular,8:30am - 9pm,open,08:30,21:00,False,library_hours:17:2026-12,ae55419f45717268cdd14c2ca0728aeac91a5f624259fc8535a321e5827fc747
library_hours:17:2026-12-10,https://hours.library.ubc.ca/#law,vancouver,2026-09-10T23:22:28Z,library_hours:17,17,2026-12-10,America/Vancouver,regular,8:30am - 9pm,open,08:30,21:00,False,library_hours:17:2026-12,fbff9baf1923181b6f55830838cc94fa2b03b7a7b5e0ef6269ec2e472aa010ea
library_hours:17:2026-12-11,https://hours.library.ubc.ca/#law,vancouver,2026-09-10T23:22:28Z,library_hours:17,17,2026-12-11,America/Vancouver,regular,8:30am - 6pm,open,08:30,18:00,False,library_hours:17:2026-12,edbe95c29a43d632ba6ee77f457e900972041dc4e01e5ac71dc71e06315d39b0
library_hours:17:2026-12-12,https://hours.library.ubc.ca/#law,vancouver,2026-09-10T23:22:28Z,library_hours:17,17,2026-12-12,America/Vancouver,regular,10am - 6pm,open,10:00,18:00,False,library_hours:17:2026-12,3ed92e9e9fe748c8912fdbf6002112422f8024fe38f17e60b03fb0c213dda0a9
library_hours:17:2026-12-13,https://hours.library.ubc.ca/#law,vancouver,2026-09-10T23:22:28Z,library_hours:17,17,2026-12-13,America/Vancouver,regular,Closed*,closed,,,,library_hours:17:2026-12,96f0004af74ea2ccc60f7ff181ec0853318cdcbf66d732e082c8f884f25ab1c3
library_hours:17:2026-12-14,https://hours.library.ubc.ca/#law,vancouver,2026-09-10T23:22:28Z,library_hours:17,17,2026-12-14,America/Vancouver,regular,8:30am - 9pm,open,08:30,21:00,False,library_hours:17:2026-12,f963e0c0a09af2dfe693e48e937c4e4147e19bb2cc1568e46a950e0b057cfe81
library_hours:17:2026-12-15,https://hours.library.ubc.ca/#law,vancouver,2026-09-10T23:22:28Z,library_hours:17,17,2026-12-15,America/Vancouver,regular,8:30am - 9pm,open,08:30,21:00,False,library_hours:17:2026-12,b3f06d7b32060f38cdc1d6dcd4b5978ac53fbc46118b973c74d8aa0b9d88b614
library_hours:17:2026-12-16,https://hours.library.ubc.ca/#law,vancouver,2026-09-10T23:22:28Z,library_hours:17,17,2026-12-16,America/Vancouver,regular,8:30am - 9pm,open,08:30,21:00,False,library_hours:17:2026-12,680d3e37dc19c98c889183a751ecc4d40385045c26eca788bca4f52ead0800b2
library_hours:17:2026-12-17,https://hours.library.ubc.ca/#law,vancouver,2026-09-10T23:22:28Z,library_hours:17,17,2026-12-17,America/Vancouver,regular,8:30am - 9pm,open,08:30,21:00,False,library_hours:17:2026-12,798c93ae6c49a29e6a371e8d2e0f587f6edc592e889b3e4fea59e0216bb12af7
library_hours:17:2026-12-18,https://hours.library.ubc.ca/#law,vancouver,2026-09-10T23:22:28Z,library_hours:17,17,2026-12-18,America/Vancouver,regular,8:30am - 6pm,open,08:30,18:00,False,library_hours:17:2026-12,91b5a2ec2ea9d3a6fa26478ae27ccef9f4038500901d0104948b54e904dd310e
library_hours:17:2026-12-19,https://hours.library.ubc.ca/#law,vancouver,2026-09-10T23:22:28Z,library_hours:17,17,2026-12-19,America/Vancouver,regular,10am - 6pm,open,10:00,18:00,False,library_hours:17:2026-12,f9cbbfb386550d75bc4f04bb01ca3716ac51d0e7a9683a70954cb1de016d2399
library_hours:17:2026-12-20,https://hours.library.ubc.ca/#law,vancouver,2026-09-10T23:22:28Z,library_hours:17,17,2026-12-20,America/Vancouver,regular,Closed*,closed,,,,library_hours:17:2026-12,69da0f7ebd48cd233c89d8d06b06aae257e0cb7544fba94e7730d80b430c8855
library_hours:17:2026-12-21,https://hours.library.ubc.ca/#law,vancouver,2026-09-10T23:22:28Z,library_hours:17,17,2026-12-21,America/Vancouver,regular,8:30am - 9pm,open,08:30,21:00,False,library_hours:17:2026-12,bd60848d2bc6178fe2acb03ac0ca2de954310f5de7c62225d5ca712ffd027c31
library_hours:17:2026-12-22,https://hours.library.ubc.ca/#law,vancouver,2026-09-10T23:22:28Z,library_hours:17,17,2026-12-22,America/Vancouver,exception,8:30am - 5pm,open,08:30,17:00,False,library_hours:17:2026-12,b36a7559622f19aa2323c9e50cace8b415f8b8ac03a0479e8682747761986391
library_hours:17:2026-12-23,https://hours.library.ubc.ca/#law,vancouver,2026-09-10T23:22:28Z,library_hours:17,17,2026-12-23,America/Vancouver,holiday,9am - 5pm,open,09:00,17:00,False,library_hours:17:2026-12,bb3d2ceb680963ecb8dee0c8b81b7e6db5bd3e45607b0de60663e9e4b19af6ce
library_hours:17:2026-12-24,https://hours.library.ubc.ca/#law,vancouver,2026-09-10T23:22:28Z,library_hours:17,17,2026-12-24,America/Vancouver,holiday,9am - 5pm,open,09:00,17:00,False,library_hours:17:2026-12,ce51cd9a16b7a4c114bdd71902f4ab53efa57cb648cb90efb3a3429b0271b6d4
library_hours:17:2026-12-25,https://hours.library.ubc.ca/#law,vancouver,2026-09-10T23:22:28Z,library_hours:17,17,2026-12-25,America/Vancouver,holiday,Closed*,closed,,,,library_hours:17:2026-12,03e41af6be3f291980366f7ec5a4993dbb392603da60be91197731d6ff835249
library_hours:17:2026-12-26,https://hours.library.ubc.ca/#law,vancouver,2026-09-10T23:22:28Z,library_hours:17,17,2026-12-26,America/Vancouver,holiday,Closed*,closed,,,,library_hours:17:2026-12,81fc9e4d6278a0ec90d55afa5f07fba084e47fe09564a8a5e5d28cd01f245989
library_hours:17:2026-12-27,https://hours.library.ubc.ca/#law,vancouver,2026-09-10T23:22:28Z,library_hours:17,17,2026-12-27,America/Vancouver,holiday,Closed*,closed,,,,library_hours:17:2026-12,31af5674193ad5f48bb14fc8676f0cf3b6841f6f49ebcaf793c88d78af51dc69
library_hours:17:2026-12-28,https://hours.library.ubc.ca/#law,vancouver,2026-09-10T23:22:28Z,library_hours:17,17,2026-12-28,America/Vancouver,holiday,Closed*,closed,,,,library_hours:17:2026-12,1315c06f3cb2c763e6cbd8d4367c016a7ce528ea23b4b40acba6c3f3264d5041
library_hours:17:2026-12-29,https://hours.library.ubc.ca/#law,vancouver,2026-09-10T23:22:28Z,library_hours:17,17,2026-12-29,America/Vancouver,holiday,Closed*,closed,,,,library_hours:17:2026-12,7b984ee36c139c5403cb6dd5b7d125b433adffd78491c18b2582ab1fdaded2b5
library_hours:17:2026-12-30,https://hours.library.ubc.ca/#law,vancouver,2026-09-10T23:22:28Z,library_hours:17,17,2026-12-30,America/Vancouver,holiday,Closed*,closed,,,,library_hours:17:2026-12,e8c329291330dcef0829023a21dc1a3951b4c32c47996ea2d4b051a26a3fc5ac
library_hours:17:2026-12-31,https://hours.library.ubc.ca/#law,vancouver,2026-09-10T23:22:28Z,library_hours:17,17,2026-12-31,America/Vancouver,holiday,Closed*,closed,,,,library_hours:17:2026-12,3d12099a41f52dffd853f6ed2d0fa837bf4bca5cf19dff19af3d5ab5b6eab3bc
library_hours:21:2026-09-01,https://hours.library.ubc.ca/#biomedical,vancouver,2026-09-10T23:22:28Z,library_hours:21,21,2026-09-01,America/Vancouver,regular,11am - 6pm,open,11:00,18:00,False,library_hours:21:2026-09,9d45cecf39b39a23ca07fa6cac1a69abbf5f76140a3ac28f28d5a16e46d2e9c5
library_hours:21:2026-09-02,https://hours.library.ubc.ca/#biomedical,vancouver,2026-09-10T23:22:28Z,library_hours:21,21,2026-09-02,America/Vancouver,regular,11am - 6pm,open,11:00,18:00,False,library_hours:21:2026-09,89de3f7b0bd3870f3a7032d88cdabf84c5bbabce062122f428521b5556fbd227
library_hours:21:2026-09-03,https://hours.library.ubc.ca/#biomedical,vancouver,2026-09-10T23:22:28Z,library_hours:21,21,2026-09-03,America/Vancouver,regular,11am - 4pm,open,11:00,16:00,False,library_hours:21:2026-09,cd30c266959f3866583d6edb31abd1cf3d6f93ed0d28297076aefa8013de2ed0
library_hours:21:2026-09-04,https://hours.library.ubc.ca/#biomedical,vancouver,2026-09-10T23:22:28Z,library_hours:21,21,2026-09-04,America/Vancouver,regular,11am - 4pm,open,11:00,16:00,False,library_hours:21:2026-09,0a9197de114e1e4a5188b9ab895e5ccadc85fdbc7ff5a7a6d7be45a046083cd4
library_hours:21:2026-09-05,https://hours.library.ubc.ca/#biomedical,vancouver,2026-09-10T23:22:28Z,library_hours:21,21,2026-09-05,America/Vancouver,regular,Closed*,closed,,,,library_hours:21:2026-09,9cef12e2c569a5dfd22443e1e413ae7c67935cba5cb1a11b9b79a1455160a3a8
library_hours:21:2026-09-06,https://hours.library.ubc.ca/#biomedical,vancouver,2026-09-10T23:22:28Z,library_hours:21,21,2026-09-06,America/Vancouver,regular,Closed*,closed,,,,library_hours:21:2026-09,73ee0245b24306562e5823a1120fbf905c8bedaaabebf9a722877c11054d16a3
library_hours:21:2026-09-07,https://hours.library.ubc.ca/#biomedical,vancouver,2026-09-10T23:22:28Z,library_hours:21,21,2026-09-07,America/Vancouver,holiday,Closed* (Labour Day),closed,,,,library_hours:21:2026-09,27419700074865a25c2568dae34b9edfc0ba4bf1bc2ecfb911d10994570fe6b2
library_hours:21:2026-09-08,https://hours.library.ubc.ca/#biomedical,vancouver,2026-09-10T23:22:28Z,library_hours:21,21,2026-09-08,America/Vancouver,regular,11am - 6pm,open,11:00,18:00,False,library_hours:21:2026-09,5f498894bc06df4a306e0bf53968b90ae5dca956e02fca90b7c87ac0ca58125a
library_hours:21:2026-09-09,https://hours.library.ubc.ca/#biomedical,vancouver,2026-09-10T23:22:28Z,library_hours:21,21,2026-09-09,America/Vancouver,regular,11am - 6pm,open,11:00,18:00,False,library_hours:21:2026-09,e85ca3e5f8c62f2dc3a1cc2f4b030d46208c2c9a12a7151a9a8b7c50d3378eb9
library_hours:21:2026-09-10,https://hours.library.ubc.ca/#biomedical,vancouver,2026-09-10T23:22:28Z,library_hours:21,21,2026-09-10,America/Vancouver,regular,11am - 4pm,open,11:00,16:00,False,library_hours:21:2026-09,fe4298deb46b0c531e089a604dfb42a24dd5fc9007f8a8ca0168ebfa0f8391ea
library_hours:21:2026-09-11,https://hours.library.ubc.ca/#biomedical,vancouver,2026-09-10T23:22:28Z,library_hours:21,21,2026-09-11,America/Vancouver,regular,11am - 4pm,open,11:00,16:00,False,library_hours:21:2026-09,6f3a5e49071cdbdbd5f70b1a6667a4ef855f278ab352ba3b6507dd942c6e1d48
library_hours:21:2026-09-12,https://hours.library.ubc.ca/#biomedical,vancouver,2026-09-10T23:22:28Z,library_hours:21,21,2026-09-12,America/Vancouver,regular,Closed*,closed,,,,library_hours:21:2026-09,dd10a17fc1b05900524ef2ee6d8f2f5f506e02d18560ced60a165ab0b4e99e1f
library_hours:21:2026-09-13,https://hours.library.ubc.ca/#biomedical,vancouver,2026-09-10T23:22:28Z,library_hours:21,21,2026-09-13,America/Vancouver,regular,Closed*,closed,,,,library_hours:21:2026-09,ee5087a695b880b499189b67afbb949d4e20f85679bb64bf88880f3e63c1debd
library_hours:21:2026-09-14,https://hours.library.ubc.ca/#biomedical,vancouver,2026-09-10T23:22:28Z,library_hours:21,21,2026-09-14,America/Vancouver,regular,11am - 4pm,open,11:00,16:00,False,library_hours:21:2026-09,b258cfe61b8cfa65f171c8fea49fec78269f7f6c3e0ebc6768e0c0e7005d18b1
library_hours:21:2026-09-15,https://hours.library.ubc.ca/#biomedical,vancouver,2026-09-10T23:22:28Z,library_hours:21,21,2026-09-15,America/Vancouver,regular,11am - 6pm,open,11:00,18:00,False,library_hours:21:2026-09,e5f983b137a08ffe2eef4d5de45909b96c10809956e14a47a39da527abe12287
library_hours:21:2026-09-16,https://hours.library.ubc.ca/#biomedical,vancouver,2026-09-10T23:22:28Z,library_hours:21,21,2026-09-16,America/Vancouver,regular,11am - 6pm,open,11:00,18:00,False,library_hours:21:2026-09,57ef75d63a906d1e0d2372b645a688b363b003b708d0baf054fc8cabb72f361c
library_hours:21:2026-09-17,https://hours.library.ubc.ca/#biomedical,vancouver,2026-09-10T23:22:28Z,library_hours:21,21,2026-09-17,America/Vancouver,regular,11am - 4pm,open,11:00,16:00,False,library_hours:21:2026-09,9373ce9b764934a33f3e542445775dc367e0a1e24b6277bd10b9e3224dc83877
library_hours:21:2026-09-18,https://hours.library.ubc.ca/#biomedical,vancouver,2026-09-10T23:22:28Z,library_hours:21,21,2026-09-18,America/Vancouver,regular,11am - 4pm,open,11:00,16:00,False,library_hours:21:2026-09,e79c22292bb1f1b2908879750f8f30af73e129a02636f2cf28a72501424d6910
library_hours:21:2026-09-19,https://hours.library.ubc.ca/#biomedical,vancouver,2026-09-10T23:22:28Z,library_hours:21,21,2026-09-19,America/Vancouver,regular,Closed*,closed,,,,library_hours:21:2026-09,0aea8e32d27130d06fd0bbf63fbc282a6c0b83a1dac2e45412c010f6538cec9c
library_hours:21:2026-09-20,https://hours.library.ubc.ca/#biomedical,vancouver,2026-09-10T23:22:28Z,library_hours:21,21,2026-09-20,America/Vancouver,regular,Closed*,closed,,,,library_hours:21:2026-09,77461e02984907a1167c5629b1c5afb0f198c77b4a6157010aec0869da0c0f9f
library_hours:21:2026-09-21,https://hours.library.ubc.ca/#biomedical,vancouver,2026-09-10T23:22:28Z,library_hours:21,21,2026-09-21,America/Vancouver,regular,11am - 4pm,open,11:00,16:00,False,library_hours:21:2026-09,b9fb908a245ff8ce3ec0f9bc8881ecc77edd0181f1b047ae8b0304e344a10e3e
library_hours:21:2026-09-22,https://hours.library.ubc.ca/#biomedical,vancouver,2026-09-10T23:22:28Z,library_hours:21,21,2026-09-22,America/Vancouver,regular,11am - 6pm,open,11:00,18:00,False,library_hours:21:2026-09,80e461a90c206f44220e59e2755b6085c6b47cb968f8bad3e4dadb08e4bae673
library_hours:21:2026-09-23,https://hours.library.ubc.ca/#biomedical,vancouver,2026-09-10T23:22:28Z,library_hours:21,21,2026-09-23,America/Vancouver,regular,11am - 6pm,open,11:00,18:00,False,library_hours:21:2026-09,d5aa46dc231cfd261fba4a44adf4c77b329189c54d76da6707a194cf08a3607c
library_hours:21:2026-09-24,https://hours.library.ubc.ca/#biomedical,vancouver,2026-09-10T23:22:28Z,library_hours:21,21,2026-09-24,America/Vancouver,regular,11am - 4pm,open,11:00,16:00,False,library_hours:21:2026-09,a7cd6312fbc049b45adcfe8c9e165717ef90ce84db4e3339394781ce564d4cc0
library_hours:21:2026-09-25,https://hours.library.ubc.ca/#biomedical,vancouver,2026-09-10T23:22:28Z,library_hours:21,21,2026-09-25,America/Vancouver,regular,11am - 4pm,open,11:00,16:00,False,library_hours:21:2026-09,8082fa94f7e181234ba2cba10081ac5e53cfb0ef5f86ec166ce75c6f732fbf3d
library_hours:21:2026-09-26,https://hours.library.ubc.ca/#biomedical,vancouver,2026-09-10T23:22:28Z,library_hours:21,21,2026-09-26,America/Vancouver,regular,Closed*,closed,,,,library_hours:21:2026-09,f88c46e40cd0c598cea531c55164a9aa52c5f5f122a815c172c41971f0eafe88
library_hours:21:2026-09-27,https://hours.library.ubc.ca/#biomedical,vancouver,2026-09-10T23:22:28Z,library_hours:21,21,2026-09-27,America/Vancouver,regular,Closed*,closed,,,,library_hours:21:2026-09,1408c76070196f3b34e3373d7d75998f4edf94eb8f8125bb90e91031349edb23
library_hours:21:2026-09-28,https://hours.library.ubc.ca/#biomedical,vancouver,2026-09-10T23:22:28Z,library_hours:21,21,2026-09-28,America/Vancouver,regular,11am - 4pm,open,11:00,16:00,False,library_hours:21:2026-09,b04794c34f88aeab2609f2fbf8b974f417b27c9e2989b07e5625fed31482821d
library_hours:21:2026-09-29,https://hours.library.ubc.ca/#biomedical,vancouver,2026-09-10T23:22:28Z,library_hours:21,21,2026-09-29,America/Vancouver,regular,11am - 6pm,open,11:00,18:00,False,library_hours:21:2026-09,2268c3fdba065a42706f6ccf23279a6ff303bea304f7fa5355a66be62e3a9204
library_hours:21:2026-09-30,https://hours.library.ubc.ca/#biomedical,vancouver,2026-09-10T23:22:28Z,library_hours:21,21,2026-09-30,America/Vancouver,holiday,Closed* (NDTR),closed,,,,library_hours:21:2026-09,c1b583eb63eab28736586382b2336e44088ffe6dd1bcff311634886faa393468
library_hours:21:2026-10-01,https://hours.library.ubc.ca/#biomedical,vancouver,2026-09-10T23:22:28Z,library_hours:21,21,2026-10-01,America/Vancouver,regular,11am - 4pm,open,11:00,16:00,False,library_hours:21:2026-10,599e075f252ce3450bb2acfbe4501c46af71b4e1698c089cb87b7ab270aeb4ae
library_hours:21:2026-10-02,https://hours.library.ubc.ca/#biomedical,vancouver,2026-09-10T23:22:28Z,library_hours:21,21,2026-10-02,America/Vancouver,regular,11am - 4pm,open,11:00,16:00,False,library_hours:21:2026-10,4e08e32d08fa1a1b477ce1ef8d8d9268f4c6a89ec7a23f91897992fb99fba7e8
library_hours:21:2026-10-03,https://hours.library.ubc.ca/#biomedical,vancouver,2026-09-10T23:22:28Z,library_hours:21,21,2026-10-03,America/Vancouver,regular,Closed*,closed,,,,library_hours:21:2026-10,53794432b7ee744edec302dc15b30c4ef2fd4adf3178a70e51c175a465dacbb1
library_hours:21:2026-10-04,https://hours.library.ubc.ca/#biomedical,vancouver,2026-09-10T23:22:28Z,library_hours:21,21,2026-10-04,America/Vancouver,regular,Closed*,closed,,,,library_hours:21:2026-10,e2bd6f1250dd24ec30d199460cc687eea67f549bcaae910051ee5583973340b0
library_hours:21:2026-10-05,https://hours.library.ubc.ca/#biomedical,vancouver,2026-09-10T23:22:28Z,library_hours:21,21,2026-10-05,America/Vancouver,regular,11am - 4pm,open,11:00,16:00,False,library_hours:21:2026-10,4655a2398591e756b5c8cacbf3c2b0e8534965a0499af37f4a991a69db1cd15e
library_hours:21:2026-10-06,https://hours.library.ubc.ca/#biomedical,vancouver,2026-09-10T23:22:28Z,library_hours:21,21,2026-10-06,America/Vancouver,regular,11am - 6pm,open,11:00,18:00,False,library_hours:21:2026-10,62a057afc859a67ae00d5a0bbf74874849c82a6f59da94e8d100daed129a40ef
library_hours:21:2026-10-07,https://hours.library.ubc.ca/#biomedical,vancouver,2026-09-10T23:22:28Z,library_hours:21,21,2026-10-07,America/Vancouver,regular,11am - 6pm,open,11:00,18:00,False,library_hours:21:2026-10,ffde31ffa4518f093be1647666ae87667f7b4c3f34f4fa6a779f0daacd8fd858
library_hours:21:2026-10-08,https://hours.library.ubc.ca/#biomedical,vancouver,2026-09-10T23:22:28Z,library_hours:21,21,2026-10-08,America/Vancouver,regular,11am - 4pm,open,11:00,16:00,False,library_hours:21:2026-10,c3ee1c07a83db616ea56d6f91aa86e04387069500a0938ac586667d895e9d9ee
library_hours:21:2026-10-09,https://hours.library.ubc.ca/#biomedical,vancouver,2026-09-10T23:22:28Z,library_hours:21,21,2026-10-09,America/Vancouver,regular,11am - 4pm,open,11:00,16:00,False,library_hours:21:2026-10,80de24de8dc8de1d603d235cafc1b2c11aa46e5ec35001c97061c247413c25b4
library_hours:21:2026-10-10,https://hours.library.ubc.ca/#biomedical,vancouver,2026-09-10T23:22:28Z,library_hours:21,21,2026-10-10,America/Vancouver,regular,Closed*,closed,,,,library_hours:21:2026-10,7ac813e8aae336fdf27e0404333610eec49435aa0ac33afaa434edd860cc5fa5
library_hours:21:2026-10-11,https://hours.library.ubc.ca/#biomedical,vancouver,2026-09-10T23:22:28Z,library_hours:21,21,2026-10-11,America/Vancouver,regular,Closed*,closed,,,,library_hours:21:2026-10,eb6a91a5f2a0b5ca12a060d1ce7e2cf3fad19e708a7dddf5ee4fb6572894c996
library_hours:21:2026-10-12,https://hours.library.ubc.ca/#biomedical,vancouver,2026-09-10T23:22:28Z,library_hours:21,21,2026-10-12,America/Vancouver,holiday,Closed* (Thanksgiving),closed,,,,library_hours:21:2026-10,d45e557196656e781ab1ae04e0996279f7ddc20aa742c6989aada9df0f88f3a9
library_hours:21:2026-10-13,https://hours.library.ubc.ca/#biomedical,vancouver,2026-09-10T23:22:28Z,library_hours:21,21,2026-10-13,America/Vancouver,regular,11am - 6pm,open,11:00,18:00,False,library_hours:21:2026-10,44fd1edcbe53dbee856328bdc7564ab15c2b8079b5d6f4f86fe54b819a0c02b2
library_hours:21:2026-10-14,https://hours.library.ubc.ca/#biomedical,vancouver,2026-09-10T23:22:28Z,library_hours:21,21,2026-10-14,America/Vancouver,regular,11am - 6pm,open,11:00,18:00,False,library_hours:21:2026-10,74ad099ce527c1510cd11db7437f16214087397b7b5edd6f3b06e754a24ab04d
library_hours:21:2026-10-15,https://hours.library.ubc.ca/#biomedical,vancouver,2026-09-10T23:22:28Z,library_hours:21,21,2026-10-15,America/Vancouver,regular,11am - 4pm,open,11:00,16:00,False,library_hours:21:2026-10,4f845509e2edf8e52421a1eec406def961f6f5b19735e75b5153ff8852b6f8fd
library_hours:21:2026-10-16,https://hours.library.ubc.ca/#biomedical,vancouver,2026-09-10T23:22:28Z,library_hours:21,21,2026-10-16,America/Vancouver,regular,11am - 4pm,open,11:00,16:00,False,library_hours:21:2026-10,347fc31444b5144066a735a75eb4956f9f1fb915940fa86c99cabca8712267a9
library_hours:21:2026-10-17,https://hours.library.ubc.ca/#biomedical,vancouver,2026-09-10T23:22:28Z,library_hours:21,21,2026-10-17,America/Vancouver,regular,Closed*,closed,,,,library_hours:21:2026-10,6f67a2f600fa94442546bd49e80f56bebd2efc73c2074b7f8a21da85a808495b
library_hours:21:2026-10-18,https://hours.library.ubc.ca/#biomedical,vancouver,2026-09-10T23:22:28Z,library_hours:21,21,2026-10-18,America/Vancouver,regular,Closed*,closed,,,,library_hours:21:2026-10,be84de989f3bc0c49dd49d99df6ce64d59e524772d75fc75b9eeeed2d0835e13
library_hours:21:2026-10-19,https://hours.library.ubc.ca/#biomedical,vancouver,2026-09-10T23:22:28Z,library_hours:21,21,2026-10-19,America/Vancouver,regular,11am - 4pm,open,11:00,16:00,False,library_hours:21:2026-10,62662123c9d5af8b55ffe638df660504c7158f75b0f538ba1a73463a599d5f89
library_hours:21:2026-10-20,https://hours.library.ubc.ca/#biomedical,vancouver,2026-09-10T23:22:28Z,library_hours:21,21,2026-10-20,America/Vancouver,regular,11am - 6pm,open,11:00,18:00,False,library_hours:21:2026-10,1a3af772fe8a30874457dcb0ec10206128a57035d589c6028f949b79671895a4
library_hours:21:2026-10-21,https://hours.library.ubc.ca/#biomedical,vancouver,2026-09-10T23:22:28Z,library_hours:21,21,2026-10-21,America/Vancouver,regular,11am - 6pm,open,11:00,18:00,False,library_hours:21:2026-10,b667c4d3cdc21ca67614dd099a4f064b0a6fe5b997a33825e309bc8902963e4e
library_hours:21:2026-10-22,https://hours.library.ubc.ca/#biomedical,vancouver,2026-09-10T23:22:28Z,library_hours:21,21,2026-10-22,America/Vancouver,regular,11am - 4pm,open,11:00,16:00,False,library_hours:21:2026-10,3c6addd38adf51e58adb51266f6b5913fd79d32393aebb054f536a056c1dd9fb
library_hours:21:2026-10-23,https://hours.library.ubc.ca/#biomedical,vancouver,2026-09-10T23:22:28Z,library_hours:21,21,2026-10-23,America/Vancouver,regular,11am - 4pm,open,11:00,16:00,False,library_hours:21:2026-10,b3333b11b3670f51a8fd960b8dc8820cbe77dd0d8735c72a5f83b624c90e5aab
library_hours:21:2026-10-24,https://hours.library.ubc.ca/#biomedical,vancouver,2026-09-10T23:22:28Z,library_hours:21,21,2026-10-24,America/Vancouver,regular,Closed*,closed,,,,library_hours:21:2026-10,d7ccf31adaeb09504ca43860ffa38edb6d91d8047acfd9357820bd2eda563706
library_hours:21:2026-10-25,https://hours.library.ubc.ca/#biomedical,vancouver,2026-09-10T23:22:28Z,library_hours:21,21,2026-10-25,America/Vancouver,regular,Closed*,closed,,,,library_hours:21:2026-10,0be8d9ad58854192f5bd27e6f80185c59a550499317f3c25b7ce26e8f77655d0
library_hours:21:2026-10-26,https://hours.library.ubc.ca/#biomedical,vancouver,2026-09-10T23:22:28Z,library_hours:21,21,2026-10-26,America/Vancouver,regular,11am - 4pm,open,11:00,16:00,False,library_hours:21:2026-10,7ab1d2cc38359aa8fb2a75b9f26b5e57aa091e428bff373ec3c2d3cb6c18b3a8
library_hours:21:2026-10-27,https://hours.library.ubc.ca/#biomedical,vancouver,2026-09-10T23:22:28Z,library_hours:21,21,2026-10-27,America/Vancouver,regular,11am - 6pm,open,11:00,18:00,False,library_hours:21:2026-10,e67a3ccd891ab0371268e990baf466c8bf202f55e20e95ce3411ab808e800cf9
library_hours:21:2026-10-28,https://hours.library.ubc.ca/#biomedical,vancouver,2026-09-10T23:22:28Z,library_hours:21,21,2026-10-28,America/Vancouver,regular,11am - 6pm,open,11:00,18:00,False,library_hours:21:2026-10,469b409fc2cd40cc63e24bda7fbb405ab441684e02525f5070f6212c88213dff
library_hours:21:2026-10-29,https://hours.library.ubc.ca/#biomedical,vancouver,2026-09-10T23:22:28Z,library_hours:21,21,2026-10-29,America/Vancouver,regular,11am - 4pm,open,11:00,16:00,False,library_hours:21:2026-10,2a1a6cacb375b498551bd426a31b2a0ad88734947a136aacca7995aad3ff2768
library_hours:21:2026-10-30,https://hours.library.ubc.ca/#biomedical,vancouver,2026-09-10T23:22:28Z,library_hours:21,21,2026-10-30,America/Vancouver,regular,11am - 4pm,open,11:00,16:00,False,library_hours:21:2026-10,1f8f54e1b9dd1f0ace8a97f98fffd21cc5b3c84936e1f635609ea3872be1ea7f
library_hours:21:2026-10-31,https://hours.library.ubc.ca/#biomedical,vancouver,2026-09-10T23:22:28Z,library_hours:21,21,2026-10-31,America/Vancouver,regular,Closed*,closed,,,,library_hours:21:2026-10,a7a398be998dd439deba71d0d6fb40eec9e6d9c443431ac0427e2b7338b53590
library_hours:21:2026-11-01,https://hours.library.ubc.ca/#biomedical,vancouver,2026-09-10T23:22:28Z,library_hours:21,21,2026-11-01,America/Vancouver,regular,Closed*,closed,,,,library_hours:21:2026-11,7ccc1c0c0ac866b2c5c8bf12b84a07670a65486f6145eec6aad6f51ab1373758
library_hours:21:2026-11-02,https://hours.library.ubc.ca/#biomedical,vancouver,2026-09-10T23:22:28Z,library_hours:21,21,2026-11-02,America/Vancouver,regular,11am - 4pm,open,11:00,16:00,False,library_hours:21:2026-11,56cd2a2ff49f32fe712302bc5fa9509979c2eba57a89891e6734611868843fa1
library_hours:21:2026-11-03,https://hours.library.ubc.ca/#biomedical,vancouver,2026-09-10T23:22:28Z,library_hours:21,21,2026-11-03,America/Vancouver,regular,11am - 6pm,open,11:00,18:00,False,library_hours:21:2026-11,e481452719f23287a5e7163e855ca903c40ceb6f71ac813db3055a829fdf0a19
library_hours:21:2026-11-04,https://hours.library.ubc.ca/#biomedical,vancouver,2026-09-10T23:22:28Z,library_hours:21,21,2026-11-04,America/Vancouver,regular,11am - 6pm,open,11:00,18:00,False,library_hours:21:2026-11,b9dd648260d342a178e21359281fef04eb3f7a23f23582b50f7d0448e0bb02f9
library_hours:21:2026-11-05,https://hours.library.ubc.ca/#biomedical,vancouver,2026-09-10T23:22:28Z,library_hours:21,21,2026-11-05,America/Vancouver,regular,11am - 4pm,open,11:00,16:00,False,library_hours:21:2026-11,598da2204a7f2e145ee4e744b703f5f77bfc64d40062c9852301c3720aefed47
library_hours:21:2026-11-06,https://hours.library.ubc.ca/#biomedical,vancouver,2026-09-10T23:22:28Z,library_hours:21,21,2026-11-06,America/Vancouver,regular,11am - 4pm,open,11:00,16:00,False,library_hours:21:2026-11,d9a431cd8be7cdd35638667edb4dacdb1344fe3f510bf56dd74e95c48f79c190
library_hours:21:2026-11-07,https://hours.library.ubc.ca/#biomedical,vancouver,2026-09-10T23:22:28Z,library_hours:21,21,2026-11-07,America/Vancouver,regular,Closed*,closed,,,,library_hours:21:2026-11,614f5d299cb09d0221b0dd0a18ec72ed6c2d3542763be2304f6b57e9551209ba
library_hours:21:2026-11-08,https://hours.library.ubc.ca/#biomedical,vancouver,2026-09-10T23:22:28Z,library_hours:21,21,2026-11-08,America/Vancouver,regular,Closed*,closed,,,,library_hours:21:2026-11,6ea0346a10957f075ab86e3c1e427940c4ece34853b9d530a9c3d119269d56cf
library_hours:21:2026-11-09,https://hours.library.ubc.ca/#biomedical,vancouver,2026-09-10T23:22:28Z,library_hours:21,21,2026-11-09,America/Vancouver,regular,11am - 4pm,open,11:00,16:00,False,library_hours:21:2026-11,9dbdc0003fcd7dbd1212d519b2444c58c5410a1cb072de046d38629ececcafc1
library_hours:21:2026-11-10,https://hours.library.ubc.ca/#biomedical,vancouver,2026-09-10T23:22:28Z,library_hours:21,21,2026-11-10,America/Vancouver,regular,11am - 6pm,open,11:00,18:00,False,library_hours:21:2026-11,169b6c89c6254b13cda221d76e8f4bf127b2f4395a3eb3db0c6c5771f0dc70e9
library_hours:21:2026-11-11,https://hours.library.ubc.ca/#biomedical,vancouver,2026-09-10T23:22:28Z,library_hours:21,21,2026-11-11,America/Vancouver,holiday,Closed* (Remembrance Day ),closed,,,,library_hours:21:2026-11,3602b232010370f673ec631676a80945f71d02ee37437c4e42b6188200b0e216
library_hours:21:2026-11-12,https://hours.library.ubc.ca/#biomedical,vancouver,2026-09-10T23:22:28Z,library_hours:21,21,2026-11-12,America/Vancouver,regular,11am - 4pm,open,11:00,16:00,False,library_hours:21:2026-11,2e406f82058959eb0aa73f7522b055e0b420e981e2e01fd36a1f170c45962a90
library_hours:21:2026-11-13,https://hours.library.ubc.ca/#biomedical,vancouver,2026-09-10T23:22:28Z,library_hours:21,21,2026-11-13,America/Vancouver,regular,11am - 4pm,open,11:00,16:00,False,library_hours:21:2026-11,ad534dd89e732067b67e35bef518e9c90d65898ef80b00a26ffb0dc16e3d3ef8
library_hours:21:2026-11-14,https://hours.library.ubc.ca/#biomedical,vancouver,2026-09-10T23:22:28Z,library_hours:21,21,2026-11-14,America/Vancouver,regular,Closed*,closed,,,,library_hours:21:2026-11,9373c0e90a2ef07dcf8caa5e97b6cc64baca0cab2dfb828e8a02cb9849af0ce2
library_hours:21:2026-11-15,https://hours.library.ubc.ca/#biomedical,vancouver,2026-09-10T23:22:28Z,library_hours:21,21,2026-11-15,America/Vancouver,regular,Closed*,closed,,,,library_hours:21:2026-11,6c95e814706e358d70a4eb5f9556409d20578afddd74766ffd15f2e967eaf824
library_hours:21:2026-11-16,https://hours.library.ubc.ca/#biomedical,vancouver,2026-09-10T23:22:28Z,library_hours:21,21,2026-11-16,America/Vancouver,regular,11am - 4pm,open,11:00,16:00,False,library_hours:21:2026-11,7381fd7a64e07a0da21228fe873087852f15c97ad750dc7767eff232e80ee400
library_hours:21:2026-11-17,https://hours.library.ubc.ca/#biomedical,vancouver,2026-09-10T23:22:28Z,library_hours:21,21,2026-11-17,America/Vancouver,regular,11am - 6pm,open,11:00,18:00,False,library_hours:21:2026-11,43f62e73cab88d8ef238d92a25be9ac18749b8cafe7c29c4151ed1dc946a933a
library_hours:21:2026-11-18,https://hours.library.ubc.ca/#biomedical,vancouver,2026-09-10T23:22:28Z,library_hours:21,21,2026-11-18,America/Vancouver,regular,11am - 6pm,open,11:00,18:00,False,library_hours:21:2026-11,175978d1f967cdaad4ad3ca93a917e9a9d53794a5384379b909f803c2cd39348
library_hours:21:2026-11-19,https://hours.library.ubc.ca/#biomedical,vancouver,2026-09-10T23:22:28Z,library_hours:21,21,2026-11-19,America/Vancouver,regular,11am - 4pm,open,11:00,16:00,False,library_hours:21:2026-11,8fa2ab49112aae1b1420a4bceece8302d3f888b8d2590a35e9f339778790383f
library_hours:21:2026-11-20,https://hours.library.ubc.ca/#biomedical,vancouver,2026-09-10T23:22:28Z,library_hours:21,21,2026-11-20,America/Vancouver,regular,11am - 4pm,open,11:00,16:00,False,library_hours:21:2026-11,3a8e0370a6a45b5d39f2d6ac6cc0ef10f2069d8c75216b3cb545c63f87835ef1
library_hours:21:2026-11-21,https://hours.library.ubc.ca/#biomedical,vancouver,2026-09-10T23:22:28Z,library_hours:21,21,2026-11-21,America/Vancouver,regular,Closed*,closed,,,,library_hours:21:2026-11,27144105da97510f927fd18b34bf20419fd992503d9312a92d2b48bdb3c4b3c6
library_hours:21:2026-11-22,https://hours.library.ubc.ca/#biomedical,vancouver,2026-09-10T23:22:28Z,library_hours:21,21,2026-11-22,America/Vancouver,regular,Closed*,closed,,,,library_hours:21:2026-11,c85d76c9b34f9d4a123ff2326ad7a816561f0a658b090bbcd3ccd2dffbbabaec
library_hours:21:2026-11-23,https://hours.library.ubc.ca/#biomedical,vancouver,2026-09-10T23:22:28Z,library_hours:21,21,2026-11-23,America/Vancouver,regular,11am - 4pm,open,11:00,16:00,False,library_hours:21:2026-11,28f4e7f573b45bb388ca5dc0ad075a4fdd76f8b5c62fb1e8e7a65b5da0f66920
library_hours:21:2026-11-24,https://hours.library.ubc.ca/#biomedical,vancouver,2026-09-10T23:22:28Z,library_hours:21,21,2026-11-24,America/Vancouver,regular,11am - 6pm,open,11:00,18:00,False,library_hours:21:2026-11,a07d784929742a4765964230069e88f8a26f4a0e960e0d450753e4d8759ca727
library_hours:21:2026-11-25,https://hours.library.ubc.ca/#biomedical,vancouver,2026-09-10T23:22:28Z,library_hours:21,21,2026-11-25,America/Vancouver,regular,11am - 6pm,open,11:00,18:00,False,library_hours:21:2026-11,de6825d2c3de9e278ffc4100a964f9bfe6a61979a1065523a545eda37863b4a1
library_hours:21:2026-11-26,https://hours.library.ubc.ca/#biomedical,vancouver,2026-09-10T23:22:28Z,library_hours:21,21,2026-11-26,America/Vancouver,regular,11am - 4pm,open,11:00,16:00,False,library_hours:21:2026-11,ae910def9d39a90f45087f8d8a04bdcd0586fe63dc6e43e6ef8aa712646cf7e3
library_hours:21:2026-11-27,https://hours.library.ubc.ca/#biomedical,vancouver,2026-09-10T23:22:28Z,library_hours:21,21,2026-11-27,America/Vancouver,regular,11am - 4pm,open,11:00,16:00,False,library_hours:21:2026-11,605d688a5dcfba2ac5199682bd0bab5860fd89236025a905f32db3f818f680da
library_hours:21:2026-11-28,https://hours.library.ubc.ca/#biomedical,vancouver,2026-09-10T23:22:28Z,library_hours:21,21,2026-11-28,America/Vancouver,regular,Closed*,closed,,,,library_hours:21:2026-11,323b79d68e40d951c3821dabd3bd2106531f816ec4957b0ea6139a61de21de1a
library_hours:21:2026-11-29,https://hours.library.ubc.ca/#biomedical,vancouver,2026-09-10T23:22:28Z,library_hours:21,21,2026-11-29,America/Vancouver,regular,Closed*,closed,,,,library_hours:21:2026-11,b515b9f0738ada42a22824958044befbade89149ceb50474afbe0b06bd5f6023
library_hours:21:2026-11-30,https://hours.library.ubc.ca/#biomedical,vancouver,2026-09-10T23:22:28Z,library_hours:21,21,2026-11-30,America/Vancouver,regular,11am - 4pm,open,11:00,16:00,False,library_hours:21:2026-11,042b8e5e454855a8d9050d560d6949be4ccb8ad4526c0cfbba70a60ada0a7e7a
library_hours:21:2026-12-01,https://hours.library.ubc.ca/#biomedical,vancouver,2026-09-10T23:22:28Z,library_hours:21,21,2026-12-01,America/Vancouver,regular,11am - 6pm,open,11:00,18:00,False,library_hours:21:2026-12,2b62e18e9f829f92b861a7bc02e11c8899817a3d7a028e7acdb438162d7c2d73
library_hours:21:2026-12-02,https://hours.library.ubc.ca/#biomedical,vancouver,2026-09-10T23:22:28Z,library_hours:21,21,2026-12-02,America/Vancouver,regular,11am - 6pm,open,11:00,18:00,False,library_hours:21:2026-12,39f50f898fce1c1d91eaa23464f4cc74bdb99e2a6dd21f7aca0cdc8b41d7324e
library_hours:21:2026-12-03,https://hours.library.ubc.ca/#biomedical,vancouver,2026-09-10T23:22:28Z,library_hours:21,21,2026-12-03,America/Vancouver,regular,11am - 4pm,open,11:00,16:00,False,library_hours:21:2026-12,a40c77a51b745dadbabd4294cfebe8276d48a70855ae2c2646383f4488041ae3
library_hours:21:2026-12-04,https://hours.library.ubc.ca/#biomedical,vancouver,2026-09-10T23:22:28Z,library_hours:21,21,2026-12-04,America/Vancouver,regular,11am - 4pm,open,11:00,16:00,False,library_hours:21:2026-12,a647ac7187076f6279d91e42caae0afc019c79c6b70c606e0a0684c997d4ae2d
library_hours:21:2026-12-05,https://hours.library.ubc.ca/#biomedical,vancouver,2026-09-10T23:22:28Z,library_hours:21,21,2026-12-05,America/Vancouver,regular,Closed*,closed,,,,library_hours:21:2026-12,ab0612e141ad213540acd6f217e2139377deda470f2663ebe7acdd5e67e39d79
library_hours:21:2026-12-06,https://hours.library.ubc.ca/#biomedical,vancouver,2026-09-10T23:22:28Z,library_hours:21,21,2026-12-06,America/Vancouver,regular,Closed*,closed,,,,library_hours:21:2026-12,7d91ca9ee5cd23ff66bb4c7c7f07dbadfa1bae28795876e9ad4f71a18d174421
library_hours:21:2026-12-07,https://hours.library.ubc.ca/#biomedical,vancouver,2026-09-10T23:22:28Z,library_hours:21,21,2026-12-07,America/Vancouver,regular,11am - 4pm,open,11:00,16:00,False,library_hours:21:2026-12,956f4870f648f74000fb77d32da281ed53062fee9661226878946d66fbb61b8d
library_hours:21:2026-12-08,https://hours.library.ubc.ca/#biomedical,vancouver,2026-09-10T23:22:28Z,library_hours:21,21,2026-12-08,America/Vancouver,regular,11am - 6pm,open,11:00,18:00,False,library_hours:21:2026-12,876f31420fa98a1a4849f83969e0cc60e6ec131da5e99045c1db72aae4b6a8e5
library_hours:21:2026-12-09,https://hours.library.ubc.ca/#biomedical,vancouver,2026-09-10T23:22:28Z,library_hours:21,21,2026-12-09,America/Vancouver,regular,11am - 6pm,open,11:00,18:00,False,library_hours:21:2026-12,a92cbb411ac4cbbe3983b8123a63121ef532d347d0888eb66e5fce06ab30ed9c
library_hours:21:2026-12-10,https://hours.library.ubc.ca/#biomedical,vancouver,2026-09-10T23:22:28Z,library_hours:21,21,2026-12-10,America/Vancouver,regular,11am - 4pm,open,11:00,16:00,False,library_hours:21:2026-12,2ad28ccc2c2c72f5bf68d490b4cbf23821ae4f14e47d3a6dee2be0db16b5e528
library_hours:21:2026-12-11,https://hours.library.ubc.ca/#biomedical,vancouver,2026-09-10T23:22:28Z,library_hours:21,21,2026-12-11,America/Vancouver,regular,11am - 4pm,open,11:00,16:00,False,library_hours:21:2026-12,868cc46b298c28f5881ddaa2fb050bb894298c7a4e71f778be6537f2eae11bba
library_hours:21:2026-12-12,https://hours.library.ubc.ca/#biomedical,vancouver,2026-09-10T23:22:28Z,library_hours:21,21,2026-12-12,America/Vancouver,regular,Closed*,closed,,,,library_hours:21:2026-12,02d6d87dd6bad165aef64e65f392880fc00a579ed9cf629d40e0b5c982220920
library_hours:21:2026-12-13,https://hours.library.ubc.ca/#biomedical,vancouver,2026-09-10T23:22:28Z,library_hours:21,21,2026-12-13,America/Vancouver,regular,Closed*,closed,,,,library_hours:21:2026-12,cfcccfc8aa7fe75f5a1ec37c8da039709f7ef4ee9429433f8fb8514c45ca5649
library_hours:21:2026-12-14,https://hours.library.ubc.ca/#biomedical,vancouver,2026-09-10T23:22:28Z,library_hours:21,21,2026-12-14,America/Vancouver,regular,11am - 4pm,open,11:00,16:00,False,library_hours:21:2026-12,5e549414711bd3a099f387f5b04eac41a1a89be2eda3ceeeb17449f4294141df
library_hours:21:2026-12-15,https://hours.library.ubc.ca/#biomedical,vancouver,2026-09-10T23:22:28Z,library_hours:21,21,2026-12-15,America/Vancouver,regular,11am - 6pm,open,11:00,18:00,False,library_hours:21:2026-12,93e0bdadc12234d014466e911d65c19d2e70eb3a852b9b715a5b4a6af04d4cc6
library_hours:21:2026-12-16,https://hours.library.ubc.ca/#biomedical,vancouver,2026-09-10T23:22:28Z,library_hours:21,21,2026-12-16,America/Vancouver,regular,11am - 6pm,open,11:00,18:00,False,library_hours:21:2026-12,8a401ba1d67f9f3af536a21ed96b7238e63cf758372e14664947e3ab338fd9bd
library_hours:21:2026-12-17,https://hours.library.ubc.ca/#biomedical,vancouver,2026-09-10T23:22:28Z,library_hours:21,21,2026-12-17,America/Vancouver,regular,11am - 4pm,open,11:00,16:00,False,library_hours:21:2026-12,e1acab3b7d457948ca1a955986616c24844d7e3ca4d6076a764d6869152c3b94
library_hours:21:2026-12-18,https://hours.library.ubc.ca/#biomedical,vancouver,2026-09-10T23:22:28Z,library_hours:21,21,2026-12-18,America/Vancouver,regular,11am - 4pm,open,11:00,16:00,False,library_hours:21:2026-12,40435bc5c1513d20f25b2ee82d86d61e91b45fea2098f72d3eb9ffd65567eac7
library_hours:21:2026-12-19,https://hours.library.ubc.ca/#biomedical,vancouver,2026-09-10T23:22:28Z,library_hours:21,21,2026-12-19,America/Vancouver,regular,Closed*,closed,,,,library_hours:21:2026-12,8249b5409f44a3070453085f86998145ef18c07e522acb389676bd1001bb572e
library_hours:21:2026-12-20,https://hours.library.ubc.ca/#biomedical,vancouver,2026-09-10T23:22:28Z,library_hours:21,21,2026-12-20,America/Vancouver,regular,Closed*,closed,,,,library_hours:21:2026-12,f28e7363988988455aa4e9a402df1aef1ed680fd0453a836c6528a60d3cb7d95
library_hours:21:2026-12-21,https://hours.library.ubc.ca/#biomedical,vancouver,2026-09-10T23:22:28Z,library_hours:21,21,2026-12-21,America/Vancouver,regular,11am - 4pm,open,11:00,16:00,False,library_hours:21:2026-12,2ae6e5f131e2c0bc00c3bcd6c9a7b11098e107ab4c199d3442a121b74574b12e
library_hours:21:2026-12-22,https://hours.library.ubc.ca/#biomedical,vancouver,2026-09-10T23:22:28Z,library_hours:21,21,2026-12-22,America/Vancouver,regular,11am - 6pm,open,11:00,18:00,False,library_hours:21:2026-12,03218bf9384f5be06edc79ccd9aedf703f9bfde026db6776559c5192f0f23988
library_hours:21:2026-12-23,https://hours.library.ubc.ca/#biomedical,vancouver,2026-09-10T23:22:28Z,library_hours:21,21,2026-12-23,America/Vancouver,holiday,11am - 6pm,open,11:00,18:00,False,library_hours:21:2026-12,39b1b6b4ede6c96bc22d22684fc46db56e85442d9f84097d9c5817a9f0111afc
library_hours:21:2026-12-24,https://hours.library.ubc.ca/#biomedical,vancouver,2026-09-10T23:22:28Z,library_hours:21,21,2026-12-24,America/Vancouver,holiday,11am - 4pm,open,11:00,16:00,False,library_hours:21:2026-12,b6833c52007463b61f99501c0ca8d6920c3000ca54414e8b58dde22444797693
library_hours:21:2026-12-25,https://hours.library.ubc.ca/#biomedical,vancouver,2026-09-10T23:22:28Z,library_hours:21,21,2026-12-25,America/Vancouver,holiday,Closed*,closed,,,,library_hours:21:2026-12,5ec89a4f433ef96e19b22fb2fc9e28449fd8be5158350ee5d978aac29fb33cdc
library_hours:21:2026-12-26,https://hours.library.ubc.ca/#biomedical,vancouver,2026-09-10T23:22:28Z,library_hours:21,21,2026-12-26,America/Vancouver,holiday,Closed*,closed,,,,library_hours:21:2026-12,b923103b6c254b840c59f3e18491d7466903237319e89d53938747ecdf3ba991
library_hours:21:2026-12-27,https://hours.library.ubc.ca/#biomedical,vancouver,2026-09-10T23:22:28Z,library_hours:21,21,2026-12-27,America/Vancouver,holiday,Closed*,closed,,,,library_hours:21:2026-12,766fa021c73c77c683b36e0273dadde626614071b4b37fe0fc8e1dff3d4e5eff
library_hours:21:2026-12-28,https://hours.library.ubc.ca/#biomedical,vancouver,2026-09-10T23:22:28Z,library_hours:21,21,2026-12-28,America/Vancouver,holiday,Closed*,closed,,,,library_hours:21:2026-12,2764a4d8cbf2515a865a10c6b1e07c2b0dc16211579fce18749859fc81c54eb3
library_hours:21:2026-12-29,https://hours.library.ubc.ca/#biomedical,vancouver,2026-09-10T23:22:28Z,library_hours:21,21,2026-12-29,America/Vancouver,holiday,Closed*,closed,,,,library_hours:21:2026-12,b3a360c39fe6056754ecefde5c71d3f0b89dc6d1fc6b96d951ab02e5e14667f7
library_hours:21:2026-12-30,https://hours.library.ubc.ca/#biomedical,vancouver,2026-09-10T23:22:28Z,library_hours:21,21,2026-12-30,America/Vancouver,holiday,Closed*,closed,,,,library_hours:21:2026-12,16dff41ea3d6f2e86608595c2b89c23c4503892d842b2b3b1b7dfd4a97a28c37
library_hours:21:2026-12-31,https://hours.library.ubc.ca/#biomedical,vancouver,2026-09-10T23:22:28Z,library_hours:21,21,2026-12-31,America/Vancouver,holiday,Closed*,closed,,,,library_hours:21:2026-12,e515b70fd56664b16bee399c7437bcaf2ced9e112eba4c4619574d78b618df47
library_hours:23:2026-09-01,https://hours.library.ubc.ca/#woodward,vancouver,2026-09-10T23:22:28Z,library_hours:23,23,2026-09-01,America/Vancouver,exception,9am - 5pm,open,09:00,17:00,False,library_hours:23:2026-09,bb1a8f81b2e9b263764d09d1ef379ef66c87ffc1bba14a728ca6bb5622711977
library_hours:23:2026-09-02,https://hours.library.ubc.ca/#woodward,vancouver,2026-09-10T23:22:28Z,library_hours:23,23,2026-09-02,America/Vancouver,exception,9am - 5pm,open,09:00,17:00,False,library_hours:23:2026-09,b07a5c33be69bc306de3f3a5ec6f2a6a8b7c544fa68e8cfa4eb90bd2de988594
library_hours:23:2026-09-03,https://hours.library.ubc.ca/#woodward,vancouver,2026-09-10T23:22:28Z,library_hours:23,23,2026-09-03,America/Vancouver,exception,9am - 5pm,open,09:00,17:00,False,library_hours:23:2026-09,58e2ce50c4b30252130171018ca0a437572af894bc619f881a7243c2dc7f32a9
library_hours:23:2026-09-04,https://hours.library.ubc.ca/#woodward,vancouver,2026-09-10T23:22:28Z,library_hours:23,23,2026-09-04,America/Vancouver,exception,9am - 5pm,open,09:00,17:00,False,library_hours:23:2026-09,ee0fec322b321319840ea85d07019e92a3a88059f9fb152e1f7ae8541d1789ad
library_hours:23:2026-09-05,https://hours.library.ubc.ca/#woodward,vancouver,2026-09-10T23:22:28Z,library_hours:23,23,2026-09-05,America/Vancouver,exception,Closed*,closed,,,,library_hours:23:2026-09,440e16883617dc782a89fee6f889f3e333d2262183c8678fe822722848fdbcc3
library_hours:23:2026-09-06,https://hours.library.ubc.ca/#woodward,vancouver,2026-09-10T23:22:28Z,library_hours:23,23,2026-09-06,America/Vancouver,exception,Closed*,closed,,,,library_hours:23:2026-09,bd824449d3878ee20f9ad5c1dcc7362a31f6cd3d87a31099f3eea8c464fa8905
library_hours:23:2026-09-07,https://hours.library.ubc.ca/#woodward,vancouver,2026-09-10T23:22:28Z,library_hours:23,23,2026-09-07,America/Vancouver,holiday,Closed* (Labour Day),closed,,,,library_hours:23:2026-09,06aa69bf0d3c14949ddd9298e367bb67ceb5ed809095d94b4675d3db3c7534f5
library_hours:23:2026-09-08,https://hours.library.ubc.ca/#woodward,vancouver,2026-09-10T23:22:28Z,library_hours:23,23,2026-09-08,America/Vancouver,regular,9am - 9pm,open,09:00,21:00,False,library_hours:23:2026-09,9af43c94631d8cf440d1718e5c2b8df64aa165ce5a056a09f39fa7909da8c127
library_hours:23:2026-09-09,https://hours.library.ubc.ca/#woodward,vancouver,2026-09-10T23:22:28Z,library_hours:23,23,2026-09-09,America/Vancouver,regular,9am - 9pm,open,09:00,21:00,False,library_hours:23:2026-09,b82e0492d156bea5f6af47b9dbed35cf813a16027dda3b6fd18db17c6f23ebbe
library_hours:23:2026-09-10,https://hours.library.ubc.ca/#woodward,vancouver,2026-09-10T23:22:28Z,library_hours:23,23,2026-09-10,America/Vancouver,regular,9am - 9pm,open,09:00,21:00,False,library_hours:23:2026-09,de4e1a730418da380aa014b7cf3fb36d2ba55942e9c51a1a6bc6f49f87f3c422
library_hours:23:2026-09-11,https://hours.library.ubc.ca/#woodward,vancouver,2026-09-10T23:22:28Z,library_hours:23,23,2026-09-11,America/Vancouver,regular,9am - 6pm,open,09:00,18:00,False,library_hours:23:2026-09,1be81711bccd9878b1a74c41f44331b96d78dfe9af1e794d5bd5cbca74cb71e3
library_hours:23:2026-09-12,https://hours.library.ubc.ca/#woodward,vancouver,2026-09-10T23:22:28Z,library_hours:23,23,2026-09-12,America/Vancouver,regular,10am - 6pm,open,10:00,18:00,False,library_hours:23:2026-09,b485976cb2c7c01dca3788a4528257cda1d96a5f9c225de7cb084e78c5ae1a12
library_hours:23:2026-09-13,https://hours.library.ubc.ca/#woodward,vancouver,2026-09-10T23:22:28Z,library_hours:23,23,2026-09-13,America/Vancouver,regular,12pm - 6pm,open,12:00,18:00,False,library_hours:23:2026-09,9b7ca29a76023da178dc4c95d1de8c59c18e9c4533b2fca403e7e8c84ef3b4eb
library_hours:23:2026-09-14,https://hours.library.ubc.ca/#woodward,vancouver,2026-09-10T23:22:28Z,library_hours:23,23,2026-09-14,America/Vancouver,regular,9am - 9pm,open,09:00,21:00,False,library_hours:23:2026-09,e314f571f1f2d0adb40e38d781995a65f45a222e83c6bcc881fd5c1272a0276b
library_hours:23:2026-09-15,https://hours.library.ubc.ca/#woodward,vancouver,2026-09-10T23:22:28Z,library_hours:23,23,2026-09-15,America/Vancouver,regular,9am - 9pm,open,09:00,21:00,False,library_hours:23:2026-09,d227159edcfbdb3420ec7f5875b41630b95741eb67fe20625243e05e782a7ef2
library_hours:23:2026-09-16,https://hours.library.ubc.ca/#woodward,vancouver,2026-09-10T23:22:28Z,library_hours:23,23,2026-09-16,America/Vancouver,regular,9am - 9pm,open,09:00,21:00,False,library_hours:23:2026-09,364476559f0e04eec6785516f7b0fb2b731bbaffe27b9c1a5c4f8fd988172006
library_hours:23:2026-09-17,https://hours.library.ubc.ca/#woodward,vancouver,2026-09-10T23:22:28Z,library_hours:23,23,2026-09-17,America/Vancouver,regular,9am - 9pm,open,09:00,21:00,False,library_hours:23:2026-09,e97d4b8e2fa8c892148b425812cbb54fcafdccc2948361c0be7a9725c9fae9ef
library_hours:23:2026-09-18,https://hours.library.ubc.ca/#woodward,vancouver,2026-09-10T23:22:28Z,library_hours:23,23,2026-09-18,America/Vancouver,regular,9am - 6pm,open,09:00,18:00,False,library_hours:23:2026-09,f4709d78e7a601b316647cf11c0402cf8cc17614b438c973cf8b4b1c003d7ccf
library_hours:23:2026-09-19,https://hours.library.ubc.ca/#woodward,vancouver,2026-09-10T23:22:28Z,library_hours:23,23,2026-09-19,America/Vancouver,regular,10am - 6pm,open,10:00,18:00,False,library_hours:23:2026-09,fcbc2451d8122633157c083a0e6af283b2e6c2cae868c2a131c26173823f4635
library_hours:23:2026-09-20,https://hours.library.ubc.ca/#woodward,vancouver,2026-09-10T23:22:28Z,library_hours:23,23,2026-09-20,America/Vancouver,regular,12pm - 6pm,open,12:00,18:00,False,library_hours:23:2026-09,deb249b91d61d2775a2b932fdce97686f999c663e0dcf4350307f200331c3335
library_hours:23:2026-09-21,https://hours.library.ubc.ca/#woodward,vancouver,2026-09-10T23:22:28Z,library_hours:23,23,2026-09-21,America/Vancouver,regular,9am - 9pm,open,09:00,21:00,False,library_hours:23:2026-09,999ddd4f70fb3c62f4126a1c01f40f6c53ff3e5a1b196dfac40e4a27bce5f52a
library_hours:23:2026-09-22,https://hours.library.ubc.ca/#woodward,vancouver,2026-09-10T23:22:28Z,library_hours:23,23,2026-09-22,America/Vancouver,regular,9am - 9pm,open,09:00,21:00,False,library_hours:23:2026-09,4bb78e769f16c3f648f2126908d1104d65d6b93c2d3410d247d845b9ddee1c2c
library_hours:23:2026-09-23,https://hours.library.ubc.ca/#woodward,vancouver,2026-09-10T23:22:28Z,library_hours:23,23,2026-09-23,America/Vancouver,regular,9am - 9pm,open,09:00,21:00,False,library_hours:23:2026-09,eb90460e1a2b0ca56d2598c196aef82deec20f054a084cdaa89b0d53aab0c5f3
library_hours:23:2026-09-24,https://hours.library.ubc.ca/#woodward,vancouver,2026-09-10T23:22:28Z,library_hours:23,23,2026-09-24,America/Vancouver,regular,9am - 9pm,open,09:00,21:00,False,library_hours:23:2026-09,c2100c654ed465ea9c02b4093095e529cd67cf255db3725791376b602dba2810
library_hours:23:2026-09-25,https://hours.library.ubc.ca/#woodward,vancouver,2026-09-10T23:22:28Z,library_hours:23,23,2026-09-25,America/Vancouver,regular,9am - 6pm,open,09:00,18:00,False,library_hours:23:2026-09,df6f893cad8c5a6dcb99e16c92d7808d4b5248cbae5760d019f14db90cae8e07
library_hours:23:2026-09-26,https://hours.library.ubc.ca/#woodward,vancouver,2026-09-10T23:22:28Z,library_hours:23,23,2026-09-26,America/Vancouver,regular,10am - 6pm,open,10:00,18:00,False,library_hours:23:2026-09,36d53396e7c8c3eba15565f144e21420972d007eb60e8479d8472e7eee6d177a
library_hours:23:2026-09-27,https://hours.library.ubc.ca/#woodward,vancouver,2026-09-10T23:22:28Z,library_hours:23,23,2026-09-27,America/Vancouver,regular,12pm - 6pm,open,12:00,18:00,False,library_hours:23:2026-09,cff36bdb09726baa20bff10146daac54d923b5d706cdfc1952ed1ebf0b120ac8
library_hours:23:2026-09-28,https://hours.library.ubc.ca/#woodward,vancouver,2026-09-10T23:22:28Z,library_hours:23,23,2026-09-28,America/Vancouver,regular,9am - 9pm,open,09:00,21:00,False,library_hours:23:2026-09,291dc9620ce872d017ceef6dd3eb5979c66e61f0ac9f4efaf3d3cc965ff98b64
library_hours:23:2026-09-29,https://hours.library.ubc.ca/#woodward,vancouver,2026-09-10T23:22:28Z,library_hours:23,23,2026-09-29,America/Vancouver,regular,9am - 9pm,open,09:00,21:00,False,library_hours:23:2026-09,9a1d109fb5efdecf5e249ff6e49a198ecb0bfe165de614812ea3d3236e0bd4dc
library_hours:23:2026-09-30,https://hours.library.ubc.ca/#woodward,vancouver,2026-09-10T23:22:28Z,library_hours:23,23,2026-09-30,America/Vancouver,holiday,Closed* (NDTR),closed,,,,library_hours:23:2026-09,e8835097571249035b661df6414f7c22a10e298ec38a03376429a58f0dab3469
library_hours:23:2026-10-01,https://hours.library.ubc.ca/#woodward,vancouver,2026-09-10T23:22:28Z,library_hours:23,23,2026-10-01,America/Vancouver,regular,9am - 9pm,open,09:00,21:00,False,library_hours:23:2026-10,d3cb7454da846af8369abbff5db59e7bf1e26e216996d8bfd195b0d627708f03
library_hours:23:2026-10-02,https://hours.library.ubc.ca/#woodward,vancouver,2026-09-10T23:22:28Z,library_hours:23,23,2026-10-02,America/Vancouver,regular,9am - 6pm,open,09:00,18:00,False,library_hours:23:2026-10,99ee9da3749822c68e3ecc814df8a367aa92e00d4f365f9c462b4987a7ffcd8e
library_hours:23:2026-10-03,https://hours.library.ubc.ca/#woodward,vancouver,2026-09-10T23:22:28Z,library_hours:23,23,2026-10-03,America/Vancouver,regular,10am - 6pm,open,10:00,18:00,False,library_hours:23:2026-10,1a878d3ee8100a16df90bfa5c024879eb24d5abca8a1438eec8026d37286d797
library_hours:23:2026-10-04,https://hours.library.ubc.ca/#woodward,vancouver,2026-09-10T23:22:28Z,library_hours:23,23,2026-10-04,America/Vancouver,regular,12pm - 6pm,open,12:00,18:00,False,library_hours:23:2026-10,7c11bf9d846e312794967a3222f93844d4f7fd7e00721a0cbc0c8167e5684e44
library_hours:23:2026-10-05,https://hours.library.ubc.ca/#woodward,vancouver,2026-09-10T23:22:28Z,library_hours:23,23,2026-10-05,America/Vancouver,regular,9am - 9pm,open,09:00,21:00,False,library_hours:23:2026-10,d13f02fa2c95572c4a9a7ad7fa8f90caf29f0b4d229adf6f407213abce9a8ba8
library_hours:23:2026-10-06,https://hours.library.ubc.ca/#woodward,vancouver,2026-09-10T23:22:28Z,library_hours:23,23,2026-10-06,America/Vancouver,regular,9am - 9pm,open,09:00,21:00,False,library_hours:23:2026-10,e8fd57c0a53242e9cf872345338761824ad837e433bcac8a72670524ff15437a
library_hours:23:2026-10-07,https://hours.library.ubc.ca/#woodward,vancouver,2026-09-10T23:22:28Z,library_hours:23,23,2026-10-07,America/Vancouver,regular,9am - 9pm,open,09:00,21:00,False,library_hours:23:2026-10,4d43e2d5090c65f006652dc906164bd6fd6d1cf988929064a73d64ba6ab13332
library_hours:23:2026-10-08,https://hours.library.ubc.ca/#woodward,vancouver,2026-09-10T23:22:28Z,library_hours:23,23,2026-10-08,America/Vancouver,regular,9am - 9pm,open,09:00,21:00,False,library_hours:23:2026-10,ebe03c1d4d01c61b4d06a8d6eebefad7805c2fd3dea7273388701145e8b08e33
library_hours:23:2026-10-09,https://hours.library.ubc.ca/#woodward,vancouver,2026-09-10T23:22:28Z,library_hours:23,23,2026-10-09,America/Vancouver,regular,9am - 6pm,open,09:00,18:00,False,library_hours:23:2026-10,c7523114792be8cb9412fce3a71de52317530b78b9b9d1b6442227aabb8e7945
library_hours:23:2026-10-10,https://hours.library.ubc.ca/#woodward,vancouver,2026-09-10T23:22:28Z,library_hours:23,23,2026-10-10,America/Vancouver,regular,10am - 6pm,open,10:00,18:00,False,library_hours:23:2026-10,11fc1a78241c67bbcc9fcb3cbb87918d28bf1f9f7e29c084867e1b88abb7c43e
library_hours:23:2026-10-11,https://hours.library.ubc.ca/#woodward,vancouver,2026-09-10T23:22:28Z,library_hours:23,23,2026-10-11,America/Vancouver,regular,12pm - 6pm,open,12:00,18:00,False,library_hours:23:2026-10,0890b8f108119afe07ea5442657647b8e1aac1daa5c128bdb69584fc9f3b5545
library_hours:23:2026-10-12,https://hours.library.ubc.ca/#woodward,vancouver,2026-09-10T23:22:28Z,library_hours:23,23,2026-10-12,America/Vancouver,holiday,Closed* (Thanksgiving),closed,,,,library_hours:23:2026-10,e0b1b6d21e0163a579cd6d3c427685d21876285a59878a3b761784c69e7eed26
library_hours:23:2026-10-13,https://hours.library.ubc.ca/#woodward,vancouver,2026-09-10T23:22:28Z,library_hours:23,23,2026-10-13,America/Vancouver,regular,9am - 9pm,open,09:00,21:00,False,library_hours:23:2026-10,d29ed0f1cde3df9bf5e37ee823d137288068446ba08dee8df9a047c3a22224c8
library_hours:23:2026-10-14,https://hours.library.ubc.ca/#woodward,vancouver,2026-09-10T23:22:28Z,library_hours:23,23,2026-10-14,America/Vancouver,regular,9am - 9pm,open,09:00,21:00,False,library_hours:23:2026-10,833a58f299e86cc0f0a8ec653f4024023667031a918bbe17ff7e6b41f4e9273d
library_hours:23:2026-10-15,https://hours.library.ubc.ca/#woodward,vancouver,2026-09-10T23:22:28Z,library_hours:23,23,2026-10-15,America/Vancouver,regular,9am - 9pm,open,09:00,21:00,False,library_hours:23:2026-10,0cc2a3b458e5c2659990bda0749b23224503a8f9b35ac419d22ba0959aaec075
library_hours:23:2026-10-16,https://hours.library.ubc.ca/#woodward,vancouver,2026-09-10T23:22:28Z,library_hours:23,23,2026-10-16,America/Vancouver,regular,9am - 6pm,open,09:00,18:00,False,library_hours:23:2026-10,86df290d79b974d671784988edc892b485d7aa7a136841206eb855deb83a2d0b
library_hours:23:2026-10-17,https://hours.library.ubc.ca/#woodward,vancouver,2026-09-10T23:22:28Z,library_hours:23,23,2026-10-17,America/Vancouver,regular,10am - 6pm,open,10:00,18:00,False,library_hours:23:2026-10,d01d491cb041314c242267d8f8163ff9e16e77836f9bde703ef8f453f163f76a
library_hours:23:2026-10-18,https://hours.library.ubc.ca/#woodward,vancouver,2026-09-10T23:22:28Z,library_hours:23,23,2026-10-18,America/Vancouver,regular,12pm - 6pm,open,12:00,18:00,False,library_hours:23:2026-10,8bf9bb0b2c4104535b4445c32c57f614f61c63ed12f8bec96d04258780cb2f05
library_hours:23:2026-10-19,https://hours.library.ubc.ca/#woodward,vancouver,2026-09-10T23:22:28Z,library_hours:23,23,2026-10-19,America/Vancouver,regular,9am - 9pm,open,09:00,21:00,False,library_hours:23:2026-10,29871c0b61352ad3aee6945cd6d1e449397ce532846ac455f369d0dbba452f21
library_hours:23:2026-10-20,https://hours.library.ubc.ca/#woodward,vancouver,2026-09-10T23:22:28Z,library_hours:23,23,2026-10-20,America/Vancouver,regular,9am - 9pm,open,09:00,21:00,False,library_hours:23:2026-10,b4fd0b2ec78aa8a4e4da4d327b419f81d660dce3f515e614749f8d5155504556
library_hours:23:2026-10-21,https://hours.library.ubc.ca/#woodward,vancouver,2026-09-10T23:22:28Z,library_hours:23,23,2026-10-21,America/Vancouver,regular,9am - 9pm,open,09:00,21:00,False,library_hours:23:2026-10,e02a6167516530954c05588b8028647e8cbe410382169de9d922174b2c2ac6f0
library_hours:23:2026-10-22,https://hours.library.ubc.ca/#woodward,vancouver,2026-09-10T23:22:28Z,library_hours:23,23,2026-10-22,America/Vancouver,regular,9am - 9pm,open,09:00,21:00,False,library_hours:23:2026-10,14588a7e52b931400ed5d681ebd87cbe5d81fce33476fdaff27126c34fd978af
library_hours:23:2026-10-23,https://hours.library.ubc.ca/#woodward,vancouver,2026-09-10T23:22:28Z,library_hours:23,23,2026-10-23,America/Vancouver,regular,9am - 6pm,open,09:00,18:00,False,library_hours:23:2026-10,e1893980ed4bcf553fa8c4fab7bd59370fc66c60f248a1dbdfa490bd9e8653af
library_hours:23:2026-10-24,https://hours.library.ubc.ca/#woodward,vancouver,2026-09-10T23:22:28Z,library_hours:23,23,2026-10-24,America/Vancouver,regular,10am - 6pm,open,10:00,18:00,False,library_hours:23:2026-10,8f7bda2282c9a62523bf97a10685d3aa60b1cb4b4e32d344ec549a679e4dd343
library_hours:23:2026-10-25,https://hours.library.ubc.ca/#woodward,vancouver,2026-09-10T23:22:28Z,library_hours:23,23,2026-10-25,America/Vancouver,regular,12pm - 6pm,open,12:00,18:00,False,library_hours:23:2026-10,cd25b6fbc5dd848f901db47590b70d02050481f65d437ed30b6271e491e9d891
library_hours:23:2026-10-26,https://hours.library.ubc.ca/#woodward,vancouver,2026-09-10T23:22:28Z,library_hours:23,23,2026-10-26,America/Vancouver,regular,9am - 9pm,open,09:00,21:00,False,library_hours:23:2026-10,541f3ff0d0239bfbc3494e7c6ac8a9472e7d323bf57b39f9a8824b71ed8b1950
library_hours:23:2026-10-27,https://hours.library.ubc.ca/#woodward,vancouver,2026-09-10T23:22:28Z,library_hours:23,23,2026-10-27,America/Vancouver,regular,9am - 9pm,open,09:00,21:00,False,library_hours:23:2026-10,0d5e52f2936ec0cae7171816a981ca803b9f9473b45860f42a271672237c0699
library_hours:23:2026-10-28,https://hours.library.ubc.ca/#woodward,vancouver,2026-09-10T23:22:28Z,library_hours:23,23,2026-10-28,America/Vancouver,regular,9am - 9pm,open,09:00,21:00,False,library_hours:23:2026-10,1ce3b0818de35426b2fae65c88cd4957604dd0c1f30f907729e0234396524569
library_hours:23:2026-10-29,https://hours.library.ubc.ca/#woodward,vancouver,2026-09-10T23:22:28Z,library_hours:23,23,2026-10-29,America/Vancouver,regular,9am - 9pm,open,09:00,21:00,False,library_hours:23:2026-10,eb459a1f87dc0bdd55757421f2788ee5687ff9269ec2964c557eced689d4e5bc
library_hours:23:2026-10-30,https://hours.library.ubc.ca/#woodward,vancouver,2026-09-10T23:22:28Z,library_hours:23,23,2026-10-30,America/Vancouver,regular,9am - 6pm,open,09:00,18:00,False,library_hours:23:2026-10,04b9a0e8cbfb5cd38b92568c061169711033f40e85ca6e6e8808c4c810cc88f5
library_hours:23:2026-10-31,https://hours.library.ubc.ca/#woodward,vancouver,2026-09-10T23:22:28Z,library_hours:23,23,2026-10-31,America/Vancouver,regular,10am - 6pm,open,10:00,18:00,False,library_hours:23:2026-10,560d0cd71437e214762907152db6522c4fe296ccc9c83a5294b8904f04f7204f
library_hours:23:2026-11-01,https://hours.library.ubc.ca/#woodward,vancouver,2026-09-10T23:22:28Z,library_hours:23,23,2026-11-01,America/Vancouver,regular,12pm - 6pm,open,12:00,18:00,False,library_hours:23:2026-11,80755f78a4739eb12a19e4f592c36f9eda9f1fa88e6f566d17b64040f731b7b2
library_hours:23:2026-11-02,https://hours.library.ubc.ca/#woodward,vancouver,2026-09-10T23:22:28Z,library_hours:23,23,2026-11-02,America/Vancouver,regular,9am - 9pm,open,09:00,21:00,False,library_hours:23:2026-11,ede7b936d8e52d302e24c016d37eac2a93e6921fe13046a7fcf9d301420b18ab
library_hours:23:2026-11-03,https://hours.library.ubc.ca/#woodward,vancouver,2026-09-10T23:22:28Z,library_hours:23,23,2026-11-03,America/Vancouver,regular,9am - 9pm,open,09:00,21:00,False,library_hours:23:2026-11,f0fb84f3b9bcf9a58eb65d895c73a34181418760265e43d791a4f03732b89e02
library_hours:23:2026-11-04,https://hours.library.ubc.ca/#woodward,vancouver,2026-09-10T23:22:28Z,library_hours:23,23,2026-11-04,America/Vancouver,regular,9am - 9pm,open,09:00,21:00,False,library_hours:23:2026-11,c502a292ce45b0e078c7e64f54c7261e2a51332962ab6d1237f49e7ab4f8a823
library_hours:23:2026-11-05,https://hours.library.ubc.ca/#woodward,vancouver,2026-09-10T23:22:28Z,library_hours:23,23,2026-11-05,America/Vancouver,regular,9am - 9pm,open,09:00,21:00,False,library_hours:23:2026-11,2099364e7a7001cabe92d83d6c163afc9e5e2b8b88602cee3ead3ec375aa0fac
library_hours:23:2026-11-06,https://hours.library.ubc.ca/#woodward,vancouver,2026-09-10T23:22:28Z,library_hours:23,23,2026-11-06,America/Vancouver,regular,9am - 6pm,open,09:00,18:00,False,library_hours:23:2026-11,8e4a81c842aa107f6a35a1ebc57c8ffaf0b12d58e883f782e5e41ecfc77b9b42
library_hours:23:2026-11-07,https://hours.library.ubc.ca/#woodward,vancouver,2026-09-10T23:22:28Z,library_hours:23,23,2026-11-07,America/Vancouver,regular,10am - 6pm,open,10:00,18:00,False,library_hours:23:2026-11,e46a051dafc0b9279f56ffbee0eceef8bda69f85281b969c1bfd52345d8fd6a8
library_hours:23:2026-11-08,https://hours.library.ubc.ca/#woodward,vancouver,2026-09-10T23:22:28Z,library_hours:23,23,2026-11-08,America/Vancouver,regular,12pm - 6pm,open,12:00,18:00,False,library_hours:23:2026-11,ab7a3f5957cedc15688f6bba0e927b1babdd4a3781eccbf4aa22bd6244f3099b
library_hours:23:2026-11-09,https://hours.library.ubc.ca/#woodward,vancouver,2026-09-10T23:22:28Z,library_hours:23,23,2026-11-09,America/Vancouver,exception,9am - 5pm,open,09:00,17:00,False,library_hours:23:2026-11,afaa4c4367622ed297e2392ec208290a886b025feee9f4a690bdd4cf034991cb
library_hours:23:2026-11-10,https://hours.library.ubc.ca/#woodward,vancouver,2026-09-10T23:22:28Z,library_hours:23,23,2026-11-10,America/Vancouver,exception,9am - 5pm,open,09:00,17:00,False,library_hours:23:2026-11,e1117d78fa371f0c808af5e2d4454c0a6721b2917044d5e5eb83c80492b2da67
library_hours:23:2026-11-11,https://hours.library.ubc.ca/#woodward,vancouver,2026-09-10T23:22:28Z,library_hours:23,23,2026-11-11,America/Vancouver,holiday,Closed* (Remembrance Day ),closed,,,,library_hours:23:2026-11,120974ed1f428d17782ce553590feda3bc6820880fd0adf22753d374d9985a32
library_hours:23:2026-11-12,https://hours.library.ubc.ca/#woodward,vancouver,2026-09-10T23:22:28Z,library_hours:23,23,2026-11-12,America/Vancouver,regular,9am - 9pm,open,09:00,21:00,False,library_hours:23:2026-11,0e78a36ba8573305357d2ab0bf7e4c79734f9125effbe66a7455ef2304f175cc
library_hours:23:2026-11-13,https://hours.library.ubc.ca/#woodward,vancouver,2026-09-10T23:22:28Z,library_hours:23,23,2026-11-13,America/Vancouver,regular,9am - 6pm,open,09:00,18:00,False,library_hours:23:2026-11,dfffbd577bbf0e949443a79e31a33ad4e09feaf8281f241ab16c27167dfbf589
library_hours:23:2026-11-14,https://hours.library.ubc.ca/#woodward,vancouver,2026-09-10T23:22:28Z,library_hours:23,23,2026-11-14,America/Vancouver,regular,10am - 6pm,open,10:00,18:00,False,library_hours:23:2026-11,e61d7b8f2b23d3c139f31ec1dd6130a6e24139d272bff51b8be6c78b857fdd3b
library_hours:23:2026-11-15,https://hours.library.ubc.ca/#woodward,vancouver,2026-09-10T23:22:28Z,library_hours:23,23,2026-11-15,America/Vancouver,regular,12pm - 6pm,open,12:00,18:00,False,library_hours:23:2026-11,916e56954efc6413f8db67277cf730ce54666e16e02ba59fd792292ae1945353
library_hours:23:2026-11-16,https://hours.library.ubc.ca/#woodward,vancouver,2026-09-10T23:22:28Z,library_hours:23,23,2026-11-16,America/Vancouver,regular,9am - 9pm,open,09:00,21:00,False,library_hours:23:2026-11,87c60c01c6d021fc610a39bd6f4167b6495a2d04c99cd738a872fa1df456cc5d
library_hours:23:2026-11-17,https://hours.library.ubc.ca/#woodward,vancouver,2026-09-10T23:22:28Z,library_hours:23,23,2026-11-17,America/Vancouver,regular,9am - 9pm,open,09:00,21:00,False,library_hours:23:2026-11,3e0e80d7e2f7379fef830da106a5b346e6d550da4fd723b980c3195653e2ac74
library_hours:23:2026-11-18,https://hours.library.ubc.ca/#woodward,vancouver,2026-09-10T23:22:28Z,library_hours:23,23,2026-11-18,America/Vancouver,regular,9am - 9pm,open,09:00,21:00,False,library_hours:23:2026-11,ba477b1753c69ac771f8f5d81343ba4a7429e9244e5bf4dca3b932a647e57ab6
library_hours:23:2026-11-19,https://hours.library.ubc.ca/#woodward,vancouver,2026-09-10T23:22:28Z,library_hours:23,23,2026-11-19,America/Vancouver,regular,9am - 9pm,open,09:00,21:00,False,library_hours:23:2026-11,ca8fab08e0b59045124fb6a6db17c8be3412dc14fe275d315e2e7c61c7043b69
library_hours:23:2026-11-20,https://hours.library.ubc.ca/#woodward,vancouver,2026-09-10T23:22:28Z,library_hours:23,23,2026-11-20,America/Vancouver,regular,9am - 6pm,open,09:00,18:00,False,library_hours:23:2026-11,f5c14fc5a7b7ab40b19a99604e864ba1472ebb7bea2a7b6ae7cde940d60419f6
library_hours:23:2026-11-21,https://hours.library.ubc.ca/#woodward,vancouver,2026-09-10T23:22:28Z,library_hours:23,23,2026-11-21,America/Vancouver,regular,10am - 6pm,open,10:00,18:00,False,library_hours:23:2026-11,e83d7ec5ae9579d62152363cad5836ca53d04f07193035f4df70a3e4ab07007f
library_hours:23:2026-11-22,https://hours.library.ubc.ca/#woodward,vancouver,2026-09-10T23:22:28Z,library_hours:23,23,2026-11-22,America/Vancouver,regular,12pm - 6pm,open,12:00,18:00,False,library_hours:23:2026-11,332918cf6646795cdf23ab45f47225fcbb7d9868264cf4ec8c95607f81daa9f9
library_hours:23:2026-11-23,https://hours.library.ubc.ca/#woodward,vancouver,2026-09-10T23:22:28Z,library_hours:23,23,2026-11-23,America/Vancouver,regular,9am - 9pm,open,09:00,21:00,False,library_hours:23:2026-11,f6853316bfb7cb885bcce57a67172c657b5f5f39b0d2e740316eaeacde8e4539
library_hours:23:2026-11-24,https://hours.library.ubc.ca/#woodward,vancouver,2026-09-10T23:22:28Z,library_hours:23,23,2026-11-24,America/Vancouver,regular,9am - 9pm,open,09:00,21:00,False,library_hours:23:2026-11,5409ac987498ba330a4cf97cb2fa7a614e1c55698d0a448a605f7f0179b21987
library_hours:23:2026-11-25,https://hours.library.ubc.ca/#woodward,vancouver,2026-09-10T23:22:28Z,library_hours:23,23,2026-11-25,America/Vancouver,regular,9am - 9pm,open,09:00,21:00,False,library_hours:23:2026-11,1657e2ded239e845569fa23120b215d9acaab2286915b31de5e0e20329363fba
library_hours:23:2026-11-26,https://hours.library.ubc.ca/#woodward,vancouver,2026-09-10T23:22:28Z,library_hours:23,23,2026-11-26,America/Vancouver,regular,9am - 9pm,open,09:00,21:00,False,library_hours:23:2026-11,fb392236300039c623f37f0f37332390166c09de8e32d7ec04c9ea9a9dd621ed
library_hours:23:2026-11-27,https://hours.library.ubc.ca/#woodward,vancouver,2026-09-10T23:22:28Z,library_hours:23,23,2026-11-27,America/Vancouver,regular,9am - 6pm,open,09:00,18:00,False,library_hours:23:2026-11,25c360f9ecfcdfb9488380e9634d00c230273281a4dce4f7f31388b553d31b2b
library_hours:23:2026-11-28,https://hours.library.ubc.ca/#woodward,vancouver,2026-09-10T23:22:28Z,library_hours:23,23,2026-11-28,America/Vancouver,regular,10am - 6pm,open,10:00,18:00,False,library_hours:23:2026-11,0f8f2c4c17d23a67d29a34ff11a4c6ad66efd2e07202e1b1eb5c947e6c3deaae
library_hours:23:2026-11-29,https://hours.library.ubc.ca/#woodward,vancouver,2026-09-10T23:22:28Z,library_hours:23,23,2026-11-29,America/Vancouver,regular,12pm - 6pm,open,12:00,18:00,False,library_hours:23:2026-11,91272049d251e38c33d24bd5c6414aee521e98a3af3f86c9660a73c915d7dc54
library_hours:23:2026-11-30,https://hours.library.ubc.ca/#woodward,vancouver,2026-09-10T23:22:28Z,library_hours:23,23,2026-11-30,America/Vancouver,regular,9am - 9pm,open,09:00,21:00,False,library_hours:23:2026-11,15f9e3c0b4b21c86387a99dde63ac5cf23cffd1f5ee8387891da6146055d0e41
library_hours:23:2026-12-01,https://hours.library.ubc.ca/#woodward,vancouver,2026-09-10T23:22:28Z,library_hours:23,23,2026-12-01,America/Vancouver,regular,9am - 9pm,open,09:00,21:00,False,library_hours:23:2026-12,b790bb0d9ea702f575a8c01be0598d2c7dd085e0778e00afdb4eec291d884815
library_hours:23:2026-12-02,https://hours.library.ubc.ca/#woodward,vancouver,2026-09-10T23:22:28Z,library_hours:23,23,2026-12-02,America/Vancouver,regular,9am - 9pm,open,09:00,21:00,False,library_hours:23:2026-12,9b594f04abc9f176ccb5b941ec9ebe755387d4540e3a83c283350fb000b4e441
library_hours:23:2026-12-03,https://hours.library.ubc.ca/#woodward,vancouver,2026-09-10T23:22:28Z,library_hours:23,23,2026-12-03,America/Vancouver,regular,9am - 9pm,open,09:00,21:00,False,library_hours:23:2026-12,2e380d78ae1c5f4465a45cfeb7e3be71cf8e2821e86829df3d7ef8f8f63750f1
library_hours:23:2026-12-04,https://hours.library.ubc.ca/#woodward,vancouver,2026-09-10T23:22:28Z,library_hours:23,23,2026-12-04,America/Vancouver,regular,9am - 6pm,open,09:00,18:00,False,library_hours:23:2026-12,9d39dc4a57d1cccdc15c4bc49e390d1e62ceed59bde193c3a410bffd3b661003
library_hours:23:2026-12-05,https://hours.library.ubc.ca/#woodward,vancouver,2026-09-10T23:22:28Z,library_hours:23,23,2026-12-05,America/Vancouver,regular,10am - 6pm,open,10:00,18:00,False,library_hours:23:2026-12,8d60409a158c5b9f7e0857ca444357679861ab095beb62d1cf1ef0a82293b191
library_hours:23:2026-12-06,https://hours.library.ubc.ca/#woodward,vancouver,2026-09-10T23:22:28Z,library_hours:23,23,2026-12-06,America/Vancouver,regular,12pm - 6pm,open,12:00,18:00,False,library_hours:23:2026-12,b7f5891aa0c8479c8078a5a15cd1dff1820a716c9ed2b0a0381588953054dd88
library_hours:23:2026-12-07,https://hours.library.ubc.ca/#woodward,vancouver,2026-09-10T23:22:28Z,library_hours:23,23,2026-12-07,America/Vancouver,regular,9am - 9pm,open,09:00,21:00,False,library_hours:23:2026-12,81c2351e42b08ea95b1c3982f7417fff8552611009ceeb683d57ed9d349e0a2e
library_hours:23:2026-12-08,https://hours.library.ubc.ca/#woodward,vancouver,2026-09-10T23:22:28Z,library_hours:23,23,2026-12-08,America/Vancouver,regular,9am - 9pm,open,09:00,21:00,False,library_hours:23:2026-12,99a7edcca9f3b292c92a6e62ff5a6b047246be7e1a74d9379a7ec96a03940daf
library_hours:23:2026-12-09,https://hours.library.ubc.ca/#woodward,vancouver,2026-09-10T23:22:28Z,library_hours:23,23,2026-12-09,America/Vancouver,regular,9am - 9pm,open,09:00,21:00,False,library_hours:23:2026-12,753a514cf3dc8e9257012848b5526c841c2e070e8cadc506f23706d96da50d38
library_hours:23:2026-12-10,https://hours.library.ubc.ca/#woodward,vancouver,2026-09-10T23:22:28Z,library_hours:23,23,2026-12-10,America/Vancouver,regular,9am - 9pm,open,09:00,21:00,False,library_hours:23:2026-12,af049b1369d92f549b1b85a3f46cf97f2e77cb36d44ff7822470214309942819
library_hours:23:2026-12-11,https://hours.library.ubc.ca/#woodward,vancouver,2026-09-10T23:22:28Z,library_hours:23,23,2026-12-11,America/Vancouver,regular,9am - 6pm,open,09:00,18:00,False,library_hours:23:2026-12,b8fcbe11f377af33202458593cfb7116f9115deb52f695337e4114fd4640c01a
library_hours:23:2026-12-12,https://hours.library.ubc.ca/#woodward,vancouver,2026-09-10T23:22:28Z,library_hours:23,23,2026-12-12,America/Vancouver,regular,10am - 6pm,open,10:00,18:00,False,library_hours:23:2026-12,0674c5f288cc648f85c5ae44a4b9bed3814caaaba17df79496ff502359aa6161
library_hours:23:2026-12-13,https://hours.library.ubc.ca/#woodward,vancouver,2026-09-10T23:22:28Z,library_hours:23,23,2026-12-13,America/Vancouver,regular,12pm - 6pm,open,12:00,18:00,False,library_hours:23:2026-12,c761dc934efdd06acebb2b56778c30a0b6874f669f1857bd3656f6ccea254b42
library_hours:23:2026-12-14,https://hours.library.ubc.ca/#woodward,vancouver,2026-09-10T23:22:28Z,library_hours:23,23,2026-12-14,America/Vancouver,regular,9am - 9pm,open,09:00,21:00,False,library_hours:23:2026-12,766676b5c22e1bd0b95250f26b81c9d5433ea3f5a03e35277e060d0b622b9db7
library_hours:23:2026-12-15,https://hours.library.ubc.ca/#woodward,vancouver,2026-09-10T23:22:28Z,library_hours:23,23,2026-12-15,America/Vancouver,regular,9am - 9pm,open,09:00,21:00,False,library_hours:23:2026-12,f5c1e0d520e0bc089c402e4631e5e5424f59ef3a28192fca423eb55cae6bd52c
library_hours:23:2026-12-16,https://hours.library.ubc.ca/#woodward,vancouver,2026-09-10T23:22:28Z,library_hours:23,23,2026-12-16,America/Vancouver,regular,9am - 9pm,open,09:00,21:00,False,library_hours:23:2026-12,bf618b303f4e7faf701b2702877d5a865e578387235e716f81149a32a2e30b26
library_hours:23:2026-12-17,https://hours.library.ubc.ca/#woodward,vancouver,2026-09-10T23:22:28Z,library_hours:23,23,2026-12-17,America/Vancouver,regular,9am - 9pm,open,09:00,21:00,False,library_hours:23:2026-12,7b8bab14fbc062fdb37d277e97dc2ebe72797f978c45689a8c01bceb9e2895f6
library_hours:23:2026-12-18,https://hours.library.ubc.ca/#woodward,vancouver,2026-09-10T23:22:28Z,library_hours:23,23,2026-12-18,America/Vancouver,regular,9am - 6pm,open,09:00,18:00,False,library_hours:23:2026-12,26fd5f43f3e786e9e2ae2e46e6640fac2e272a40d779bb43306418f3c343612a
library_hours:23:2026-12-19,https://hours.library.ubc.ca/#woodward,vancouver,2026-09-10T23:22:28Z,library_hours:23,23,2026-12-19,America/Vancouver,regular,10am - 6pm,open,10:00,18:00,False,library_hours:23:2026-12,c5f21c93d6e96cbb7a1dc2836ced0ed4d1b1f38f8766f663b76809028c65f765
library_hours:23:2026-12-20,https://hours.library.ubc.ca/#woodward,vancouver,2026-09-10T23:22:28Z,library_hours:23,23,2026-12-20,America/Vancouver,regular,12pm - 6pm,open,12:00,18:00,False,library_hours:23:2026-12,874a12fe0b157658a1a5d8a80b71fdf99684e4cf44fceb539aa4d1c0586c204d
library_hours:23:2026-12-21,https://hours.library.ubc.ca/#woodward,vancouver,2026-09-10T23:22:28Z,library_hours:23,23,2026-12-21,America/Vancouver,regular,9am - 9pm,open,09:00,21:00,False,library_hours:23:2026-12,badf03c3380daf4a69e25b75363abe67abc4bbd0c85983aa9dc373afb979ad64
library_hours:23:2026-12-22,https://hours.library.ubc.ca/#woodward,vancouver,2026-09-10T23:22:28Z,library_hours:23,23,2026-12-22,America/Vancouver,exception,9am - 5pm,open,09:00,17:00,False,library_hours:23:2026-12,a7b813621c22f5e16b3d7e0a808ebf94c5b0100f281a8abe5a8793be8971c712
library_hours:23:2026-12-23,https://hours.library.ubc.ca/#woodward,vancouver,2026-09-10T23:22:28Z,library_hours:23,23,2026-12-23,America/Vancouver,holiday,9am - 5pm,open,09:00,17:00,False,library_hours:23:2026-12,74653e586713b024cd3d9c942578b5742667906b291d436a673fc818b52ff13d
library_hours:23:2026-12-24,https://hours.library.ubc.ca/#woodward,vancouver,2026-09-10T23:22:28Z,library_hours:23,23,2026-12-24,America/Vancouver,holiday,9am - 5pm,open,09:00,17:00,False,library_hours:23:2026-12,797324cc6df5c5a33a1dca57eab29238bc32616ca3e8c48da707178fd4fa27da
library_hours:23:2026-12-25,https://hours.library.ubc.ca/#woodward,vancouver,2026-09-10T23:22:28Z,library_hours:23,23,2026-12-25,America/Vancouver,holiday,Closed*,closed,,,,library_hours:23:2026-12,9c472038a8ae40ec903bf249b216f346e248946bf6c0c0fe92ef4f199fdc6c4d
library_hours:23:2026-12-26,https://hours.library.ubc.ca/#woodward,vancouver,2026-09-10T23:22:28Z,library_hours:23,23,2026-12-26,America/Vancouver,holiday,Closed*,closed,,,,library_hours:23:2026-12,dab386a5f7932c22ffcdcc5d6101d49f23246fdc0ffa5af4ec8d9bd64a07cc0b
library_hours:23:2026-12-27,https://hours.library.ubc.ca/#woodward,vancouver,2026-09-10T23:22:28Z,library_hours:23,23,2026-12-27,America/Vancouver,holiday,Closed*,closed,,,,library_hours:23:2026-12,8d6cee49a4ff24ab1ed7889bbf1a5976a842a549792100b564eddfbb4bd8ea05
library_hours:23:2026-12-28,https://hours.library.ubc.ca/#woodward,vancouver,2026-09-10T23:22:28Z,library_hours:23,23,2026-12-28,America/Vancouver,holiday,Closed*,closed,,,,library_hours:23:2026-12,153dc223070df4d7ecb7e968f64a2b8625a0eceff0e9b5c29cefc060406b8d9a
library_hours:23:2026-12-29,https://hours.library.ubc.ca/#woodward,vancouver,2026-09-10T23:22:28Z,library_hours:23,23,2026-12-29,America/Vancouver,holiday,Closed*,closed,,,,library_hours:23:2026-12,f99aa3fb9c2cc3e91b72db5fe05b9f76058976fef8a2ed5e267b1d39c69d2de6
library_hours:23:2026-12-30,https://hours.library.ubc.ca/#woodward,vancouver,2026-09-10T23:22:28Z,library_hours:23,23,2026-12-30,America/Vancouver,holiday,Closed*,closed,,,,library_hours:23:2026-12,2fb28a28ae3f384616e9219465aaf9632446fc6657aedbe557551bdd33800d00
library_hours:23:2026-12-31,https://hours.library.ubc.ca/#woodward,vancouver,2026-09-10T23:22:28Z,library_hours:23,23,2026-12-31,America/Vancouver,holiday,Closed*,closed,,,,library_hours:23:2026-12,06ae53e0649293e69eb4a1c2af6392b6c498ad302f92a8714c6bf7fcbe0f5735
library_hours:25:2026-09-01,https://hours.library.ubc.ca/#xwi7xwa,vancouver,2026-09-10T23:22:28Z,library_hours:25,25,2026-09-01,America/Vancouver,regular,9am - 5pm,open,09:00,17:00,False,library_hours:25:2026-09,cebaf8f3ca4219e71d314a154e65da7923a823cea553749295dbf6b85264eb67
library_hours:25:2026-09-02,https://hours.library.ubc.ca/#xwi7xwa,vancouver,2026-09-10T23:22:28Z,library_hours:25,25,2026-09-02,America/Vancouver,regular,9am - 5pm,open,09:00,17:00,False,library_hours:25:2026-09,89a3a54799e5cf3f3b40914b1e44e7de3b425a29801ba23068c8cf402348b01d
library_hours:25:2026-09-03,https://hours.library.ubc.ca/#xwi7xwa,vancouver,2026-09-10T23:22:28Z,library_hours:25,25,2026-09-03,America/Vancouver,regular,9am - 5pm,open,09:00,17:00,False,library_hours:25:2026-09,fad8db7e7438bffc43b66f08ba67538e4db55f130eb80b1f2295966a016d2a16
library_hours:25:2026-09-04,https://hours.library.ubc.ca/#xwi7xwa,vancouver,2026-09-10T23:22:28Z,library_hours:25,25,2026-09-04,America/Vancouver,regular,9am - 5pm,open,09:00,17:00,False,library_hours:25:2026-09,d172bbafafcdb2e701987f066c0f725d203c00fa6f1d99b27d3dabf978e17e44
library_hours:25:2026-09-05,https://hours.library.ubc.ca/#xwi7xwa,vancouver,2026-09-10T23:22:28Z,library_hours:25,25,2026-09-05,America/Vancouver,regular,Closed*,closed,,,,library_hours:25:2026-09,2e8baee3882402afe4237211e1a38c1d7e348da4a3f9e9b68eaa2ad156dc04ab
library_hours:25:2026-09-06,https://hours.library.ubc.ca/#xwi7xwa,vancouver,2026-09-10T23:22:28Z,library_hours:25,25,2026-09-06,America/Vancouver,regular,Closed*,closed,,,,library_hours:25:2026-09,773108a55730e786c234ffefc5dead9f0bf41c83bdfed1cca0e2b7efd02ee436
library_hours:25:2026-09-07,https://hours.library.ubc.ca/#xwi7xwa,vancouver,2026-09-10T23:22:28Z,library_hours:25,25,2026-09-07,America/Vancouver,holiday,Closed* (Labour Day),closed,,,,library_hours:25:2026-09,1a6284ae28ae75c406d9a1703d524dbb62b8feeca0094bb02c620e514d1930a3
library_hours:25:2026-09-08,https://hours.library.ubc.ca/#xwi7xwa,vancouver,2026-09-10T23:22:28Z,library_hours:25,25,2026-09-08,America/Vancouver,regular,9am - 5pm,open,09:00,17:00,False,library_hours:25:2026-09,167708a9922867cbbefa086ebe81d396562e32836495df751e0c067e45cfc8c2
library_hours:25:2026-09-09,https://hours.library.ubc.ca/#xwi7xwa,vancouver,2026-09-10T23:22:28Z,library_hours:25,25,2026-09-09,America/Vancouver,regular,9am - 5pm,open,09:00,17:00,False,library_hours:25:2026-09,57366f948b9c348a49845e5e63b7fa5de9c77b82f6dd287c2313a855b822c813
library_hours:25:2026-09-10,https://hours.library.ubc.ca/#xwi7xwa,vancouver,2026-09-10T23:22:28Z,library_hours:25,25,2026-09-10,America/Vancouver,regular,9am - 5pm,open,09:00,17:00,False,library_hours:25:2026-09,1bc3af628a6bf7ade587c57425247e605aa8ceed6321e6ec0d311a51345d7e50
library_hours:25:2026-09-11,https://hours.library.ubc.ca/#xwi7xwa,vancouver,2026-09-10T23:22:28Z,library_hours:25,25,2026-09-11,America/Vancouver,regular,9am - 5pm,open,09:00,17:00,False,library_hours:25:2026-09,45bc5b1c8fdd4f719ad91203411fb88b244d1db36d908b31a46c0418c32fdc43
library_hours:25:2026-09-12,https://hours.library.ubc.ca/#xwi7xwa,vancouver,2026-09-10T23:22:28Z,library_hours:25,25,2026-09-12,America/Vancouver,regular,Closed*,closed,,,,library_hours:25:2026-09,d9e34273257b089e1c5cf64e90b40d47d9c6ba5ad70bc2ec31d7dee53652f73a
library_hours:25:2026-09-13,https://hours.library.ubc.ca/#xwi7xwa,vancouver,2026-09-10T23:22:28Z,library_hours:25,25,2026-09-13,America/Vancouver,regular,Closed*,closed,,,,library_hours:25:2026-09,3aecd281e531f553276fe182a831b7d2627df95b31d58f7ded64a45ddbeb92c1
library_hours:25:2026-09-14,https://hours.library.ubc.ca/#xwi7xwa,vancouver,2026-09-10T23:22:28Z,library_hours:25,25,2026-09-14,America/Vancouver,regular,9am - 5pm,open,09:00,17:00,False,library_hours:25:2026-09,b26fa7d2d446c976e694bde22d9126d721552c74ab0fd9bb953450360df572b7
library_hours:25:2026-09-15,https://hours.library.ubc.ca/#xwi7xwa,vancouver,2026-09-10T23:22:28Z,library_hours:25,25,2026-09-15,America/Vancouver,regular,9am - 5pm,open,09:00,17:00,False,library_hours:25:2026-09,251ea68335ec574575ff4d701081e4a5a815e7c54523a12cbd97a0a548e5b273
library_hours:25:2026-09-16,https://hours.library.ubc.ca/#xwi7xwa,vancouver,2026-09-10T23:22:28Z,library_hours:25,25,2026-09-16,America/Vancouver,regular,9am - 5pm,open,09:00,17:00,False,library_hours:25:2026-09,e08871fcd60902c36bc4f67d59c7b70e01bdb46ad3cb3774e274e1aedb0462a7
library_hours:25:2026-09-17,https://hours.library.ubc.ca/#xwi7xwa,vancouver,2026-09-10T23:22:28Z,library_hours:25,25,2026-09-17,America/Vancouver,regular,9am - 5pm,open,09:00,17:00,False,library_hours:25:2026-09,29c3979fa71a82034bdd49684a1b390dd7360f75e97e2f9fa310fc18de3faab0
library_hours:25:2026-09-18,https://hours.library.ubc.ca/#xwi7xwa,vancouver,2026-09-10T23:22:28Z,library_hours:25,25,2026-09-18,America/Vancouver,regular,9am - 5pm,open,09:00,17:00,False,library_hours:25:2026-09,c27abf5a205ccc5507623c208af44269574877768467acc4fcf1077f7ecd90c4
library_hours:25:2026-09-19,https://hours.library.ubc.ca/#xwi7xwa,vancouver,2026-09-10T23:22:28Z,library_hours:25,25,2026-09-19,America/Vancouver,regular,Closed*,closed,,,,library_hours:25:2026-09,918c79034929c0fa8838d0e8cba9e47f04d756b74d7dbe74af3e36058a31f2d4
library_hours:25:2026-09-20,https://hours.library.ubc.ca/#xwi7xwa,vancouver,2026-09-10T23:22:28Z,library_hours:25,25,2026-09-20,America/Vancouver,regular,Closed*,closed,,,,library_hours:25:2026-09,e84717c7c0ad11a886f75826cfb87c768d6962448d47f4bedcd9d1a091677358
library_hours:25:2026-09-21,https://hours.library.ubc.ca/#xwi7xwa,vancouver,2026-09-10T23:22:28Z,library_hours:25,25,2026-09-21,America/Vancouver,regular,9am - 5pm,open,09:00,17:00,False,library_hours:25:2026-09,db05a47bef79087ea497c43b7c5719d6db1dce011a02c91225c52d0127ab0ebd
library_hours:25:2026-09-22,https://hours.library.ubc.ca/#xwi7xwa,vancouver,2026-09-10T23:22:28Z,library_hours:25,25,2026-09-22,America/Vancouver,regular,9am - 5pm,open,09:00,17:00,False,library_hours:25:2026-09,ddf9bfa50fb746d9b00c6f140d30537ab91ac9a3e747fdddbbef260ebc98d7e0
library_hours:25:2026-09-23,https://hours.library.ubc.ca/#xwi7xwa,vancouver,2026-09-10T23:22:28Z,library_hours:25,25,2026-09-23,America/Vancouver,regular,9am - 5pm,open,09:00,17:00,False,library_hours:25:2026-09,1d9ed4951e0a0719b69d91eff1a46ad3bdffd19c5a21dbe41ee05dd9b9b802c2
library_hours:25:2026-09-24,https://hours.library.ubc.ca/#xwi7xwa,vancouver,2026-09-10T23:22:28Z,library_hours:25,25,2026-09-24,America/Vancouver,regular,9am - 5pm,open,09:00,17:00,False,library_hours:25:2026-09,1fb00c2c5576157ec1af33ec487cde503783e80fe7a605774eff87c1310ad385
library_hours:25:2026-09-25,https://hours.library.ubc.ca/#xwi7xwa,vancouver,2026-09-10T23:22:28Z,library_hours:25,25,2026-09-25,America/Vancouver,regular,9am - 5pm,open,09:00,17:00,False,library_hours:25:2026-09,2c35095c299ff935bcd4514c9c9616c805a7346e1da4a04a7fd5e3d877156135
library_hours:25:2026-09-26,https://hours.library.ubc.ca/#xwi7xwa,vancouver,2026-09-10T23:22:28Z,library_hours:25,25,2026-09-26,America/Vancouver,regular,Closed*,closed,,,,library_hours:25:2026-09,b27c7c3753b486d5b99fc0a1e866ed7a6d925a9382097ee070e76691a6d30962
library_hours:25:2026-09-27,https://hours.library.ubc.ca/#xwi7xwa,vancouver,2026-09-10T23:22:28Z,library_hours:25,25,2026-09-27,America/Vancouver,regular,Closed*,closed,,,,library_hours:25:2026-09,a3d961393b39c56c776cacab38ea5e17d149b2ebb2dc5511e2480667a81d7308
library_hours:25:2026-09-28,https://hours.library.ubc.ca/#xwi7xwa,vancouver,2026-09-10T23:22:28Z,library_hours:25,25,2026-09-28,America/Vancouver,regular,9am - 5pm,open,09:00,17:00,False,library_hours:25:2026-09,d81a1d574ea859bb5cb624a85eefde3bb0bf6dff7bdbde7eee18262099aa0fd1
library_hours:25:2026-09-29,https://hours.library.ubc.ca/#xwi7xwa,vancouver,2026-09-10T23:22:28Z,library_hours:25,25,2026-09-29,America/Vancouver,regular,9am - 5pm,open,09:00,17:00,False,library_hours:25:2026-09,495628624bb86360d6c005a4e2652ab831a6098bbe1c64ba6adb1da1a2e1e3b8
library_hours:25:2026-09-30,https://hours.library.ubc.ca/#xwi7xwa,vancouver,2026-09-10T23:22:28Z,library_hours:25,25,2026-09-30,America/Vancouver,holiday,Closed* (NDTR),closed,,,,library_hours:25:2026-09,5e5031c010155aeec1c6fec872f442231ce4b65c0e6bdc4c116e2983297d052c
library_hours:25:2026-10-01,https://hours.library.ubc.ca/#xwi7xwa,vancouver,2026-09-10T23:22:28Z,library_hours:25,25,2026-10-01,America/Vancouver,regular,9am - 5pm,open,09:00,17:00,False,library_hours:25:2026-10,91647e47450bf366b7eab00d2bb4664b9ae441cfd809b97e0d1685e40fb82cd1
library_hours:25:2026-10-02,https://hours.library.ubc.ca/#xwi7xwa,vancouver,2026-09-10T23:22:28Z,library_hours:25,25,2026-10-02,America/Vancouver,regular,9am - 5pm,open,09:00,17:00,False,library_hours:25:2026-10,f734db868cfa4806cb73dd333fbbcef4c517cdce924b5a7645d4ae2c888d2822
library_hours:25:2026-10-03,https://hours.library.ubc.ca/#xwi7xwa,vancouver,2026-09-10T23:22:28Z,library_hours:25,25,2026-10-03,America/Vancouver,regular,Closed*,closed,,,,library_hours:25:2026-10,1e552a52a4e3b84980a013b6edcf193ce85f0627e0e989b3e886f3d8a135b4ba
library_hours:25:2026-10-04,https://hours.library.ubc.ca/#xwi7xwa,vancouver,2026-09-10T23:22:28Z,library_hours:25,25,2026-10-04,America/Vancouver,regular,Closed*,closed,,,,library_hours:25:2026-10,7cb24e2dddfcf4976cbf95f0c3206ba30518533b38ca50f72e80aebd156aea00
library_hours:25:2026-10-05,https://hours.library.ubc.ca/#xwi7xwa,vancouver,2026-09-10T23:22:28Z,library_hours:25,25,2026-10-05,America/Vancouver,regular,9am - 5pm,open,09:00,17:00,False,library_hours:25:2026-10,7165f0dd87b153b86ca860a2925a725bbe65702496f6b343801d0e91e862ee68
library_hours:25:2026-10-06,https://hours.library.ubc.ca/#xwi7xwa,vancouver,2026-09-10T23:22:28Z,library_hours:25,25,2026-10-06,America/Vancouver,regular,9am - 5pm,open,09:00,17:00,False,library_hours:25:2026-10,4e647cd5b77e87c60c01b5e16916536774b2a7c264e2f7eb3d1b5411809f448d
library_hours:25:2026-10-07,https://hours.library.ubc.ca/#xwi7xwa,vancouver,2026-09-10T23:22:28Z,library_hours:25,25,2026-10-07,America/Vancouver,regular,9am - 5pm,open,09:00,17:00,False,library_hours:25:2026-10,25febd76dc7cfd9283cedc2f2c97949f6fe73004099eb149d84b8fdd35d14c55
library_hours:25:2026-10-08,https://hours.library.ubc.ca/#xwi7xwa,vancouver,2026-09-10T23:22:28Z,library_hours:25,25,2026-10-08,America/Vancouver,regular,9am - 5pm,open,09:00,17:00,False,library_hours:25:2026-10,7dfdb80cef58cbc9d16db3e87a7b366bc7387d7c12a88e5a8654f852f6cdf5a0
library_hours:25:2026-10-09,https://hours.library.ubc.ca/#xwi7xwa,vancouver,2026-09-10T23:22:28Z,library_hours:25,25,2026-10-09,America/Vancouver,regular,9am - 5pm,open,09:00,17:00,False,library_hours:25:2026-10,cd4eb99e56c85a484571f5a67df611b002b600705770d7cc6ec84670face36b1
library_hours:25:2026-10-10,https://hours.library.ubc.ca/#xwi7xwa,vancouver,2026-09-10T23:22:28Z,library_hours:25,25,2026-10-10,America/Vancouver,regular,Closed*,closed,,,,library_hours:25:2026-10,a95800ad375d68e235315433fb6530639f55b0ae87409b7efc92dacea68af344
library_hours:25:2026-10-11,https://hours.library.ubc.ca/#xwi7xwa,vancouver,2026-09-10T23:22:28Z,library_hours:25,25,2026-10-11,America/Vancouver,regular,Closed*,closed,,,,library_hours:25:2026-10,c74344b6ac75885359c2288272e3f065109e0761db360e56887341aa57de3880
library_hours:25:2026-10-12,https://hours.library.ubc.ca/#xwi7xwa,vancouver,2026-09-10T23:22:28Z,library_hours:25,25,2026-10-12,America/Vancouver,holiday,Closed* (Thanksgiving),closed,,,,library_hours:25:2026-10,97001b31ffc70f688dfd30d7dd99333501947a44a6904e736ef65b9e0457758b
library_hours:25:2026-10-13,https://hours.library.ubc.ca/#xwi7xwa,vancouver,2026-09-10T23:22:28Z,library_hours:25,25,2026-10-13,America/Vancouver,regular,9am - 5pm,open,09:00,17:00,False,library_hours:25:2026-10,61231f5dde3d44fc9ed93f931209aaa9409c01e3d9a075930760c0e5edf03e28
library_hours:25:2026-10-14,https://hours.library.ubc.ca/#xwi7xwa,vancouver,2026-09-10T23:22:28Z,library_hours:25,25,2026-10-14,America/Vancouver,regular,9am - 5pm,open,09:00,17:00,False,library_hours:25:2026-10,2897ca051939a34fdd3bed90370b66869a1e2ccd67a85429e24b1d9844284913
library_hours:25:2026-10-15,https://hours.library.ubc.ca/#xwi7xwa,vancouver,2026-09-10T23:22:28Z,library_hours:25,25,2026-10-15,America/Vancouver,regular,9am - 5pm,open,09:00,17:00,False,library_hours:25:2026-10,8ec23b1c9d13fb19346f81d792ade5ed789cc8dcd0cad4f9842d4f1b1bbdb5a7
library_hours:25:2026-10-16,https://hours.library.ubc.ca/#xwi7xwa,vancouver,2026-09-10T23:22:28Z,library_hours:25,25,2026-10-16,America/Vancouver,regular,9am - 5pm,open,09:00,17:00,False,library_hours:25:2026-10,3ed0dd13b41f330c3baf33670344dc05c985a5079c7574094b959c7378114d68
library_hours:25:2026-10-17,https://hours.library.ubc.ca/#xwi7xwa,vancouver,2026-09-10T23:22:28Z,library_hours:25,25,2026-10-17,America/Vancouver,regular,Closed*,closed,,,,library_hours:25:2026-10,d42f0d4ef190c93bf28c9fff2ff606dfded31938b1e42c753dd1869edda25dd8
library_hours:25:2026-10-18,https://hours.library.ubc.ca/#xwi7xwa,vancouver,2026-09-10T23:22:28Z,library_hours:25,25,2026-10-18,America/Vancouver,regular,Closed*,closed,,,,library_hours:25:2026-10,ba4849824ea8ca3ba1e79f1c1d224c1517a64974f5d342b4f25384fd48f80f6d
library_hours:25:2026-10-19,https://hours.library.ubc.ca/#xwi7xwa,vancouver,2026-09-10T23:22:28Z,library_hours:25,25,2026-10-19,America/Vancouver,regular,9am - 5pm,open,09:00,17:00,False,library_hours:25:2026-10,00c024c17a49e051a2ffd185cdfa72da3d6f861e9fc84888973416038ea92f37
library_hours:25:2026-10-20,https://hours.library.ubc.ca/#xwi7xwa,vancouver,2026-09-10T23:22:28Z,library_hours:25,25,2026-10-20,America/Vancouver,regular,9am - 5pm,open,09:00,17:00,False,library_hours:25:2026-10,a70799f745fc441513ff54c2fd81c824af3a1d11566941ac69943e5925118617
library_hours:25:2026-10-21,https://hours.library.ubc.ca/#xwi7xwa,vancouver,2026-09-10T23:22:28Z,library_hours:25,25,2026-10-21,America/Vancouver,regular,9am - 5pm,open,09:00,17:00,False,library_hours:25:2026-10,d62d0ce7ab6efa72ab93c0f99cae2a6ec8099df86d78c36b83baad6978418845
library_hours:25:2026-10-22,https://hours.library.ubc.ca/#xwi7xwa,vancouver,2026-09-10T23:22:28Z,library_hours:25,25,2026-10-22,America/Vancouver,regular,9am - 5pm,open,09:00,17:00,False,library_hours:25:2026-10,4efabe5e13ac483d666f6a656c30f48b1f2b33723ccba6b310542dfa8cfa7c92
library_hours:25:2026-10-23,https://hours.library.ubc.ca/#xwi7xwa,vancouver,2026-09-10T23:22:28Z,library_hours:25,25,2026-10-23,America/Vancouver,regular,9am - 5pm,open,09:00,17:00,False,library_hours:25:2026-10,51a16f29e2658fb829a47b044308520d2a9741cccca7ae8a29ea53a34342a495
library_hours:25:2026-10-24,https://hours.library.ubc.ca/#xwi7xwa,vancouver,2026-09-10T23:22:28Z,library_hours:25,25,2026-10-24,America/Vancouver,regular,Closed*,closed,,,,library_hours:25:2026-10,d7b507abe3279a9849fd4c876e3fd0707ef8c7414e0edd4674d6472c7f484908
library_hours:25:2026-10-25,https://hours.library.ubc.ca/#xwi7xwa,vancouver,2026-09-10T23:22:28Z,library_hours:25,25,2026-10-25,America/Vancouver,regular,Closed*,closed,,,,library_hours:25:2026-10,9f8dfc2f779d76f4b4fa7c65b27720904ac69e7394c31b1cdd3800c0441d0dbf
library_hours:25:2026-10-26,https://hours.library.ubc.ca/#xwi7xwa,vancouver,2026-09-10T23:22:28Z,library_hours:25,25,2026-10-26,America/Vancouver,regular,9am - 5pm,open,09:00,17:00,False,library_hours:25:2026-10,548e2614f54ed9c9faffb9b72aca812ece67353ea949f8768aa1b4e140f26b85
library_hours:25:2026-10-27,https://hours.library.ubc.ca/#xwi7xwa,vancouver,2026-09-10T23:22:28Z,library_hours:25,25,2026-10-27,America/Vancouver,regular,9am - 5pm,open,09:00,17:00,False,library_hours:25:2026-10,371b34c9c0ab37f41d6192ed8cdb01cf4704285c31dbf3b47d51b095bc749942
library_hours:25:2026-10-28,https://hours.library.ubc.ca/#xwi7xwa,vancouver,2026-09-10T23:22:28Z,library_hours:25,25,2026-10-28,America/Vancouver,regular,9am - 5pm,open,09:00,17:00,False,library_hours:25:2026-10,ad44291390175bb6eeecbf41a20a4a16a4217ebe7cd5caed824626d1b300f559
library_hours:25:2026-10-29,https://hours.library.ubc.ca/#xwi7xwa,vancouver,2026-09-10T23:22:28Z,library_hours:25,25,2026-10-29,America/Vancouver,regular,9am - 5pm,open,09:00,17:00,False,library_hours:25:2026-10,3b62dbf7fcd3e649711adacd9ba99f67e99a97939018fc2a7eb3fc4981690f01
library_hours:25:2026-10-30,https://hours.library.ubc.ca/#xwi7xwa,vancouver,2026-09-10T23:22:28Z,library_hours:25,25,2026-10-30,America/Vancouver,regular,9am - 5pm,open,09:00,17:00,False,library_hours:25:2026-10,f81b3829a54b495e90f03ee5a0c06864f298fe5e078832285182717d69b4424e
library_hours:25:2026-10-31,https://hours.library.ubc.ca/#xwi7xwa,vancouver,2026-09-10T23:22:28Z,library_hours:25,25,2026-10-31,America/Vancouver,regular,Closed*,closed,,,,library_hours:25:2026-10,9325bcd89edd0c028be1e7d487e36e7ce4d7cc5c0a37f87e00e0a0676a5c80d8
library_hours:25:2026-11-01,https://hours.library.ubc.ca/#xwi7xwa,vancouver,2026-09-10T23:22:28Z,library_hours:25,25,2026-11-01,America/Vancouver,regular,Closed*,closed,,,,library_hours:25:2026-11,2eef59a88c49d6573ea676e328b531312d9d4c70e59e941bf1ba5315b69d6c34
library_hours:25:2026-11-02,https://hours.library.ubc.ca/#xwi7xwa,vancouver,2026-09-10T23:22:28Z,library_hours:25,25,2026-11-02,America/Vancouver,regular,9am - 5pm,open,09:00,17:00,False,library_hours:25:2026-11,7f73694fbf40af4c3246ec36d21a0225f3822df1e31ea0941a8f6416658a296f
library_hours:25:2026-11-03,https://hours.library.ubc.ca/#xwi7xwa,vancouver,2026-09-10T23:22:28Z,library_hours:25,25,2026-11-03,America/Vancouver,regular,9am - 5pm,open,09:00,17:00,False,library_hours:25:2026-11,d6672d3485ca61aa7e630629823d9814d50bb4209a72b99032b67a7424a21c48
library_hours:25:2026-11-04,https://hours.library.ubc.ca/#xwi7xwa,vancouver,2026-09-10T23:22:28Z,library_hours:25,25,2026-11-04,America/Vancouver,regular,9am - 5pm,open,09:00,17:00,False,library_hours:25:2026-11,bd372582245acc94e9389baced79d860e3be7697853d7efc958364e1147908a8
library_hours:25:2026-11-05,https://hours.library.ubc.ca/#xwi7xwa,vancouver,2026-09-10T23:22:28Z,library_hours:25,25,2026-11-05,America/Vancouver,regular,9am - 5pm,open,09:00,17:00,False,library_hours:25:2026-11,49dc8b70ae0caf0788370079d93270ffb8fdde9323017288e3614fd4b71b1d36
library_hours:25:2026-11-06,https://hours.library.ubc.ca/#xwi7xwa,vancouver,2026-09-10T23:22:28Z,library_hours:25,25,2026-11-06,America/Vancouver,regular,9am - 5pm,open,09:00,17:00,False,library_hours:25:2026-11,abb549345885a455b97405c722c3afdd6b9180b69e664c5442f102092172d328
library_hours:25:2026-11-07,https://hours.library.ubc.ca/#xwi7xwa,vancouver,2026-09-10T23:22:28Z,library_hours:25,25,2026-11-07,America/Vancouver,regular,Closed*,closed,,,,library_hours:25:2026-11,2181dcef01da94c88d6ec433d2948f92653a8a5af34f281d7f3eecc1338d4217
library_hours:25:2026-11-08,https://hours.library.ubc.ca/#xwi7xwa,vancouver,2026-09-10T23:22:28Z,library_hours:25,25,2026-11-08,America/Vancouver,regular,Closed*,closed,,,,library_hours:25:2026-11,0f011555e3154537b8229bfd03344db0358871d16ffbe2dc520e0a7b580fdffb
library_hours:25:2026-11-09,https://hours.library.ubc.ca/#xwi7xwa,vancouver,2026-09-10T23:22:28Z,library_hours:25,25,2026-11-09,America/Vancouver,regular,9am - 5pm,open,09:00,17:00,False,library_hours:25:2026-11,cd187c8d615a08d486dcc4e51965983cd6b87c130ea09e603632def491aef243
library_hours:25:2026-11-10,https://hours.library.ubc.ca/#xwi7xwa,vancouver,2026-09-10T23:22:28Z,library_hours:25,25,2026-11-10,America/Vancouver,regular,9am - 5pm,open,09:00,17:00,False,library_hours:25:2026-11,bab4299f89af248f6cdf39baa07b3d8dbf4ec2f0885d67d2a51a962110129e02
library_hours:25:2026-11-11,https://hours.library.ubc.ca/#xwi7xwa,vancouver,2026-09-10T23:22:28Z,library_hours:25,25,2026-11-11,America/Vancouver,holiday,Closed* (Remembrance Day ),closed,,,,library_hours:25:2026-11,91e5926f466fa311510d73f75c86ca6fb43a8533dabdcb380ccc58e5f1f39a1a
library_hours:25:2026-11-12,https://hours.library.ubc.ca/#xwi7xwa,vancouver,2026-09-10T23:22:28Z,library_hours:25,25,2026-11-12,America/Vancouver,regular,9am - 5pm,open,09:00,17:00,False,library_hours:25:2026-11,a759d844294f5326d81a950f4b2de880f89c1288cae38e826fe617b0abfdcf4b
library_hours:25:2026-11-13,https://hours.library.ubc.ca/#xwi7xwa,vancouver,2026-09-10T23:22:28Z,library_hours:25,25,2026-11-13,America/Vancouver,regular,9am - 5pm,open,09:00,17:00,False,library_hours:25:2026-11,28d03d97c5e10aa0ce891fdda5c35698124cbf8e390918c857ec79b350bb894d
library_hours:25:2026-11-14,https://hours.library.ubc.ca/#xwi7xwa,vancouver,2026-09-10T23:22:28Z,library_hours:25,25,2026-11-14,America/Vancouver,regular,Closed*,closed,,,,library_hours:25:2026-11,1fba739d89e1b6001c82df67d1f42e5b24d58fdf1e70e0e33d630461fd2e07b3
library_hours:25:2026-11-15,https://hours.library.ubc.ca/#xwi7xwa,vancouver,2026-09-10T23:22:28Z,library_hours:25,25,2026-11-15,America/Vancouver,regular,Closed*,closed,,,,library_hours:25:2026-11,81430a26e690632be3dc2ced3a703d443d5069ed29ae1ce81a44a8043fe4e7e0
library_hours:25:2026-11-16,https://hours.library.ubc.ca/#xwi7xwa,vancouver,2026-09-10T23:22:28Z,library_hours:25,25,2026-11-16,America/Vancouver,regular,9am - 5pm,open,09:00,17:00,False,library_hours:25:2026-11,1cc1e0bf5f8c249400fa19930eac88fcb7095f8ab5c4eda04bef5cb7d839e32a
library_hours:25:2026-11-17,https://hours.library.ubc.ca/#xwi7xwa,vancouver,2026-09-10T23:22:28Z,library_hours:25,25,2026-11-17,America/Vancouver,regular,9am - 5pm,open,09:00,17:00,False,library_hours:25:2026-11,594e16ebfa7a698ae3d92bb124d1b8d0fbccc85dc6e10e9dce74a89e965caf31
library_hours:25:2026-11-18,https://hours.library.ubc.ca/#xwi7xwa,vancouver,2026-09-10T23:22:28Z,library_hours:25,25,2026-11-18,America/Vancouver,regular,9am - 5pm,open,09:00,17:00,False,library_hours:25:2026-11,4d733ce7ea15f8bd2f10dd4a6088f30325d022aaaea81e7ac5536838281bf76a
library_hours:25:2026-11-19,https://hours.library.ubc.ca/#xwi7xwa,vancouver,2026-09-10T23:22:28Z,library_hours:25,25,2026-11-19,America/Vancouver,regular,9am - 5pm,open,09:00,17:00,False,library_hours:25:2026-11,d1148d07c57264e08cd7f98208d89600d968f8c44b9c9e1a5734f741e4216dc7
library_hours:25:2026-11-20,https://hours.library.ubc.ca/#xwi7xwa,vancouver,2026-09-10T23:22:28Z,library_hours:25,25,2026-11-20,America/Vancouver,regular,9am - 5pm,open,09:00,17:00,False,library_hours:25:2026-11,3d34e97ef4c7f4e52e84626681a28d117eb7dfaf8221b9db21f8bdc3c85eb054
library_hours:25:2026-11-21,https://hours.library.ubc.ca/#xwi7xwa,vancouver,2026-09-10T23:22:28Z,library_hours:25,25,2026-11-21,America/Vancouver,regular,Closed*,closed,,,,library_hours:25:2026-11,a127f91548298ebcba58911ba8101cf360256514467651b56174e3143c192914
library_hours:25:2026-11-22,https://hours.library.ubc.ca/#xwi7xwa,vancouver,2026-09-10T23:22:28Z,library_hours:25,25,2026-11-22,America/Vancouver,regular,Closed*,closed,,,,library_hours:25:2026-11,5fa0a5a87c242bd152e3d967afaf70c583ea017d87e64b6571a2a8e3bd92f30a
library_hours:25:2026-11-23,https://hours.library.ubc.ca/#xwi7xwa,vancouver,2026-09-10T23:22:28Z,library_hours:25,25,2026-11-23,America/Vancouver,regular,9am - 5pm,open,09:00,17:00,False,library_hours:25:2026-11,4fb94d6dc9e961548534a8c4b3f7fcce57eb155313268f21d0f216179041cd01
library_hours:25:2026-11-24,https://hours.library.ubc.ca/#xwi7xwa,vancouver,2026-09-10T23:22:28Z,library_hours:25,25,2026-11-24,America/Vancouver,regular,9am - 5pm,open,09:00,17:00,False,library_hours:25:2026-11,62e6d83eb3d1918e18fbc1e32c18763d0d168a73240cac4c5dce641732093d33
library_hours:25:2026-11-25,https://hours.library.ubc.ca/#xwi7xwa,vancouver,2026-09-10T23:22:28Z,library_hours:25,25,2026-11-25,America/Vancouver,regular,9am - 5pm,open,09:00,17:00,False,library_hours:25:2026-11,1197883b0a06ed6bce694ee584723c15c6b8286c9e1adc234a3d18379303d35f
library_hours:25:2026-11-26,https://hours.library.ubc.ca/#xwi7xwa,vancouver,2026-09-10T23:22:28Z,library_hours:25,25,2026-11-26,America/Vancouver,regular,9am - 5pm,open,09:00,17:00,False,library_hours:25:2026-11,1effed24b1df311fc969b858018c15578c7e63abb8f272a13c09ed3f554ec622
library_hours:25:2026-11-27,https://hours.library.ubc.ca/#xwi7xwa,vancouver,2026-09-10T23:22:28Z,library_hours:25,25,2026-11-27,America/Vancouver,regular,9am - 5pm,open,09:00,17:00,False,library_hours:25:2026-11,31383e6a08b18e72d33fadbe4079b67b5b109ec110690ae20acb2da213c1c70a
library_hours:25:2026-11-28,https://hours.library.ubc.ca/#xwi7xwa,vancouver,2026-09-10T23:22:28Z,library_hours:25,25,2026-11-28,America/Vancouver,regular,Closed*,closed,,,,library_hours:25:2026-11,8df0b4b9ad7cfa98d32029bf176ecbc3574a70af6f4cc9d84c1ce341ca5c96de
library_hours:25:2026-11-29,https://hours.library.ubc.ca/#xwi7xwa,vancouver,2026-09-10T23:22:28Z,library_hours:25,25,2026-11-29,America/Vancouver,regular,Closed*,closed,,,,library_hours:25:2026-11,bf3cb8f486e2a780a6011fd10ef069acdf6881a5ed78fd43281babad8c021494
library_hours:25:2026-11-30,https://hours.library.ubc.ca/#xwi7xwa,vancouver,2026-09-10T23:22:28Z,library_hours:25,25,2026-11-30,America/Vancouver,regular,9am - 5pm,open,09:00,17:00,False,library_hours:25:2026-11,7a5225c9066831dc66c5b83ec28736f95ffb963d0812083287e2eee364f935d2
library_hours:25:2026-12-01,https://hours.library.ubc.ca/#xwi7xwa,vancouver,2026-09-10T23:22:28Z,library_hours:25,25,2026-12-01,America/Vancouver,regular,9am - 5pm,open,09:00,17:00,False,library_hours:25:2026-12,4834cad4c07410004b8d1f925a1c102cae1c1b88d74cdde635dd55d3bb4d37f0
library_hours:25:2026-12-02,https://hours.library.ubc.ca/#xwi7xwa,vancouver,2026-09-10T23:22:28Z,library_hours:25,25,2026-12-02,America/Vancouver,regular,9am - 5pm,open,09:00,17:00,False,library_hours:25:2026-12,c8f2de62eab8aff2c022121b512e375cc6d0175a0d4667601a4f5f3fa1576c02
library_hours:25:2026-12-03,https://hours.library.ubc.ca/#xwi7xwa,vancouver,2026-09-10T23:22:28Z,library_hours:25,25,2026-12-03,America/Vancouver,regular,9am - 5pm,open,09:00,17:00,False,library_hours:25:2026-12,a82aab6679a1ba199d075c6e5f696929270b746bb26be64dcea639b72334b481
library_hours:25:2026-12-04,https://hours.library.ubc.ca/#xwi7xwa,vancouver,2026-09-10T23:22:28Z,library_hours:25,25,2026-12-04,America/Vancouver,regular,9am - 5pm,open,09:00,17:00,False,library_hours:25:2026-12,98f9af64a9e9810f1b588add39f746eb861fee56fbd498e0955f487ff501269a
library_hours:25:2026-12-05,https://hours.library.ubc.ca/#xwi7xwa,vancouver,2026-09-10T23:22:28Z,library_hours:25,25,2026-12-05,America/Vancouver,regular,Closed*,closed,,,,library_hours:25:2026-12,5217fd8bf68830f66dd764683d30312835cc94a3a8f6661a1fc786b2c58e3fb4
library_hours:25:2026-12-06,https://hours.library.ubc.ca/#xwi7xwa,vancouver,2026-09-10T23:22:28Z,library_hours:25,25,2026-12-06,America/Vancouver,regular,Closed*,closed,,,,library_hours:25:2026-12,7e09ddcc536fb155dd3516def5df872437c9d843ee81c862497086f83720b76e
library_hours:25:2026-12-07,https://hours.library.ubc.ca/#xwi7xwa,vancouver,2026-09-10T23:22:28Z,library_hours:25,25,2026-12-07,America/Vancouver,regular,9am - 5pm,open,09:00,17:00,False,library_hours:25:2026-12,d92d1b7fd9dfe90f0498b6c76fc463d4e4c2833e28b1c7ca89114af27f131f77
library_hours:25:2026-12-08,https://hours.library.ubc.ca/#xwi7xwa,vancouver,2026-09-10T23:22:28Z,library_hours:25,25,2026-12-08,America/Vancouver,regular,9am - 5pm,open,09:00,17:00,False,library_hours:25:2026-12,e82bc21157befff5fea594ef83ecbd62325242ceef3b1fbbc9872b764f89c587
library_hours:25:2026-12-09,https://hours.library.ubc.ca/#xwi7xwa,vancouver,2026-09-10T23:22:28Z,library_hours:25,25,2026-12-09,America/Vancouver,regular,9am - 5pm,open,09:00,17:00,False,library_hours:25:2026-12,c17e577409dc3197d2123856c7f667cf78b96e18bd1d927d68b7e3dae3aa4a39
library_hours:25:2026-12-10,https://hours.library.ubc.ca/#xwi7xwa,vancouver,2026-09-10T23:22:28Z,library_hours:25,25,2026-12-10,America/Vancouver,regular,9am - 5pm,open,09:00,17:00,False,library_hours:25:2026-12,11671474ae0d8fb05ad6c73c3d6338b9b0c617a6915b447cb6d5266ec068c346
library_hours:25:2026-12-11,https://hours.library.ubc.ca/#xwi7xwa,vancouver,2026-09-10T23:22:28Z,library_hours:25,25,2026-12-11,America/Vancouver,regular,9am - 5pm,open,09:00,17:00,False,library_hours:25:2026-12,a32b58100c987825bb3a657cc83cc662df64100cca5f4564919ae306808c7d8d
library_hours:25:2026-12-12,https://hours.library.ubc.ca/#xwi7xwa,vancouver,2026-09-10T23:22:28Z,library_hours:25,25,2026-12-12,America/Vancouver,regular,Closed*,closed,,,,library_hours:25:2026-12,32e2e612fd8e9ef9234ffd81572d62c0e5ff8e82f86efd2f77a6c51552ff238f
library_hours:25:2026-12-13,https://hours.library.ubc.ca/#xwi7xwa,vancouver,2026-09-10T23:22:28Z,library_hours:25,25,2026-12-13,America/Vancouver,regular,Closed*,closed,,,,library_hours:25:2026-12,71a07dfa43d103bf822abe672c31bfd138803b0f1bf2f5c72f47bca15e51b611
library_hours:25:2026-12-14,https://hours.library.ubc.ca/#xwi7xwa,vancouver,2026-09-10T23:22:28Z,library_hours:25,25,2026-12-14,America/Vancouver,regular,9am - 5pm,open,09:00,17:00,False,library_hours:25:2026-12,04c3c37a17942fcdea3dbbcec1a1992b7d30d3767889ad824cc3f11d132229a3
library_hours:25:2026-12-15,https://hours.library.ubc.ca/#xwi7xwa,vancouver,2026-09-10T23:22:28Z,library_hours:25,25,2026-12-15,America/Vancouver,regular,9am - 5pm,open,09:00,17:00,False,library_hours:25:2026-12,9b6bdb8964a39fe012f243c6b6c8b14eee59662a5fec3ac6e857e17baf170ff5
library_hours:25:2026-12-16,https://hours.library.ubc.ca/#xwi7xwa,vancouver,2026-09-10T23:22:28Z,library_hours:25,25,2026-12-16,America/Vancouver,regular,9am - 5pm,open,09:00,17:00,False,library_hours:25:2026-12,358e5476e5acb6eb827f0001424ff16a2fa5c824cebceb18dfe48993cea33467
library_hours:25:2026-12-17,https://hours.library.ubc.ca/#xwi7xwa,vancouver,2026-09-10T23:22:28Z,library_hours:25,25,2026-12-17,America/Vancouver,regular,9am - 5pm,open,09:00,17:00,False,library_hours:25:2026-12,4d2f731dbf54f97d2ceb3b6c5eabd194b94c3f07c26dcea0f568936bdebd6f62
library_hours:25:2026-12-18,https://hours.library.ubc.ca/#xwi7xwa,vancouver,2026-09-10T23:22:28Z,library_hours:25,25,2026-12-18,America/Vancouver,regular,9am - 5pm,open,09:00,17:00,False,library_hours:25:2026-12,e567abbb1a6c9aea4d198b0d0b683ab1c00de474bfb4e085863d93e242b38137
library_hours:25:2026-12-19,https://hours.library.ubc.ca/#xwi7xwa,vancouver,2026-09-10T23:22:28Z,library_hours:25,25,2026-12-19,America/Vancouver,regular,Closed*,closed,,,,library_hours:25:2026-12,194349d09d6b205279cb72ad371e28c291b3ab939a19139ebc3e103486e41e65
library_hours:25:2026-12-20,https://hours.library.ubc.ca/#xwi7xwa,vancouver,2026-09-10T23:22:28Z,library_hours:25,25,2026-12-20,America/Vancouver,regular,Closed*,closed,,,,library_hours:25:2026-12,eb3f6cac1e5fa2a65a09fad0d72062cc494546c90f250a9a51453e219b3aacea
library_hours:25:2026-12-21,https://hours.library.ubc.ca/#xwi7xwa,vancouver,2026-09-10T23:22:28Z,library_hours:25,25,2026-12-21,America/Vancouver,regular,9am - 5pm,open,09:00,17:00,False,library_hours:25:2026-12,3b719ea498e9f6dfd52497be112f4977b1c88760e648266ad69bfa09d80f551d
library_hours:25:2026-12-22,https://hours.library.ubc.ca/#xwi7xwa,vancouver,2026-09-10T23:22:28Z,library_hours:25,25,2026-12-22,America/Vancouver,regular,9am - 5pm,open,09:00,17:00,False,library_hours:25:2026-12,0906c6f7a0f652c9ae024b1a15ed5a18891f4659b3f9efb1d89dee56cb69ce8a
library_hours:25:2026-12-23,https://hours.library.ubc.ca/#xwi7xwa,vancouver,2026-09-10T23:22:28Z,library_hours:25,25,2026-12-23,America/Vancouver,holiday,9am - 5pm,open,09:00,17:00,False,library_hours:25:2026-12,90be33db05ecac340433fffb0645bcf6695fd88bdc048950f403c40664c40c23
library_hours:25:2026-12-24,https://hours.library.ubc.ca/#xwi7xwa,vancouver,2026-09-10T23:22:28Z,library_hours:25,25,2026-12-24,America/Vancouver,holiday,9am - 5pm,open,09:00,17:00,False,library_hours:25:2026-12,f473a121347e9cd2811640d4894fea9fffc081c4fc64819ed2b62a3509668bee
library_hours:25:2026-12-25,https://hours.library.ubc.ca/#xwi7xwa,vancouver,2026-09-10T23:22:28Z,library_hours:25,25,2026-12-25,America/Vancouver,holiday,Closed*,closed,,,,library_hours:25:2026-12,bcfc1a87b99d06539384927caa0fd2956bd88208667a0bcf2e8174a09bc79613
library_hours:25:2026-12-26,https://hours.library.ubc.ca/#xwi7xwa,vancouver,2026-09-10T23:22:28Z,library_hours:25,25,2026-12-26,America/Vancouver,holiday,Closed*,closed,,,,library_hours:25:2026-12,fb97382a78785acbab5f4eb00e7ebc5922f6dcda49fd0b26cc922e95fffad90e
library_hours:25:2026-12-27,https://hours.library.ubc.ca/#xwi7xwa,vancouver,2026-09-10T23:22:28Z,library_hours:25,25,2026-12-27,America/Vancouver,holiday,Closed*,closed,,,,library_hours:25:2026-12,09cea4e1cca6b06dde41d2ff0cdccf9a2f8250904625b6a278f8f640195dbf79
library_hours:25:2026-12-28,https://hours.library.ubc.ca/#xwi7xwa,vancouver,2026-09-10T23:22:28Z,library_hours:25,25,2026-12-28,America/Vancouver,holiday,Closed*,closed,,,,library_hours:25:2026-12,39e62d4200d9e63894f0e3b489aa930e23c907153a12cbe5be500ded4316faad
library_hours:25:2026-12-29,https://hours.library.ubc.ca/#xwi7xwa,vancouver,2026-09-10T23:22:28Z,library_hours:25,25,2026-12-29,America/Vancouver,holiday,Closed*,closed,,,,library_hours:25:2026-12,ae8d1d9af3a22ac42380db41f4f45f8fbe3cb4c5f8039b680b2b20b920b41565
library_hours:25:2026-12-30,https://hours.library.ubc.ca/#xwi7xwa,vancouver,2026-09-10T23:22:28Z,library_hours:25,25,2026-12-30,America/Vancouver,holiday,Closed*,closed,,,,library_hours:25:2026-12,e3ccf49c4c9cdc20e56b99c435db8e21807adc3c15cb0ad4ee4ae2641c1cae5d
library_hours:25:2026-12-31,https://hours.library.ubc.ca/#xwi7xwa,vancouver,2026-09-10T23:22:28Z,library_hours:25,25,2026-12-31,America/Vancouver,holiday,Closed*,closed,,,,library_hours:25:2026-12,48bb1af6a60fcb55cdf5cf1c1555a31d3bb6201ea19cdb21880b190982a5556e
library_hours:2:2026-09-01,https://hours.library.ubc.ca/#koerner,vancouver,2026-09-10T23:22:28Z,library_hours:2,2,2026-09-01,America/Vancouver,exception,8am - 6pm,open,08:00,18:00,False,library_hours:2:2026-09,0f6ebf37c5db02bc9efa5d1762d979d8096d2dd8319c98d59a0170a9b969267c
library_hours:2:2026-09-02,https://hours.library.ubc.ca/#koerner,vancouver,2026-09-10T23:22:28Z,library_hours:2,2,2026-09-02,America/Vancouver,exception,8am - 6pm,open,08:00,18:00,False,library_hours:2:2026-09,45816034012a52d6a1ef3a42e9b2e50d18d8efd1773530ffc13a5b5b97d42947
library_hours:2:2026-09-03,https://hours.library.ubc.ca/#koerner,vancouver,2026-09-10T23:22:28Z,library_hours:2,2,2026-09-03,America/Vancouver,exception,8am - 6pm,open,08:00,18:00,False,library_hours:2:2026-09,2c09a855b1424d32fededf0f564ae2da4473ffbf777e43cb0e9eb339c9e834d1
library_hours:2:2026-09-04,https://hours.library.ubc.ca/#koerner,vancouver,2026-09-10T23:22:28Z,library_hours:2,2,2026-09-04,America/Vancouver,exception,8am - 6pm,open,08:00,18:00,False,library_hours:2:2026-09,048a68709f999c057e0bf485a8e286e6cb76c934bb01fadb5d8fe7e010f16a4d
library_hours:2:2026-09-05,https://hours.library.ubc.ca/#koerner,vancouver,2026-09-10T23:22:28Z,library_hours:2,2,2026-09-05,America/Vancouver,exception,11am - 6pm,open,11:00,18:00,False,library_hours:2:2026-09,3c050e57f6cd45175f1b5de0687bacc857b7fd811dc43ab0568a1721ab5ed345
library_hours:2:2026-09-06,https://hours.library.ubc.ca/#koerner,vancouver,2026-09-10T23:22:28Z,library_hours:2,2,2026-09-06,America/Vancouver,exception,11am - 6pm,open,11:00,18:00,False,library_hours:2:2026-09,3feec53a15a422096fb7ec086a20cc4bea4c89d56aa150c10876b5342349b612
library_hours:2:2026-09-07,https://hours.library.ubc.ca/#koerner,vancouver,2026-09-10T23:22:28Z,library_hours:2,2,2026-09-07,America/Vancouver,holiday,11am - 6pm (Labour Day),open,11:00,18:00,False,library_hours:2:2026-09,610a4bb5b73c98edb9e9c158be772973e17567ca812355bc52d93b933767b049
library_hours:2:2026-09-08,https://hours.library.ubc.ca/#koerner,vancouver,2026-09-10T23:22:28Z,library_hours:2,2,2026-09-08,America/Vancouver,regular,8am - 8pm,open,08:00,20:00,False,library_hours:2:2026-09,1609e3a0c57a599ec9d97a07d38f13efac589a7538463a4ac77a0083068ea2a8
library_hours:2:2026-09-09,https://hours.library.ubc.ca/#koerner,vancouver,2026-09-10T23:22:28Z,library_hours:2,2,2026-09-09,America/Vancouver,regular,8am - 8pm,open,08:00,20:00,False,library_hours:2:2026-09,3964c51ff56847be786c37f9bb79d8c92c665ed3ffbac6ff5e65c1a29e75fbbe
library_hours:2:2026-09-10,https://hours.library.ubc.ca/#koerner,vancouver,2026-09-10T23:22:28Z,library_hours:2,2,2026-09-10,America/Vancouver,regular,8am - 8pm,open,08:00,20:00,False,library_hours:2:2026-09,57d58af23a263604d5e8fef37e884e495dea93caf3b7683f1f36ba477911e531
library_hours:2:2026-09-11,https://hours.library.ubc.ca/#koerner,vancouver,2026-09-10T23:22:28Z,library_hours:2,2,2026-09-11,America/Vancouver,regular,8am - 6pm,open,08:00,18:00,False,library_hours:2:2026-09,ca9ab2606c3e42f168563ea00999f76595333fd0abdf22e4a9825da8f9d1118a
library_hours:2:2026-09-12,https://hours.library.ubc.ca/#koerner,vancouver,2026-09-10T23:22:28Z,library_hours:2,2,2026-09-12,America/Vancouver,regular,11am - 6pm,open,11:00,18:00,False,library_hours:2:2026-09,49030afac77efbffb4f38b4a4bb3d53f411fe0e8dfc241542151220bd05e17d2
library_hours:2:2026-09-13,https://hours.library.ubc.ca/#koerner,vancouver,2026-09-10T23:22:28Z,library_hours:2,2,2026-09-13,America/Vancouver,regular,11am - 6pm,open,11:00,18:00,False,library_hours:2:2026-09,2df0a5be759d279efba35bb8ffc870e4ea24765ba38c9544667724cf8e060741
library_hours:2:2026-09-14,https://hours.library.ubc.ca/#koerner,vancouver,2026-09-10T23:22:28Z,library_hours:2,2,2026-09-14,America/Vancouver,regular,8am - 8pm,open,08:00,20:00,False,library_hours:2:2026-09,55c156422e75a3f800ba57c779fd6e39420b140db5e66f9f5e3fb29c772fb007
library_hours:2:2026-09-15,https://hours.library.ubc.ca/#koerner,vancouver,2026-09-10T23:22:28Z,library_hours:2,2,2026-09-15,America/Vancouver,regular,8am - 8pm,open,08:00,20:00,False,library_hours:2:2026-09,f2ab847574c5c8cb4b53339bb468cacaa9223bc21e4a1ca178eddae7dc7eb95f
library_hours:2:2026-09-16,https://hours.library.ubc.ca/#koerner,vancouver,2026-09-10T23:22:28Z,library_hours:2,2,2026-09-16,America/Vancouver,regular,8am - 8pm,open,08:00,20:00,False,library_hours:2:2026-09,e658a33376fd38a9023b1c9d21956c19be194ed98df84621247607743959ee21
library_hours:2:2026-09-17,https://hours.library.ubc.ca/#koerner,vancouver,2026-09-10T23:22:28Z,library_hours:2,2,2026-09-17,America/Vancouver,regular,8am - 8pm,open,08:00,20:00,False,library_hours:2:2026-09,1e9a26b9b50d22114ca1d1bcc05467e4a939b247a995c363da42ce979561e639
library_hours:2:2026-09-18,https://hours.library.ubc.ca/#koerner,vancouver,2026-09-10T23:22:28Z,library_hours:2,2,2026-09-18,America/Vancouver,regular,8am - 6pm,open,08:00,18:00,False,library_hours:2:2026-09,123f24d52782339d196052c691890f4cfda81f4e663c4b40d3bc774d4f342366
library_hours:2:2026-09-19,https://hours.library.ubc.ca/#koerner,vancouver,2026-09-10T23:22:28Z,library_hours:2,2,2026-09-19,America/Vancouver,regular,11am - 6pm,open,11:00,18:00,False,library_hours:2:2026-09,634c76d9f19aaa8220c69c3b4406578fd3e03f80eb7fedeb6800dfefc03a6da8
library_hours:2:2026-09-20,https://hours.library.ubc.ca/#koerner,vancouver,2026-09-10T23:22:28Z,library_hours:2,2,2026-09-20,America/Vancouver,regular,11am - 6pm,open,11:00,18:00,False,library_hours:2:2026-09,27fb58aa852ad1b0078c8131c75cfeadd26a728c4bb3b32e1462391e9a429602
library_hours:2:2026-09-21,https://hours.library.ubc.ca/#koerner,vancouver,2026-09-10T23:22:28Z,library_hours:2,2,2026-09-21,America/Vancouver,regular,8am - 8pm,open,08:00,20:00,False,library_hours:2:2026-09,a50fb294cc99b63fb80a28e35711dfd7d65a253ef54e0d1b47b588b57874065c
library_hours:2:2026-09-22,https://hours.library.ubc.ca/#koerner,vancouver,2026-09-10T23:22:28Z,library_hours:2,2,2026-09-22,America/Vancouver,regular,8am - 8pm,open,08:00,20:00,False,library_hours:2:2026-09,d19890cee5c16b81d3abaa17f9c3fc6d192a1d03e2c5420898dbac3f3510d91c
library_hours:2:2026-09-23,https://hours.library.ubc.ca/#koerner,vancouver,2026-09-10T23:22:28Z,library_hours:2,2,2026-09-23,America/Vancouver,regular,8am - 8pm,open,08:00,20:00,False,library_hours:2:2026-09,8b072a90cffcc3895ee412c7959de8b446d4b1a778436f5f2995ae68926c291c
library_hours:2:2026-09-24,https://hours.library.ubc.ca/#koerner,vancouver,2026-09-10T23:22:28Z,library_hours:2,2,2026-09-24,America/Vancouver,regular,8am - 8pm,open,08:00,20:00,False,library_hours:2:2026-09,8db1174da3f74259c9faf36164077970e9b343709958ced0a72080f0a0563483
library_hours:2:2026-09-25,https://hours.library.ubc.ca/#koerner,vancouver,2026-09-10T23:22:28Z,library_hours:2,2,2026-09-25,America/Vancouver,regular,8am - 6pm,open,08:00,18:00,False,library_hours:2:2026-09,6cfc470c17ef2bb467a499aac74ac059a8f5af4e2b5b0aa1e0318fd7069c88ef
library_hours:2:2026-09-26,https://hours.library.ubc.ca/#koerner,vancouver,2026-09-10T23:22:28Z,library_hours:2,2,2026-09-26,America/Vancouver,regular,11am - 6pm,open,11:00,18:00,False,library_hours:2:2026-09,e3572d494ec604a3a295fa7df9fce26e2503be6c32a6924a09b840eee36bdd57
library_hours:2:2026-09-27,https://hours.library.ubc.ca/#koerner,vancouver,2026-09-10T23:22:28Z,library_hours:2,2,2026-09-27,America/Vancouver,regular,11am - 6pm,open,11:00,18:00,False,library_hours:2:2026-09,390df3bd7956beb4fc9d1ef7fd3f2c398562ed3c71b96d0f0153909d40dc48c2
library_hours:2:2026-09-28,https://hours.library.ubc.ca/#koerner,vancouver,2026-09-10T23:22:28Z,library_hours:2,2,2026-09-28,America/Vancouver,regular,8am - 8pm,open,08:00,20:00,False,library_hours:2:2026-09,0d42d6c913a23ac9223bbad4fdbf12bc5985c71fa7c2b15ddbe3ab705083e4b1
library_hours:2:2026-09-29,https://hours.library.ubc.ca/#koerner,vancouver,2026-09-10T23:22:28Z,library_hours:2,2,2026-09-29,America/Vancouver,regular,8am - 8pm,open,08:00,20:00,False,library_hours:2:2026-09,9430218483518b87765cfa4ff587b44c0c762205a9ba0baa04bda9707f4a8ef6
library_hours:2:2026-09-30,https://hours.library.ubc.ca/#koerner,vancouver,2026-09-10T23:22:28Z,library_hours:2,2,2026-09-30,America/Vancouver,holiday,11am - 6pm (NDTR),open,11:00,18:00,False,library_hours:2:2026-09,fdb67a254e0503007885f7c5ad0f4062ccce1fa08ff5cf6101c4caff53085132
library_hours:2:2026-10-01,https://hours.library.ubc.ca/#koerner,vancouver,2026-09-10T23:22:28Z,library_hours:2,2,2026-10-01,America/Vancouver,regular,8am - 8pm,open,08:00,20:00,False,library_hours:2:2026-10,f337e3c7dbb1586d47ed8d65dc3d54a6eb8876797bb9ea60c66134537d7dca57
library_hours:2:2026-10-02,https://hours.library.ubc.ca/#koerner,vancouver,2026-09-10T23:22:28Z,library_hours:2,2,2026-10-02,America/Vancouver,regular,8am - 6pm,open,08:00,18:00,False,library_hours:2:2026-10,4f9c8f8688a282865c4047f09a17d840e54ceca4cc1d08a6eaf08a645b9f79ea
library_hours:2:2026-10-03,https://hours.library.ubc.ca/#koerner,vancouver,2026-09-10T23:22:28Z,library_hours:2,2,2026-10-03,America/Vancouver,regular,11am - 6pm,open,11:00,18:00,False,library_hours:2:2026-10,80a59219c7db1f85ec6dda34e4fbd4323828a8774879ac1798935c6c2fe9235d
library_hours:2:2026-10-04,https://hours.library.ubc.ca/#koerner,vancouver,2026-09-10T23:22:28Z,library_hours:2,2,2026-10-04,America/Vancouver,regular,11am - 6pm,open,11:00,18:00,False,library_hours:2:2026-10,e14c944fd4bcb815655d80b62f39bda6842ccf388ac7bbe0dc84ef453c5b5227
library_hours:2:2026-10-05,https://hours.library.ubc.ca/#koerner,vancouver,2026-09-10T23:22:28Z,library_hours:2,2,2026-10-05,America/Vancouver,regular,8am - 8pm,open,08:00,20:00,False,library_hours:2:2026-10,f4d5b4c62a48bfbf16114a3ca2ade56f060e91e66877f5c67b66ba6f6141e22c
library_hours:2:2026-10-06,https://hours.library.ubc.ca/#koerner,vancouver,2026-09-10T23:22:28Z,library_hours:2,2,2026-10-06,America/Vancouver,regular,8am - 8pm,open,08:00,20:00,False,library_hours:2:2026-10,83996c5e39d1ff4795010d5f7cf206c7956afb481568d4e5fdbb3156454000df
library_hours:2:2026-10-07,https://hours.library.ubc.ca/#koerner,vancouver,2026-09-10T23:22:28Z,library_hours:2,2,2026-10-07,America/Vancouver,regular,8am - 8pm,open,08:00,20:00,False,library_hours:2:2026-10,d8cf31fd6599dec274a46076e7603739e44eb972a923145d591effeb3b390f81
library_hours:2:2026-10-08,https://hours.library.ubc.ca/#koerner,vancouver,2026-09-10T23:22:28Z,library_hours:2,2,2026-10-08,America/Vancouver,regular,8am - 8pm,open,08:00,20:00,False,library_hours:2:2026-10,dc13fadfa99b50e266f8676c087a1610243be48fd08465e63f3ee7b3be20cd13
library_hours:2:2026-10-09,https://hours.library.ubc.ca/#koerner,vancouver,2026-09-10T23:22:28Z,library_hours:2,2,2026-10-09,America/Vancouver,regular,8am - 6pm,open,08:00,18:00,False,library_hours:2:2026-10,f212425b24b9d8bf07fb12882ab13aa1a84ae435abccf5319426360da1870bc1
library_hours:2:2026-10-10,https://hours.library.ubc.ca/#koerner,vancouver,2026-09-10T23:22:28Z,library_hours:2,2,2026-10-10,America/Vancouver,regular,11am - 6pm,open,11:00,18:00,False,library_hours:2:2026-10,4305dec8d0ba3ee98f31c9684bd97b1edb6d3320d34bbcc93c0ba80309bc3de3
library_hours:2:2026-10-11,https://hours.library.ubc.ca/#koerner,vancouver,2026-09-10T23:22:28Z,library_hours:2,2,2026-10-11,America/Vancouver,regular,11am - 6pm,open,11:00,18:00,False,library_hours:2:2026-10,c6d5183e9626fc40127b9eabcc308666e8224de9ce3aa91001c2e74974557a09
library_hours:2:2026-10-12,https://hours.library.ubc.ca/#koerner,vancouver,2026-09-10T23:22:28Z,library_hours:2,2,2026-10-12,America/Vancouver,holiday,Closed* (Thanksgiving),closed,,,,library_hours:2:2026-10,5f539d346c6d5505b104d2dafd15313118ad70067ded9066c65ccb2268c974bc
library_hours:2:2026-10-13,https://hours.library.ubc.ca/#koerner,vancouver,2026-09-10T23:22:28Z,library_hours:2,2,2026-10-13,America/Vancouver,regular,8am - 8pm,open,08:00,20:00,False,library_hours:2:2026-10,41a26d242ff5ea92c14d3ead912d916eae5887fc966305ff49f72af6f1bdde3c
library_hours:2:2026-10-14,https://hours.library.ubc.ca/#koerner,vancouver,2026-09-10T23:22:28Z,library_hours:2,2,2026-10-14,America/Vancouver,regular,8am - 8pm,open,08:00,20:00,False,library_hours:2:2026-10,dfb2aaa09164a65b8a02163f836b2fc5179ead2a7f466ce7f63af3b0ef6a2d5e
library_hours:2:2026-10-15,https://hours.library.ubc.ca/#koerner,vancouver,2026-09-10T23:22:28Z,library_hours:2,2,2026-10-15,America/Vancouver,regular,8am - 8pm,open,08:00,20:00,False,library_hours:2:2026-10,d6817298488952b55b7fd9d019507b551705a58324c6a9d0344b87bc59af519d
library_hours:2:2026-10-16,https://hours.library.ubc.ca/#koerner,vancouver,2026-09-10T23:22:28Z,library_hours:2,2,2026-10-16,America/Vancouver,regular,8am - 6pm,open,08:00,18:00,False,library_hours:2:2026-10,f6841065fe3e7b1950a284531f9a46dbbdf13f5324fbceabb5dcb9b3ed54be1a
library_hours:2:2026-10-17,https://hours.library.ubc.ca/#koerner,vancouver,2026-09-10T23:22:28Z,library_hours:2,2,2026-10-17,America/Vancouver,regular,11am - 6pm,open,11:00,18:00,False,library_hours:2:2026-10,64726c8e4caed93603715de498e9439afb542c24661a803bf918c4d82262b2a5
library_hours:2:2026-10-18,https://hours.library.ubc.ca/#koerner,vancouver,2026-09-10T23:22:28Z,library_hours:2,2,2026-10-18,America/Vancouver,regular,11am - 6pm,open,11:00,18:00,False,library_hours:2:2026-10,d936059d0b28cf44c1e020e64af392079ed60353e066bd7c081d40b01e1b1a19
library_hours:2:2026-10-19,https://hours.library.ubc.ca/#koerner,vancouver,2026-09-10T23:22:28Z,library_hours:2,2,2026-10-19,America/Vancouver,regular,8am - 8pm,open,08:00,20:00,False,library_hours:2:2026-10,d05d32f33e7a2751226691194e856ddd6022d26a55235882e6b5f5c8211da8b9
library_hours:2:2026-10-20,https://hours.library.ubc.ca/#koerner,vancouver,2026-09-10T23:22:28Z,library_hours:2,2,2026-10-20,America/Vancouver,regular,8am - 8pm,open,08:00,20:00,False,library_hours:2:2026-10,65c247dc0545c38771fd65da009c0fc8e42fc4f5c88b88d5862f7c8d818e6741
library_hours:2:2026-10-21,https://hours.library.ubc.ca/#koerner,vancouver,2026-09-10T23:22:28Z,library_hours:2,2,2026-10-21,America/Vancouver,regular,8am - 8pm,open,08:00,20:00,False,library_hours:2:2026-10,ead68f526e18009c5fc860e5d62b9bd979304355d142ad5d00f5c78ab813e12b
library_hours:2:2026-10-22,https://hours.library.ubc.ca/#koerner,vancouver,2026-09-10T23:22:28Z,library_hours:2,2,2026-10-22,America/Vancouver,regular,8am - 8pm,open,08:00,20:00,False,library_hours:2:2026-10,8b1cd70c4173374d0850f5c18360c25444f962b3f3ee9d23c3cb2b122936362d
library_hours:2:2026-10-23,https://hours.library.ubc.ca/#koerner,vancouver,2026-09-10T23:22:28Z,library_hours:2,2,2026-10-23,America/Vancouver,regular,8am - 6pm,open,08:00,18:00,False,library_hours:2:2026-10,7a174ebbd0fa8b9e640cb665d50412013ad5b9def78cdce3e7f5e644dcde0c35
library_hours:2:2026-10-24,https://hours.library.ubc.ca/#koerner,vancouver,2026-09-10T23:22:28Z,library_hours:2,2,2026-10-24,America/Vancouver,regular,11am - 6pm,open,11:00,18:00,False,library_hours:2:2026-10,5f731219fe4536a277a3747d2b0bf2548389e602463102a3a0c766e27c23d5e8
library_hours:2:2026-10-25,https://hours.library.ubc.ca/#koerner,vancouver,2026-09-10T23:22:28Z,library_hours:2,2,2026-10-25,America/Vancouver,regular,11am - 6pm,open,11:00,18:00,False,library_hours:2:2026-10,a0c97f7a72ff9dbf4beff8221130a21bae96ae64fd05c70521d0f62448b89519
library_hours:2:2026-10-26,https://hours.library.ubc.ca/#koerner,vancouver,2026-09-10T23:22:28Z,library_hours:2,2,2026-10-26,America/Vancouver,regular,8am - 8pm,open,08:00,20:00,False,library_hours:2:2026-10,de47c8ecd7385af69249a9bd903b7fae70a24376256e7b5df888d37f4f99abf6
library_hours:2:2026-10-27,https://hours.library.ubc.ca/#koerner,vancouver,2026-09-10T23:22:28Z,library_hours:2,2,2026-10-27,America/Vancouver,regular,8am - 8pm,open,08:00,20:00,False,library_hours:2:2026-10,372b2b435373cf84095281a0867ff3a635411b8bcddf1d7846817b192a6c0bee
library_hours:2:2026-10-28,https://hours.library.ubc.ca/#koerner,vancouver,2026-09-10T23:22:28Z,library_hours:2,2,2026-10-28,America/Vancouver,regular,8am - 8pm,open,08:00,20:00,False,library_hours:2:2026-10,b9f94b1d359bcd64e627ac824b6d7c40aa4677738dbda1c60e13fda3f63bae9c
library_hours:2:2026-10-29,https://hours.library.ubc.ca/#koerner,vancouver,2026-09-10T23:22:28Z,library_hours:2,2,2026-10-29,America/Vancouver,regular,8am - 8pm,open,08:00,20:00,False,library_hours:2:2026-10,31cb45266d3e409216496866e2e6fcf5287929979cd3f76933bfc39d3ff87979
library_hours:2:2026-10-30,https://hours.library.ubc.ca/#koerner,vancouver,2026-09-10T23:22:28Z,library_hours:2,2,2026-10-30,America/Vancouver,regular,8am - 6pm,open,08:00,18:00,False,library_hours:2:2026-10,2f656e80b59af7fa9b422518a99945986ed00353a29319aeba4c221f1f3f13c1
library_hours:2:2026-10-31,https://hours.library.ubc.ca/#koerner,vancouver,2026-09-10T23:22:28Z,library_hours:2,2,2026-10-31,America/Vancouver,regular,11am - 6pm,open,11:00,18:00,False,library_hours:2:2026-10,185ccff519c542264684142ef61494e09c5d93d5f2dff71f759dcc1b0281060b
library_hours:2:2026-11-01,https://hours.library.ubc.ca/#koerner,vancouver,2026-09-10T23:22:28Z,library_hours:2,2,2026-11-01,America/Vancouver,regular,11am - 6pm,open,11:00,18:00,False,library_hours:2:2026-11,820b0915b8dbe0cdb80898e6da7ae10e76e10626328b7d8bae80fb263d137f70
library_hours:2:2026-11-02,https://hours.library.ubc.ca/#koerner,vancouver,2026-09-10T23:22:28Z,library_hours:2,2,2026-11-02,America/Vancouver,regular,8am - 8pm,open,08:00,20:00,False,library_hours:2:2026-11,3e9243865a5d0c222d4ab226208c4973381505f17b83281eb8bac55f06fbba13
library_hours:2:2026-11-03,https://hours.library.ubc.ca/#koerner,vancouver,2026-09-10T23:22:28Z,library_hours:2,2,2026-11-03,America/Vancouver,regular,8am - 8pm,open,08:00,20:00,False,library_hours:2:2026-11,c13d7d3ae5b8d52eda16e1162e0e0382125e7e03900b4a261666abeef0e361cc
library_hours:2:2026-11-04,https://hours.library.ubc.ca/#koerner,vancouver,2026-09-10T23:22:28Z,library_hours:2,2,2026-11-04,America/Vancouver,regular,8am - 8pm,open,08:00,20:00,False,library_hours:2:2026-11,212aff1ffb3c4a72dda4ede846083c0b98e770c8975a63258f976495c6575279
library_hours:2:2026-11-05,https://hours.library.ubc.ca/#koerner,vancouver,2026-09-10T23:22:28Z,library_hours:2,2,2026-11-05,America/Vancouver,regular,8am - 8pm,open,08:00,20:00,False,library_hours:2:2026-11,bea4bf6d346ce427299a59d950f911b7f7b2251e292b614a15b8a395f0442f4d
library_hours:2:2026-11-06,https://hours.library.ubc.ca/#koerner,vancouver,2026-09-10T23:22:28Z,library_hours:2,2,2026-11-06,America/Vancouver,regular,8am - 6pm,open,08:00,18:00,False,library_hours:2:2026-11,4d697d48a3bea372b1c046d1d414f710cfa954f3600061dd57c0561d03766d29
library_hours:2:2026-11-07,https://hours.library.ubc.ca/#koerner,vancouver,2026-09-10T23:22:28Z,library_hours:2,2,2026-11-07,America/Vancouver,regular,11am - 6pm,open,11:00,18:00,False,library_hours:2:2026-11,d2c66e34c2cd8220f75b6f754a565b848fc5927b77ef092f0fd1085a5ad53586
library_hours:2:2026-11-08,https://hours.library.ubc.ca/#koerner,vancouver,2026-09-10T23:22:28Z,library_hours:2,2,2026-11-08,America/Vancouver,regular,11am - 6pm,open,11:00,18:00,False,library_hours:2:2026-11,4d46248b44e2d0e4c89eb643333847c98973aa430c637d975022f0327e120912
library_hours:2:2026-11-09,https://hours.library.ubc.ca/#koerner,vancouver,2026-09-10T23:22:28Z,library_hours:2,2,2026-11-09,America/Vancouver,exception,8am - 8pm,open,08:00,20:00,False,library_hours:2:2026-11,796000905e1abf7ebc04c0d883f8c07061e414eb3700b074f6ad746e6a074db6
library_hours:2:2026-11-10,https://hours.library.ubc.ca/#koerner,vancouver,2026-09-10T23:22:28Z,library_hours:2,2,2026-11-10,America/Vancouver,exception,8am - 8pm,open,08:00,20:00,False,library_hours:2:2026-11,a6e68ef8032a61a423514c2e465936fabda5ddaf4e62654b376ed5ce03649149
library_hours:2:2026-11-11,https://hours.library.ubc.ca/#koerner,vancouver,2026-09-10T23:22:28Z,library_hours:2,2,2026-11-11,America/Vancouver,holiday,Closed*,closed,,,,library_hours:2:2026-11,b963bc3492c46fd410d16f9706e62d7d1f38c4245a495f1cde13ffa3422e82d1
library_hours:2:2026-11-12,https://hours.library.ubc.ca/#koerner,vancouver,2026-09-10T23:22:28Z,library_hours:2,2,2026-11-12,America/Vancouver,regular,8am - 8pm,open,08:00,20:00,False,library_hours:2:2026-11,8805bd3a9134e5f5c796b140a15e4a6f125006fd7af9e0904ea6e6648f90e554
library_hours:2:2026-11-13,https://hours.library.ubc.ca/#koerner,vancouver,2026-09-10T23:22:28Z,library_hours:2,2,2026-11-13,America/Vancouver,regular,8am - 6pm,open,08:00,18:00,False,library_hours:2:2026-11,ea2ad7c2539ffd99fe0b5aae84c93f57f7d8240546060316561e86e1558c1293
library_hours:2:2026-11-14,https://hours.library.ubc.ca/#koerner,vancouver,2026-09-10T23:22:28Z,library_hours:2,2,2026-11-14,America/Vancouver,regular,11am - 6pm,open,11:00,18:00,False,library_hours:2:2026-11,cfd1d4eba7408ed1c5e5d6bf9bcfb7a12cd0d37282fe02428ca0e7d31a037903
library_hours:2:2026-11-15,https://hours.library.ubc.ca/#koerner,vancouver,2026-09-10T23:22:28Z,library_hours:2,2,2026-11-15,America/Vancouver,regular,11am - 6pm,open,11:00,18:00,False,library_hours:2:2026-11,899db39692f210cb387d23d7bd21e5ccabe8a7c0f10b79ec1ca45ba7dfd41389
library_hours:2:2026-11-16,https://hours.library.ubc.ca/#koerner,vancouver,2026-09-10T23:22:28Z,library_hours:2,2,2026-11-16,America/Vancouver,regular,8am - 8pm,open,08:00,20:00,False,library_hours:2:2026-11,366a3af0b86ae099bea197a606456d06f1f0c0221483beb3050c64ed700697c7
library_hours:2:2026-11-17,https://hours.library.ubc.ca/#koerner,vancouver,2026-09-10T23:22:28Z,library_hours:2,2,2026-11-17,America/Vancouver,regular,8am - 8pm,open,08:00,20:00,False,library_hours:2:2026-11,6e6cf46407aa2ffaa04b196944ca6ee181a9dc866c93cd4b206134ecf0117e28
library_hours:2:2026-11-18,https://hours.library.ubc.ca/#koerner,vancouver,2026-09-10T23:22:28Z,library_hours:2,2,2026-11-18,America/Vancouver,regular,8am - 8pm,open,08:00,20:00,False,library_hours:2:2026-11,b1b26f82ecf22fb10b0bc50525113578a47ec59c743d109a5d6af17440aeb59c
library_hours:2:2026-11-19,https://hours.library.ubc.ca/#koerner,vancouver,2026-09-10T23:22:28Z,library_hours:2,2,2026-11-19,America/Vancouver,regular,8am - 8pm,open,08:00,20:00,False,library_hours:2:2026-11,10c327fc3c9c0941fdfcf02dda0dfd1affc11ba0c6bc1bd620ebebb63be5dba0
library_hours:2:2026-11-20,https://hours.library.ubc.ca/#koerner,vancouver,2026-09-10T23:22:28Z,library_hours:2,2,2026-11-20,America/Vancouver,regular,8am - 6pm,open,08:00,18:00,False,library_hours:2:2026-11,133e0462af9390e6fa2abc73fc6f1edebcf9fc10c9ba9c182d86bde7775e2972
library_hours:2:2026-11-21,https://hours.library.ubc.ca/#koerner,vancouver,2026-09-10T23:22:28Z,library_hours:2,2,2026-11-21,America/Vancouver,regular,11am - 6pm,open,11:00,18:00,False,library_hours:2:2026-11,85f0f5c93f0d8cfe68f64a2e41e7d4247629f483cf4dce5b784780206aa35860
library_hours:2:2026-11-22,https://hours.library.ubc.ca/#koerner,vancouver,2026-09-10T23:22:28Z,library_hours:2,2,2026-11-22,America/Vancouver,regular,11am - 6pm,open,11:00,18:00,False,library_hours:2:2026-11,3cded8c743dddf76736ca564966b4d8a679f9e2ad2da9ad659dad28705a69fd1
library_hours:2:2026-11-23,https://hours.library.ubc.ca/#koerner,vancouver,2026-09-10T23:22:28Z,library_hours:2,2,2026-11-23,America/Vancouver,regular,8am - 8pm,open,08:00,20:00,False,library_hours:2:2026-11,80e3f93824671c7cc2503877f20088f1e2638083dcbe688915f203142b91c442
library_hours:2:2026-11-24,https://hours.library.ubc.ca/#koerner,vancouver,2026-09-10T23:22:28Z,library_hours:2,2,2026-11-24,America/Vancouver,regular,8am - 8pm,open,08:00,20:00,False,library_hours:2:2026-11,e033152743790355db4412ea2457f4654a94d0db6192fd206ff5be3f89186306
library_hours:2:2026-11-25,https://hours.library.ubc.ca/#koerner,vancouver,2026-09-10T23:22:28Z,library_hours:2,2,2026-11-25,America/Vancouver,regular,8am - 8pm,open,08:00,20:00,False,library_hours:2:2026-11,9fd95769059bd141c1dd6414e3b505bfbbe8d1128150221ed76bd082320e78fe
library_hours:2:2026-11-26,https://hours.library.ubc.ca/#koerner,vancouver,2026-09-10T23:22:28Z,library_hours:2,2,2026-11-26,America/Vancouver,regular,8am - 8pm,open,08:00,20:00,False,library_hours:2:2026-11,85467c258b027f3f7be5ff3046f434f7f805f69e287706fdae4c881909fd21b4
library_hours:2:2026-11-27,https://hours.library.ubc.ca/#koerner,vancouver,2026-09-10T23:22:28Z,library_hours:2,2,2026-11-27,America/Vancouver,regular,8am - 6pm,open,08:00,18:00,False,library_hours:2:2026-11,42e7fb45fe76df318b84b0636cd579c2ab22aec5a76f386f4c83516ab9bd088a
library_hours:2:2026-11-28,https://hours.library.ubc.ca/#koerner,vancouver,2026-09-10T23:22:28Z,library_hours:2,2,2026-11-28,America/Vancouver,regular,11am - 6pm,open,11:00,18:00,False,library_hours:2:2026-11,116af7611c18c380616d17f4ac84ed5f78c28e706f52693d6e924994400f2cc0
library_hours:2:2026-11-29,https://hours.library.ubc.ca/#koerner,vancouver,2026-09-10T23:22:28Z,library_hours:2,2,2026-11-29,America/Vancouver,regular,11am - 6pm,open,11:00,18:00,False,library_hours:2:2026-11,8d9260c7d67e3b5c2f678909f7c2c3ecb5472bb80d6c179b98e843e3a6c76fd6
library_hours:2:2026-11-30,https://hours.library.ubc.ca/#koerner,vancouver,2026-09-10T23:22:28Z,library_hours:2,2,2026-11-30,America/Vancouver,regular,8am - 8pm,open,08:00,20:00,False,library_hours:2:2026-11,7e00bc16ed51796ec8ddfa5eb227b9aad5394e45c6e7df98095c2a2d36127eea
library_hours:2:2026-12-01,https://hours.library.ubc.ca/#koerner,vancouver,2026-09-10T23:22:28Z,library_hours:2,2,2026-12-01,America/Vancouver,regular,8am - 8pm,open,08:00,20:00,False,library_hours:2:2026-12,461cdea35f395e4c9c8f25c4634de6d8780cae4d9abaa526e8e90403527a5246
library_hours:2:2026-12-02,https://hours.library.ubc.ca/#koerner,vancouver,2026-09-10T23:22:28Z,library_hours:2,2,2026-12-02,America/Vancouver,regular,8am - 8pm,open,08:00,20:00,False,library_hours:2:2026-12,fcad74d5acf6a8d1697760cc24d389357a8b5c667c272e7902f43ceb3214f0a9
library_hours:2:2026-12-03,https://hours.library.ubc.ca/#koerner,vancouver,2026-09-10T23:22:28Z,library_hours:2,2,2026-12-03,America/Vancouver,regular,8am - 8pm,open,08:00,20:00,False,library_hours:2:2026-12,775400827d19df2af6307be2d1b301ef42a35100b4a74336563f5c49c7d2a519
library_hours:2:2026-12-04,https://hours.library.ubc.ca/#koerner,vancouver,2026-09-10T23:22:28Z,library_hours:2,2,2026-12-04,America/Vancouver,regular,8am - 6pm,open,08:00,18:00,False,library_hours:2:2026-12,a644e526cfd1e74590f5926021df3c53f3ec53130ff6c765dfeab872c459406c
library_hours:2:2026-12-05,https://hours.library.ubc.ca/#koerner,vancouver,2026-09-10T23:22:28Z,library_hours:2,2,2026-12-05,America/Vancouver,regular,11am - 6pm,open,11:00,18:00,False,library_hours:2:2026-12,517eb061ed8d81b70fa3031232ec9b5a77c61f8621a6a2b4e03e8952e43ca376
library_hours:2:2026-12-06,https://hours.library.ubc.ca/#koerner,vancouver,2026-09-10T23:22:28Z,library_hours:2,2,2026-12-06,America/Vancouver,regular,11am - 6pm,open,11:00,18:00,False,library_hours:2:2026-12,6009f90deced84e77c461ed0c49fab9e40324f948cb5cc2fb66e97c4c677c37f
library_hours:2:2026-12-07,https://hours.library.ubc.ca/#koerner,vancouver,2026-09-10T23:22:28Z,library_hours:2,2,2026-12-07,America/Vancouver,regular,8am - 8pm,open,08:00,20:00,False,library_hours:2:2026-12,883e22113615e3ae3a929aeb053f3645412bd15d865ff72e275550aab2a873bb
library_hours:2:2026-12-08,https://hours.library.ubc.ca/#koerner,vancouver,2026-09-10T23:22:28Z,library_hours:2,2,2026-12-08,America/Vancouver,regular,8am - 8pm,open,08:00,20:00,False,library_hours:2:2026-12,24895da5f2e4e7f947f0f8a8c9cc9d0928514b5145e3853cbf7435daf309eebf
library_hours:2:2026-12-09,https://hours.library.ubc.ca/#koerner,vancouver,2026-09-10T23:22:28Z,library_hours:2,2,2026-12-09,America/Vancouver,regular,8am - 8pm,open,08:00,20:00,False,library_hours:2:2026-12,5447e3ab236e29149eab1e20543add802e492ee0e140fcba5bd8a7206f500f30
library_hours:2:2026-12-10,https://hours.library.ubc.ca/#koerner,vancouver,2026-09-10T23:22:28Z,library_hours:2,2,2026-12-10,America/Vancouver,regular,8am - 8pm,open,08:00,20:00,False,library_hours:2:2026-12,348688999a4d598ee9c49397bfc24c35fb631d01b044ea7429445b9fd3133d75
library_hours:2:2026-12-11,https://hours.library.ubc.ca/#koerner,vancouver,2026-09-10T23:22:28Z,library_hours:2,2,2026-12-11,America/Vancouver,regular,8am - 6pm,open,08:00,18:00,False,library_hours:2:2026-12,56e40c05be5f6b6e8f54a3561c25066877f19f649f8869a8a7cbc3e59f862817
library_hours:2:2026-12-12,https://hours.library.ubc.ca/#koerner,vancouver,2026-09-10T23:22:28Z,library_hours:2,2,2026-12-12,America/Vancouver,regular,11am - 6pm,open,11:00,18:00,False,library_hours:2:2026-12,04c36b4c3d76d01b660b27b571e9cdbe0888883a838d73f9eba4b52d3e4c295d
library_hours:2:2026-12-13,https://hours.library.ubc.ca/#koerner,vancouver,2026-09-10T23:22:28Z,library_hours:2,2,2026-12-13,America/Vancouver,regular,11am - 6pm,open,11:00,18:00,False,library_hours:2:2026-12,7822240de0f59d1ed4b2bddc3960db5542706fbc618bfb08d1eccc1d38147785
library_hours:2:2026-12-14,https://hours.library.ubc.ca/#koerner,vancouver,2026-09-10T23:22:28Z,library_hours:2,2,2026-12-14,America/Vancouver,regular,8am - 8pm,open,08:00,20:00,False,library_hours:2:2026-12,3a94033a50ab5571295bc4629a1f3531cfa5ce3ce217b4d256d2766390bdcf7b
library_hours:2:2026-12-15,https://hours.library.ubc.ca/#koerner,vancouver,2026-09-10T23:22:28Z,library_hours:2,2,2026-12-15,America/Vancouver,regular,8am - 8pm,open,08:00,20:00,False,library_hours:2:2026-12,9deb3a0a741b24497322ee73ff512745d564ebc8c25dceee1aaff8c878f4a549
library_hours:2:2026-12-16,https://hours.library.ubc.ca/#koerner,vancouver,2026-09-10T23:22:28Z,library_hours:2,2,2026-12-16,America/Vancouver,regular,8am - 8pm,open,08:00,20:00,False,library_hours:2:2026-12,fbee9058ae4e8c5ac08514054d61403f32eed7fd84e18dc3a2c95104ca85f574
library_hours:2:2026-12-17,https://hours.library.ubc.ca/#koerner,vancouver,2026-09-10T23:22:28Z,library_hours:2,2,2026-12-17,America/Vancouver,regular,8am - 8pm,open,08:00,20:00,False,library_hours:2:2026-12,aa5428fdc56008540a1ab36b2639b27b3d26034d7b36ed49031a84669581f4db
library_hours:2:2026-12-18,https://hours.library.ubc.ca/#koerner,vancouver,2026-09-10T23:22:28Z,library_hours:2,2,2026-12-18,America/Vancouver,regular,8am - 6pm,open,08:00,18:00,False,library_hours:2:2026-12,7938911ca92f9e4394c4cce153020bca242f0b37756916cb40add5d434e88245
library_hours:2:2026-12-19,https://hours.library.ubc.ca/#koerner,vancouver,2026-09-10T23:22:28Z,library_hours:2,2,2026-12-19,America/Vancouver,regular,11am - 6pm,open,11:00,18:00,False,library_hours:2:2026-12,40b27fa40993fcf4bfdd6fbb1fe64728fdf9b08a14189ebf229508f4a6951356
library_hours:2:2026-12-20,https://hours.library.ubc.ca/#koerner,vancouver,2026-09-10T23:22:28Z,library_hours:2,2,2026-12-20,America/Vancouver,regular,11am - 6pm,open,11:00,18:00,False,library_hours:2:2026-12,253d1f13e36756b02c0c7b1aa9dd0d782af51b55949860d8c2d13864dc6db79d
library_hours:2:2026-12-21,https://hours.library.ubc.ca/#koerner,vancouver,2026-09-10T23:22:28Z,library_hours:2,2,2026-12-21,America/Vancouver,regular,8am - 8pm,open,08:00,20:00,False,library_hours:2:2026-12,223cf5cb4f47a8ca509c9de3364ede4f9d317e55ba7bf278239afc371cc0fc55
library_hours:2:2026-12-22,https://hours.library.ubc.ca/#koerner,vancouver,2026-09-10T23:22:28Z,library_hours:2,2,2026-12-22,America/Vancouver,exception,8am - 6pm,open,08:00,18:00,False,library_hours:2:2026-12,34f0591a080b1d727802b2b3165f8538c7d75fc9d2eabce7524b6675f84c7a3f
library_hours:2:2026-12-23,https://hours.library.ubc.ca/#koerner,vancouver,2026-09-10T23:22:28Z,library_hours:2,2,2026-12-23,America/Vancouver,holiday,8am - 6pm,open,08:00,18:00,False,library_hours:2:2026-12,e07b31832b6fe76f90fb465ec637631c1f4e21a245f76aaa1fd78d08e4648280
library_hours:2:2026-12-24,https://hours.library.ubc.ca/#koerner,vancouver,2026-09-10T23:22:28Z,library_hours:2,2,2026-12-24,America/Vancouver,holiday,8am - 6pm,open,08:00,18:00,False,library_hours:2:2026-12,a45168e7294352756e7c5984b381b8130a1f7bf142311541fbd76b0b9b3cc2fb
library_hours:2:2026-12-25,https://hours.library.ubc.ca/#koerner,vancouver,2026-09-10T23:22:28Z,library_hours:2,2,2026-12-25,America/Vancouver,holiday,Closed*,closed,,,,library_hours:2:2026-12,4e6d9d877cd3489209139651b46d82e08668c5181bfd61de0789198015b0063f
library_hours:2:2026-12-26,https://hours.library.ubc.ca/#koerner,vancouver,2026-09-10T23:22:28Z,library_hours:2,2,2026-12-26,America/Vancouver,holiday,Closed*,closed,,,,library_hours:2:2026-12,6da5e6ddb2bfec3b41e914e1cee73e7df77a802454c558ed01b76370d5fd5098
library_hours:2:2026-12-27,https://hours.library.ubc.ca/#koerner,vancouver,2026-09-10T23:22:28Z,library_hours:2,2,2026-12-27,America/Vancouver,holiday,Closed*,closed,,,,library_hours:2:2026-12,c3be3c7708e9988c575fc81a8fc58f6fd8adad0716636e81cb5e142dabd34a59
library_hours:2:2026-12-28,https://hours.library.ubc.ca/#koerner,vancouver,2026-09-10T23:22:28Z,library_hours:2,2,2026-12-28,America/Vancouver,holiday,Closed*,closed,,,,library_hours:2:2026-12,a2893e3100849b9d6b72f0d328aba0a9520f966167f372779ae56228de82651c
library_hours:2:2026-12-29,https://hours.library.ubc.ca/#koerner,vancouver,2026-09-10T23:22:28Z,library_hours:2,2,2026-12-29,America/Vancouver,holiday,Closed*,closed,,,,library_hours:2:2026-12,4cf453b79801a01c9de059e6e47f8ade2f7384b7be6a998cc57f9bb78e63e4e3
library_hours:2:2026-12-30,https://hours.library.ubc.ca/#koerner,vancouver,2026-09-10T23:22:28Z,library_hours:2,2,2026-12-30,America/Vancouver,holiday,Closed*,closed,,,,library_hours:2:2026-12,aad9b290b7b69cbed8a68ac2b1d33a9f6c49eba68a323551a4528e721faf3366
library_hours:2:2026-12-31,https://hours.library.ubc.ca/#koerner,vancouver,2026-09-10T23:22:28Z,library_hours:2,2,2026-12-31,America/Vancouver,holiday,Closed*,closed,,,,library_hours:2:2026-12,f113303117928e7a25d9e2af64ada174ba24412185c629b0ed7d54a537af383e
library_hours:32:2026-09-01,https://hours.library.ubc.ca/#researchcommons,vancouver,2026-09-10T23:22:28Z,library_hours:32,32,2026-09-01,America/Vancouver,exception,8am - 6pm,open,08:00,18:00,False,library_hours:32:2026-09,044b0bf35ca7843f892582ca58b075f7079539d8c07fe989c2c24d2c62853f26
library_hours:32:2026-09-02,https://hours.library.ubc.ca/#researchcommons,vancouver,2026-09-10T23:22:28Z,library_hours:32,32,2026-09-02,America/Vancouver,exception,8am - 6pm,open,08:00,18:00,False,library_hours:32:2026-09,9d049e1eb6eecf7b96c77bccf50002728543c481f748f481371cd693e13c023f
library_hours:32:2026-09-03,https://hours.library.ubc.ca/#researchcommons,vancouver,2026-09-10T23:22:28Z,library_hours:32,32,2026-09-03,America/Vancouver,exception,8am - 6pm,open,08:00,18:00,False,library_hours:32:2026-09,6fb2a9f08a634a3eaeca51b6b7f5e42b883056fe1c948a9b60012d17b15ace29
library_hours:32:2026-09-04,https://hours.library.ubc.ca/#researchcommons,vancouver,2026-09-10T23:22:28Z,library_hours:32,32,2026-09-04,America/Vancouver,exception,8am - 6pm,open,08:00,18:00,False,library_hours:32:2026-09,016acc6c2f9a6abb47c67a4d913f06079b4614e938ef38f1bdd8ab2fd9299cb7
library_hours:32:2026-09-05,https://hours.library.ubc.ca/#researchcommons,vancouver,2026-09-10T23:22:28Z,library_hours:32,32,2026-09-05,America/Vancouver,exception,11am - 6pm,open,11:00,18:00,False,library_hours:32:2026-09,767f79e1ff7d77d62a145c783db4b20435248ddb27040f838701230932d17b9a
library_hours:32:2026-09-06,https://hours.library.ubc.ca/#researchcommons,vancouver,2026-09-10T23:22:28Z,library_hours:32,32,2026-09-06,America/Vancouver,exception,11am - 6pm,open,11:00,18:00,False,library_hours:32:2026-09,dd21e2014026aecc204612d372dd626876ac4e9f2a12a76f2c9f18c845aabc58
library_hours:32:2026-09-07,https://hours.library.ubc.ca/#researchcommons,vancouver,2026-09-10T23:22:28Z,library_hours:32,32,2026-09-07,America/Vancouver,holiday,11am - 6pm,open,11:00,18:00,False,library_hours:32:2026-09,a5c1cc103b55380adf21e5e1c07919bf2d509afc308302e279d744553418dd48
library_hours:32:2026-09-08,https://hours.library.ubc.ca/#researchcommons,vancouver,2026-09-10T23:22:28Z,library_hours:32,32,2026-09-08,America/Vancouver,regular,8am - 8pm,open,08:00,20:00,False,library_hours:32:2026-09,7dca10fb4ca35980dd88ec0722caa06a7e2e43334f6617c2b8f143163f2e1f07
library_hours:32:2026-09-09,https://hours.library.ubc.ca/#researchcommons,vancouver,2026-09-10T23:22:28Z,library_hours:32,32,2026-09-09,America/Vancouver,regular,8am - 8pm,open,08:00,20:00,False,library_hours:32:2026-09,672ec214b38807dcfbe9208c340005fec49a3bf5c57f4a00309d4bbd9239cc71
library_hours:32:2026-09-10,https://hours.library.ubc.ca/#researchcommons,vancouver,2026-09-10T23:22:28Z,library_hours:32,32,2026-09-10,America/Vancouver,regular,8am - 8pm,open,08:00,20:00,False,library_hours:32:2026-09,16b36d734b9f1ed24f4f34b179e9185003652d60e06b6d55c95a5b082266eef7
library_hours:32:2026-09-11,https://hours.library.ubc.ca/#researchcommons,vancouver,2026-09-10T23:22:28Z,library_hours:32,32,2026-09-11,America/Vancouver,regular,8am - 6pm,open,08:00,18:00,False,library_hours:32:2026-09,6ebe050e7a2ce8f686f13404ca427ae2e223bbb3c6bb055100ba9c472e53897f
library_hours:32:2026-09-12,https://hours.library.ubc.ca/#researchcommons,vancouver,2026-09-10T23:22:28Z,library_hours:32,32,2026-09-12,America/Vancouver,regular,11am - 6pm,open,11:00,18:00,False,library_hours:32:2026-09,33a9c92bd874fd59e56e885d064b0b6bc50e077a486ce9f6cff9f3d028d6fab6
library_hours:32:2026-09-13,https://hours.library.ubc.ca/#researchcommons,vancouver,2026-09-10T23:22:28Z,library_hours:32,32,2026-09-13,America/Vancouver,regular,11am - 6pm,open,11:00,18:00,False,library_hours:32:2026-09,e3f841ab3d78960ac10227cf15cbcd0acd08caaf32eeb9239b2bfef6dffb19f0
library_hours:32:2026-09-14,https://hours.library.ubc.ca/#researchcommons,vancouver,2026-09-10T23:22:28Z,library_hours:32,32,2026-09-14,America/Vancouver,regular,8am - 8pm,open,08:00,20:00,False,library_hours:32:2026-09,c35934f3314a2bbe2a37d279274723892b95ec309daa3d291a8a30ea1d3506ae
library_hours:32:2026-09-15,https://hours.library.ubc.ca/#researchcommons,vancouver,2026-09-10T23:22:28Z,library_hours:32,32,2026-09-15,America/Vancouver,regular,8am - 8pm,open,08:00,20:00,False,library_hours:32:2026-09,76b7ecca44ac50797c79cd849091ae0a119f0c8d3f994d3d7c07c09baf66f4c9
library_hours:32:2026-09-16,https://hours.library.ubc.ca/#researchcommons,vancouver,2026-09-10T23:22:28Z,library_hours:32,32,2026-09-16,America/Vancouver,regular,8am - 8pm,open,08:00,20:00,False,library_hours:32:2026-09,36fe46b704dd3e417e4fd563f286deca317a992184d775fd39240159d8d42d52
library_hours:32:2026-09-17,https://hours.library.ubc.ca/#researchcommons,vancouver,2026-09-10T23:22:28Z,library_hours:32,32,2026-09-17,America/Vancouver,regular,8am - 8pm,open,08:00,20:00,False,library_hours:32:2026-09,fbab4cef534e82deb1569f7f1166b604b69bcdc7c7740465c8f698a3bfc75d90
library_hours:32:2026-09-18,https://hours.library.ubc.ca/#researchcommons,vancouver,2026-09-10T23:22:28Z,library_hours:32,32,2026-09-18,America/Vancouver,regular,8am - 6pm,open,08:00,18:00,False,library_hours:32:2026-09,14e4829858c78984414e4bc944d88bc951edcb6e12edcc3b3a88d2d591487128
library_hours:32:2026-09-19,https://hours.library.ubc.ca/#researchcommons,vancouver,2026-09-10T23:22:28Z,library_hours:32,32,2026-09-19,America/Vancouver,regular,11am - 6pm,open,11:00,18:00,False,library_hours:32:2026-09,bb2435aa023cdc8e893a6ded96dc213daaafdd1313c5c50931b65b9f694b8ab4
library_hours:32:2026-09-20,https://hours.library.ubc.ca/#researchcommons,vancouver,2026-09-10T23:22:28Z,library_hours:32,32,2026-09-20,America/Vancouver,regular,11am - 6pm,open,11:00,18:00,False,library_hours:32:2026-09,3dc15fe14db8427176780e095e7c8b7e9271f6c3346cb62c06696d9980274162
library_hours:32:2026-09-21,https://hours.library.ubc.ca/#researchcommons,vancouver,2026-09-10T23:22:28Z,library_hours:32,32,2026-09-21,America/Vancouver,regular,8am - 8pm,open,08:00,20:00,False,library_hours:32:2026-09,e079b95bdfedc1ccc73f9d74fb048f1fc65eb5baa1a731abf1d2204b0ff1b69f
library_hours:32:2026-09-22,https://hours.library.ubc.ca/#researchcommons,vancouver,2026-09-10T23:22:28Z,library_hours:32,32,2026-09-22,America/Vancouver,regular,8am - 8pm,open,08:00,20:00,False,library_hours:32:2026-09,3007d9e1d657c8743522453780038481b62a90331451a949e23fa07ac8e0315e
library_hours:32:2026-09-23,https://hours.library.ubc.ca/#researchcommons,vancouver,2026-09-10T23:22:28Z,library_hours:32,32,2026-09-23,America/Vancouver,regular,8am - 8pm,open,08:00,20:00,False,library_hours:32:2026-09,ef2523e9b9a186fdeef173ac371b82521f0ede1095b5c6c8ac87b958a67ae5fc
library_hours:32:2026-09-24,https://hours.library.ubc.ca/#researchcommons,vancouver,2026-09-10T23:22:28Z,library_hours:32,32,2026-09-24,America/Vancouver,regular,8am - 8pm,open,08:00,20:00,False,library_hours:32:2026-09,042f5da21faff33ca8024327fedc7ce6adc37653d883955c3a1df933aef0b45b
library_hours:32:2026-09-25,https://hours.library.ubc.ca/#researchcommons,vancouver,2026-09-10T23:22:28Z,library_hours:32,32,2026-09-25,America/Vancouver,regular,8am - 6pm,open,08:00,18:00,False,library_hours:32:2026-09,491fb5df1953ca41cea2520850cd74535c5a5c677199ee85b9e519205adba73c
library_hours:32:2026-09-26,https://hours.library.ubc.ca/#researchcommons,vancouver,2026-09-10T23:22:28Z,library_hours:32,32,2026-09-26,America/Vancouver,regular,11am - 6pm,open,11:00,18:00,False,library_hours:32:2026-09,ed96aac1fb34cd3c0ec5002a39439093c57c94560bd57f04d28d6a556bb6314c
library_hours:32:2026-09-27,https://hours.library.ubc.ca/#researchcommons,vancouver,2026-09-10T23:22:28Z,library_hours:32,32,2026-09-27,America/Vancouver,regular,11am - 6pm,open,11:00,18:00,False,library_hours:32:2026-09,a03ce2a6d0e1440f7cbc94dd8f36dfc5c2a6920c25c445b6a24954dd189b7ecd
library_hours:32:2026-09-28,https://hours.library.ubc.ca/#researchcommons,vancouver,2026-09-10T23:22:28Z,library_hours:32,32,2026-09-28,America/Vancouver,regular,8am - 8pm,open,08:00,20:00,False,library_hours:32:2026-09,4c5ca57e1c0be5731a451281b37dc607b08329c6a6341864eceadd59dc9460e6
library_hours:32:2026-09-29,https://hours.library.ubc.ca/#researchcommons,vancouver,2026-09-10T23:22:28Z,library_hours:32,32,2026-09-29,America/Vancouver,regular,8am - 8pm,open,08:00,20:00,False,library_hours:32:2026-09,f2c8979e09d12d6798d0de936a20d93b64506cc95a7eab2a907c9f77200ab87c
library_hours:32:2026-09-30,https://hours.library.ubc.ca/#researchcommons,vancouver,2026-09-10T23:22:28Z,library_hours:32,32,2026-09-30,America/Vancouver,holiday,11am - 6pm,open,11:00,18:00,False,library_hours:32:2026-09,c6d68e5ebfe4cffe7eeaddde7ce9d723fda626be6c9e3037a91bb464e42d941c
library_hours:32:2026-10-01,https://hours.library.ubc.ca/#researchcommons,vancouver,2026-09-10T23:22:28Z,library_hours:32,32,2026-10-01,America/Vancouver,regular,8am - 8pm,open,08:00,20:00,False,library_hours:32:2026-10,af14f5689da4916ddcc3f4863aaf5d7592791941d674468ae1b3c81d28868a78
library_hours:32:2026-10-02,https://hours.library.ubc.ca/#researchcommons,vancouver,2026-09-10T23:22:28Z,library_hours:32,32,2026-10-02,America/Vancouver,regular,8am - 6pm,open,08:00,18:00,False,library_hours:32:2026-10,4276a51c33472d7c691f3ed8ae7aa1aa16e38469e7165ebeb06b743e01ff3d13
library_hours:32:2026-10-03,https://hours.library.ubc.ca/#researchcommons,vancouver,2026-09-10T23:22:28Z,library_hours:32,32,2026-10-03,America/Vancouver,regular,11am - 6pm,open,11:00,18:00,False,library_hours:32:2026-10,ccce93996819bca7e5db4d590ffbc51a5db6cf8c96ccf7c088ee4e62d9eb353e
library_hours:32:2026-10-04,https://hours.library.ubc.ca/#researchcommons,vancouver,2026-09-10T23:22:28Z,library_hours:32,32,2026-10-04,America/Vancouver,regular,11am - 6pm,open,11:00,18:00,False,library_hours:32:2026-10,1a0197bc99487861ea59e11022bbd74b8093cbebad01986231638fe8e91486c3
library_hours:32:2026-10-05,https://hours.library.ubc.ca/#researchcommons,vancouver,2026-09-10T23:22:28Z,library_hours:32,32,2026-10-05,America/Vancouver,regular,8am - 8pm,open,08:00,20:00,False,library_hours:32:2026-10,605b99ca97c06885dd38d9a08bd300d66e1dc292775a19ca9757412341f8ed5d
library_hours:32:2026-10-06,https://hours.library.ubc.ca/#researchcommons,vancouver,2026-09-10T23:22:28Z,library_hours:32,32,2026-10-06,America/Vancouver,regular,8am - 8pm,open,08:00,20:00,False,library_hours:32:2026-10,cd7c5298c1258380df2bc07b39595e0ea4d593670c7c663e9817d6aace19ab8e
library_hours:32:2026-10-07,https://hours.library.ubc.ca/#researchcommons,vancouver,2026-09-10T23:22:28Z,library_hours:32,32,2026-10-07,America/Vancouver,regular,8am - 8pm,open,08:00,20:00,False,library_hours:32:2026-10,8e3eaee482969686c448d025cdcbaf1271bdc2cccd3d382066b7af20cb52abfd
library_hours:32:2026-10-08,https://hours.library.ubc.ca/#researchcommons,vancouver,2026-09-10T23:22:28Z,library_hours:32,32,2026-10-08,America/Vancouver,regular,8am - 8pm,open,08:00,20:00,False,library_hours:32:2026-10,463e8fca2100ae6b997e121410d0b171d41f8e6b8e4ec825bf2f00a84a159f2c
library_hours:32:2026-10-09,https://hours.library.ubc.ca/#researchcommons,vancouver,2026-09-10T23:22:28Z,library_hours:32,32,2026-10-09,America/Vancouver,regular,8am - 6pm,open,08:00,18:00,False,library_hours:32:2026-10,0989f6ce29b90da76687f055f65f6bea048d675112c01d0a146dfeea68c9cf96
library_hours:32:2026-10-10,https://hours.library.ubc.ca/#researchcommons,vancouver,2026-09-10T23:22:28Z,library_hours:32,32,2026-10-10,America/Vancouver,regular,11am - 6pm,open,11:00,18:00,False,library_hours:32:2026-10,25a9acd2969cb5b9094275517d172d927f70c9cbaa0c6fa7ce5b34d88dde3500
library_hours:32:2026-10-11,https://hours.library.ubc.ca/#researchcommons,vancouver,2026-09-10T23:22:28Z,library_hours:32,32,2026-10-11,America/Vancouver,regular,11am - 6pm,open,11:00,18:00,False,library_hours:32:2026-10,4a7392258661bd6f0ca58f69c8e6d781a0e229dfa84894112cfc1e6103ab76ec
library_hours:32:2026-10-12,https://hours.library.ubc.ca/#researchcommons,vancouver,2026-09-10T23:22:28Z,library_hours:32,32,2026-10-12,America/Vancouver,holiday,Closed* (Thanksgiving),closed,,,,library_hours:32:2026-10,6c16e2595e5052ebd7ea8fa90af6504b1197f793e35bca15022514adab83fccd
library_hours:32:2026-10-13,https://hours.library.ubc.ca/#researchcommons,vancouver,2026-09-10T23:22:28Z,library_hours:32,32,2026-10-13,America/Vancouver,regular,8am - 8pm,open,08:00,20:00,False,library_hours:32:2026-10,a0edfe976d8ef18f9526eef2bc4ab08ff6a0a764dd1b0195c8e2a761fd1ab68b
library_hours:32:2026-10-14,https://hours.library.ubc.ca/#researchcommons,vancouver,2026-09-10T23:22:28Z,library_hours:32,32,2026-10-14,America/Vancouver,regular,8am - 8pm,open,08:00,20:00,False,library_hours:32:2026-10,6bbcba0a59eec34786254e1a3e12a9fd715dd755ddb6d38adcb353b2017b5cb1
library_hours:32:2026-10-15,https://hours.library.ubc.ca/#researchcommons,vancouver,2026-09-10T23:22:28Z,library_hours:32,32,2026-10-15,America/Vancouver,regular,8am - 8pm,open,08:00,20:00,False,library_hours:32:2026-10,dfc2a430a6d326c36adc5ba1a221c9a838b11bf52d516d1ed8964fe02e655875
library_hours:32:2026-10-16,https://hours.library.ubc.ca/#researchcommons,vancouver,2026-09-10T23:22:28Z,library_hours:32,32,2026-10-16,America/Vancouver,regular,8am - 6pm,open,08:00,18:00,False,library_hours:32:2026-10,74229fdbc7c5b53a4d64c088c0bf2917f32c749158f362184a29648e985878b9
library_hours:32:2026-10-17,https://hours.library.ubc.ca/#researchcommons,vancouver,2026-09-10T23:22:28Z,library_hours:32,32,2026-10-17,America/Vancouver,regular,11am - 6pm,open,11:00,18:00,False,library_hours:32:2026-10,ab0b384fe8bfd4825d32934a5a28750a4dc38aec6a54a6dac1a7107d507a0880
library_hours:32:2026-10-18,https://hours.library.ubc.ca/#researchcommons,vancouver,2026-09-10T23:22:28Z,library_hours:32,32,2026-10-18,America/Vancouver,regular,11am - 6pm,open,11:00,18:00,False,library_hours:32:2026-10,31ce6cfd33c011ef027cb272fce225b0e67fdc27e446b680ad5ee86eb5632a0d
library_hours:32:2026-10-19,https://hours.library.ubc.ca/#researchcommons,vancouver,2026-09-10T23:22:28Z,library_hours:32,32,2026-10-19,America/Vancouver,regular,8am - 8pm,open,08:00,20:00,False,library_hours:32:2026-10,742e24dc89c079b91dfe737a2a68f1512b66bdf4a83a790681081beb6a90ac74
library_hours:32:2026-10-20,https://hours.library.ubc.ca/#researchcommons,vancouver,2026-09-10T23:22:28Z,library_hours:32,32,2026-10-20,America/Vancouver,regular,8am - 8pm,open,08:00,20:00,False,library_hours:32:2026-10,8799bbaa53405e54d2cffa1a7c58962a28b3a35d99f9b9e5a5f5a97664972a36
library_hours:32:2026-10-21,https://hours.library.ubc.ca/#researchcommons,vancouver,2026-09-10T23:22:28Z,library_hours:32,32,2026-10-21,America/Vancouver,regular,8am - 8pm,open,08:00,20:00,False,library_hours:32:2026-10,43cbce2ed353fbfefa4e60b25baa05f0668d7bcd58b2c5ab138ac73103f5e719
library_hours:32:2026-10-22,https://hours.library.ubc.ca/#researchcommons,vancouver,2026-09-10T23:22:28Z,library_hours:32,32,2026-10-22,America/Vancouver,regular,8am - 8pm,open,08:00,20:00,False,library_hours:32:2026-10,6987e34b1d44812adaa893bd9cd7654f40e4aca017c237cbbdd282c64afdf2c8
library_hours:32:2026-10-23,https://hours.library.ubc.ca/#researchcommons,vancouver,2026-09-10T23:22:28Z,library_hours:32,32,2026-10-23,America/Vancouver,regular,8am - 6pm,open,08:00,18:00,False,library_hours:32:2026-10,160c254e0f6f008fbd5e7371b0c87ce0f73f89faa608d0cae081c9a2afc09303
library_hours:32:2026-10-24,https://hours.library.ubc.ca/#researchcommons,vancouver,2026-09-10T23:22:28Z,library_hours:32,32,2026-10-24,America/Vancouver,regular,11am - 6pm,open,11:00,18:00,False,library_hours:32:2026-10,9d095d720337d16e7f7dff698007120acf2f1653c613c4c97afa2a0409a5ed0e
library_hours:32:2026-10-25,https://hours.library.ubc.ca/#researchcommons,vancouver,2026-09-10T23:22:28Z,library_hours:32,32,2026-10-25,America/Vancouver,regular,11am - 6pm,open,11:00,18:00,False,library_hours:32:2026-10,8e5aad4a7ae71ab21df75397b49691c6c9e3f041cde502f349eb728e984df0e7
library_hours:32:2026-10-26,https://hours.library.ubc.ca/#researchcommons,vancouver,2026-09-10T23:22:28Z,library_hours:32,32,2026-10-26,America/Vancouver,regular,8am - 8pm,open,08:00,20:00,False,library_hours:32:2026-10,786d1102a6556fc8430ee1b715a03f1faf170237a5a0bc7f120db00338bb4565
library_hours:32:2026-10-27,https://hours.library.ubc.ca/#researchcommons,vancouver,2026-09-10T23:22:28Z,library_hours:32,32,2026-10-27,America/Vancouver,regular,8am - 8pm,open,08:00,20:00,False,library_hours:32:2026-10,af616c1d744b4fe96b6939fd95822760e92d319055132d06af3445a9a5f39077
library_hours:32:2026-10-28,https://hours.library.ubc.ca/#researchcommons,vancouver,2026-09-10T23:22:28Z,library_hours:32,32,2026-10-28,America/Vancouver,regular,8am - 8pm,open,08:00,20:00,False,library_hours:32:2026-10,631cd0fef21453743f9f92c5b3f1bb226e56085835b5e643d85cc1f168e14b3f
library_hours:32:2026-10-29,https://hours.library.ubc.ca/#researchcommons,vancouver,2026-09-10T23:22:28Z,library_hours:32,32,2026-10-29,America/Vancouver,regular,8am - 8pm,open,08:00,20:00,False,library_hours:32:2026-10,7c72e755a546846ab9d65b691845d6557374564ccce73cfbc6492a78cbf32fa0
library_hours:32:2026-10-30,https://hours.library.ubc.ca/#researchcommons,vancouver,2026-09-10T23:22:28Z,library_hours:32,32,2026-10-30,America/Vancouver,regular,8am - 6pm,open,08:00,18:00,False,library_hours:32:2026-10,dbafc3ba305ad8d246315a62f0cddb46fde254dc76459689545f3290fbbc3646
library_hours:32:2026-10-31,https://hours.library.ubc.ca/#researchcommons,vancouver,2026-09-10T23:22:28Z,library_hours:32,32,2026-10-31,America/Vancouver,regular,11am - 6pm,open,11:00,18:00,False,library_hours:32:2026-10,4513afe1c263d71ba313c4835fa6dfefba183a336ba379b7bbd0c36aab3fc694
library_hours:32:2026-11-01,https://hours.library.ubc.ca/#researchcommons,vancouver,2026-09-10T23:22:28Z,library_hours:32,32,2026-11-01,America/Vancouver,regular,11am - 6pm,open,11:00,18:00,False,library_hours:32:2026-11,910d4ba326e7002eecce23740344a5009f1539b981f709c9f990ad08f1b59447
library_hours:32:2026-11-02,https://hours.library.ubc.ca/#researchcommons,vancouver,2026-09-10T23:22:28Z,library_hours:32,32,2026-11-02,America/Vancouver,regular,8am - 8pm,open,08:00,20:00,False,library_hours:32:2026-11,a6d2b4817de9fb11a77253e7fa75367cd5333b6bb1d12e6a238b1b53cce4b4ca
library_hours:32:2026-11-03,https://hours.library.ubc.ca/#researchcommons,vancouver,2026-09-10T23:22:28Z,library_hours:32,32,2026-11-03,America/Vancouver,regular,8am - 8pm,open,08:00,20:00,False,library_hours:32:2026-11,62396c85d3ec09db4add353618b9e4ae3f441aeb43f9055aa36cf72dbf92a610
library_hours:32:2026-11-04,https://hours.library.ubc.ca/#researchcommons,vancouver,2026-09-10T23:22:28Z,library_hours:32,32,2026-11-04,America/Vancouver,regular,8am - 8pm,open,08:00,20:00,False,library_hours:32:2026-11,8b5f036d8a792ed8072c7471f03fc8afbc88351822def578a84dc9fe90b9eded
library_hours:32:2026-11-05,https://hours.library.ubc.ca/#researchcommons,vancouver,2026-09-10T23:22:28Z,library_hours:32,32,2026-11-05,America/Vancouver,regular,8am - 8pm,open,08:00,20:00,False,library_hours:32:2026-11,211808aaeebfd461155f5bc9caebd55f7c0fe5a85892c9aa233264c0509399cf
library_hours:32:2026-11-06,https://hours.library.ubc.ca/#researchcommons,vancouver,2026-09-10T23:22:28Z,library_hours:32,32,2026-11-06,America/Vancouver,regular,8am - 6pm,open,08:00,18:00,False,library_hours:32:2026-11,0ccb1f052885720b85a478b1b3e0f861f36105463cf5a1de5431fa130d68145b
library_hours:32:2026-11-07,https://hours.library.ubc.ca/#researchcommons,vancouver,2026-09-10T23:22:28Z,library_hours:32,32,2026-11-07,America/Vancouver,regular,11am - 6pm,open,11:00,18:00,False,library_hours:32:2026-11,79161858abb75d89d22b440a429188038474459e1dc91d2092db5ab694d539e4
library_hours:32:2026-11-08,https://hours.library.ubc.ca/#researchcommons,vancouver,2026-09-10T23:22:28Z,library_hours:32,32,2026-11-08,America/Vancouver,regular,11am - 6pm,open,11:00,18:00,False,library_hours:32:2026-11,dc661a2b76b04b6915e340a2bf21894568b8a9e8b458402cba195e930b2d54c4
library_hours:32:2026-11-09,https://hours.library.ubc.ca/#researchcommons,vancouver,2026-09-10T23:22:28Z,library_hours:32,32,2026-11-09,America/Vancouver,exception,8am - 8pm,open,08:00,20:00,False,library_hours:32:2026-11,6ec2b27707b35deda541e10094a89424c95ac23a19967c08ca2d39b6f5f21489
library_hours:32:2026-11-10,https://hours.library.ubc.ca/#researchcommons,vancouver,2026-09-10T23:22:28Z,library_hours:32,32,2026-11-10,America/Vancouver,exception,8am - 8pm,open,08:00,20:00,False,library_hours:32:2026-11,89410c37900f61a4c61228f8426738844517554afa539b804a5b746ad414e4b7
library_hours:32:2026-11-11,https://hours.library.ubc.ca/#researchcommons,vancouver,2026-09-10T23:22:28Z,library_hours:32,32,2026-11-11,America/Vancouver,holiday,Closed* (Remembrance Day ),closed,,,,library_hours:32:2026-11,905bd7672051bb35d1216363d75b2bde1d3b7d665e6fdf1e788a57a66c9b43df
library_hours:32:2026-11-12,https://hours.library.ubc.ca/#researchcommons,vancouver,2026-09-10T23:22:28Z,library_hours:32,32,2026-11-12,America/Vancouver,regular,8am - 8pm,open,08:00,20:00,False,library_hours:32:2026-11,ca721bb0d856e2d9de0bd9e317832d5b9f203e287e106dea6b6aab4b3cab0ca4
library_hours:32:2026-11-13,https://hours.library.ubc.ca/#researchcommons,vancouver,2026-09-10T23:22:28Z,library_hours:32,32,2026-11-13,America/Vancouver,regular,8am - 6pm,open,08:00,18:00,False,library_hours:32:2026-11,ffdc461303210186e76a4e8cbefa8e8bad8760c993c76255b30094de8497535c
library_hours:32:2026-11-14,https://hours.library.ubc.ca/#researchcommons,vancouver,2026-09-10T23:22:28Z,library_hours:32,32,2026-11-14,America/Vancouver,regular,11am - 6pm,open,11:00,18:00,False,library_hours:32:2026-11,0a3076abffd3fd3102ea8ad0b2f35d83e2d72abbdac321087822927be616a6da
library_hours:32:2026-11-15,https://hours.library.ubc.ca/#researchcommons,vancouver,2026-09-10T23:22:28Z,library_hours:32,32,2026-11-15,America/Vancouver,regular,11am - 6pm,open,11:00,18:00,False,library_hours:32:2026-11,04cc777c8785dfedbc7ca494d217217323e83dcb4a0819baf06bbe84a5c60cf3
library_hours:32:2026-11-16,https://hours.library.ubc.ca/#researchcommons,vancouver,2026-09-10T23:22:28Z,library_hours:32,32,2026-11-16,America/Vancouver,regular,8am - 8pm,open,08:00,20:00,False,library_hours:32:2026-11,ff835ae5b47c308396e6c9bac4b327e34ea917a4d3d17db709fa7fe3bedd8cdb
library_hours:32:2026-11-17,https://hours.library.ubc.ca/#researchcommons,vancouver,2026-09-10T23:22:28Z,library_hours:32,32,2026-11-17,America/Vancouver,regular,8am - 8pm,open,08:00,20:00,False,library_hours:32:2026-11,61dc5999af3da759c295542df7394fd76d1f4394ef901205318617f4f70d1d03
library_hours:32:2026-11-18,https://hours.library.ubc.ca/#researchcommons,vancouver,2026-09-10T23:22:28Z,library_hours:32,32,2026-11-18,America/Vancouver,regular,8am - 8pm,open,08:00,20:00,False,library_hours:32:2026-11,b3f0c2074df5026af23e2c32b3621f353fe5aa7c55da8025f0b23a44796687f5
library_hours:32:2026-11-19,https://hours.library.ubc.ca/#researchcommons,vancouver,2026-09-10T23:22:28Z,library_hours:32,32,2026-11-19,America/Vancouver,regular,8am - 8pm,open,08:00,20:00,False,library_hours:32:2026-11,4c9d4dbf0dbc2f953b0e9ece3bc93ba3bed441c86307c231e7daeafb2452d473
library_hours:32:2026-11-20,https://hours.library.ubc.ca/#researchcommons,vancouver,2026-09-10T23:22:28Z,library_hours:32,32,2026-11-20,America/Vancouver,regular,8am - 6pm,open,08:00,18:00,False,library_hours:32:2026-11,5e794537fd59483153d1badeabb9cafaa6ae1fb0a239cdeee9d6c034c5980a41
library_hours:32:2026-11-21,https://hours.library.ubc.ca/#researchcommons,vancouver,2026-09-10T23:22:28Z,library_hours:32,32,2026-11-21,America/Vancouver,regular,11am - 6pm,open,11:00,18:00,False,library_hours:32:2026-11,7dfa1fa15614940b3e63de0512d4a08ed2559c1562db6ad8a976400548714b5c
library_hours:32:2026-11-22,https://hours.library.ubc.ca/#researchcommons,vancouver,2026-09-10T23:22:28Z,library_hours:32,32,2026-11-22,America/Vancouver,regular,11am - 6pm,open,11:00,18:00,False,library_hours:32:2026-11,7d156ecdeafd16c51f7f53c57c82189af5e7b0f94ae96611a5c5826f189c6339
library_hours:32:2026-11-23,https://hours.library.ubc.ca/#researchcommons,vancouver,2026-09-10T23:22:28Z,library_hours:32,32,2026-11-23,America/Vancouver,regular,8am - 8pm,open,08:00,20:00,False,library_hours:32:2026-11,7235dd69fa4379c26d2a478c4ec4ffb5eadf05c2445c5cb685950587aad87d97
library_hours:32:2026-11-24,https://hours.library.ubc.ca/#researchcommons,vancouver,2026-09-10T23:22:28Z,library_hours:32,32,2026-11-24,America/Vancouver,regular,8am - 8pm,open,08:00,20:00,False,library_hours:32:2026-11,e229fb3026e84f55abdaac38e668f9699b1185ce04e932138784f683972064ed
library_hours:32:2026-11-25,https://hours.library.ubc.ca/#researchcommons,vancouver,2026-09-10T23:22:28Z,library_hours:32,32,2026-11-25,America/Vancouver,regular,8am - 8pm,open,08:00,20:00,False,library_hours:32:2026-11,baca759a0189819ecc478ea0c8f73cc9ad01f41fc3b791872262625a3927bebe
library_hours:32:2026-11-26,https://hours.library.ubc.ca/#researchcommons,vancouver,2026-09-10T23:22:28Z,library_hours:32,32,2026-11-26,America/Vancouver,regular,8am - 8pm,open,08:00,20:00,False,library_hours:32:2026-11,62fd6764436bfa21e4577391ee50477c475362a609a6c0184a58d7b9271039c9
library_hours:32:2026-11-27,https://hours.library.ubc.ca/#researchcommons,vancouver,2026-09-10T23:22:28Z,library_hours:32,32,2026-11-27,America/Vancouver,regular,8am - 6pm,open,08:00,18:00,False,library_hours:32:2026-11,50350e18efa96364b43a99972f8ef80c6ac44e2bad289c03f08811a5b1591cb9
library_hours:32:2026-11-28,https://hours.library.ubc.ca/#researchcommons,vancouver,2026-09-10T23:22:28Z,library_hours:32,32,2026-11-28,America/Vancouver,regular,11am - 6pm,open,11:00,18:00,False,library_hours:32:2026-11,8309e2b616acebd8ab2fc4a8179a02d8c6a43f6a20f0e10b818e61fdce5959aa
library_hours:32:2026-11-29,https://hours.library.ubc.ca/#researchcommons,vancouver,2026-09-10T23:22:28Z,library_hours:32,32,2026-11-29,America/Vancouver,regular,11am - 6pm,open,11:00,18:00,False,library_hours:32:2026-11,e493f28e6b0a40aabc5776c663e52990ddc7094e4bfac85313079cda906bf1e2
library_hours:32:2026-11-30,https://hours.library.ubc.ca/#researchcommons,vancouver,2026-09-10T23:22:28Z,library_hours:32,32,2026-11-30,America/Vancouver,regular,8am - 8pm,open,08:00,20:00,False,library_hours:32:2026-11,e7a51aa70c052fbf868146c369bee95f536c466138c32380b8a49720e0ae6d07
library_hours:32:2026-12-01,https://hours.library.ubc.ca/#researchcommons,vancouver,2026-09-10T23:22:28Z,library_hours:32,32,2026-12-01,America/Vancouver,regular,8am - 8pm,open,08:00,20:00,False,library_hours:32:2026-12,b2fa08874c43d17efdd5227937ec0d97d171b904c014fa934db15b8876cf7462
library_hours:32:2026-12-02,https://hours.library.ubc.ca/#researchcommons,vancouver,2026-09-10T23:22:28Z,library_hours:32,32,2026-12-02,America/Vancouver,regular,8am - 8pm,open,08:00,20:00,False,library_hours:32:2026-12,920f9b30e97dd1f5a999b4c6516d20968a2951db764cfdbe56acfb6da4e546fc
library_hours:32:2026-12-03,https://hours.library.ubc.ca/#researchcommons,vancouver,2026-09-10T23:22:28Z,library_hours:32,32,2026-12-03,America/Vancouver,regular,8am - 8pm,open,08:00,20:00,False,library_hours:32:2026-12,c0e1507961192547e0041ee25d162d30b4669e7d1ca9b7185aca75b2d288ae29
library_hours:32:2026-12-04,https://hours.library.ubc.ca/#researchcommons,vancouver,2026-09-10T23:22:28Z,library_hours:32,32,2026-12-04,America/Vancouver,regular,8am - 6pm,open,08:00,18:00,False,library_hours:32:2026-12,7cc2f5dd5bb35dbb9567e70f269847354dcbf19b409f11dbd217feada29ae7d7
library_hours:32:2026-12-05,https://hours.library.ubc.ca/#researchcommons,vancouver,2026-09-10T23:22:28Z,library_hours:32,32,2026-12-05,America/Vancouver,regular,11am - 6pm,open,11:00,18:00,False,library_hours:32:2026-12,4d96053998076ad845f06e24457b1cb62cc7de85836681b6347ee12507535d74
library_hours:32:2026-12-06,https://hours.library.ubc.ca/#researchcommons,vancouver,2026-09-10T23:22:28Z,library_hours:32,32,2026-12-06,America/Vancouver,regular,11am - 6pm,open,11:00,18:00,False,library_hours:32:2026-12,97c7a4084762fa36e3fdc696d9054f3821f8c19bc85c7816aecdd89ea477c132
library_hours:32:2026-12-07,https://hours.library.ubc.ca/#researchcommons,vancouver,2026-09-10T23:22:28Z,library_hours:32,32,2026-12-07,America/Vancouver,regular,8am - 8pm,open,08:00,20:00,False,library_hours:32:2026-12,c8ebaca44d4c8acd3aeb1e5c05e51ab793122ea777a57a8154cf27eaf3808339
library_hours:32:2026-12-08,https://hours.library.ubc.ca/#researchcommons,vancouver,2026-09-10T23:22:28Z,library_hours:32,32,2026-12-08,America/Vancouver,regular,8am - 8pm,open,08:00,20:00,False,library_hours:32:2026-12,293b4c89a9d857a569845e6051b5a632ec15f6acc6ac4664cd112f4ad9a3e208
library_hours:32:2026-12-09,https://hours.library.ubc.ca/#researchcommons,vancouver,2026-09-10T23:22:28Z,library_hours:32,32,2026-12-09,America/Vancouver,regular,8am - 8pm,open,08:00,20:00,False,library_hours:32:2026-12,48b2a2b9de99b3c6c38788db892da6c8dfc1f0e0f23fa63400c78f2072af9c74
library_hours:32:2026-12-10,https://hours.library.ubc.ca/#researchcommons,vancouver,2026-09-10T23:22:28Z,library_hours:32,32,2026-12-10,America/Vancouver,regular,8am - 8pm,open,08:00,20:00,False,library_hours:32:2026-12,68496587fd758e89cc1b8aa35a874f1d3bc9de235f1daa0805c43844ca63a645
library_hours:32:2026-12-11,https://hours.library.ubc.ca/#researchcommons,vancouver,2026-09-10T23:22:28Z,library_hours:32,32,2026-12-11,America/Vancouver,regular,8am - 6pm,open,08:00,18:00,False,library_hours:32:2026-12,c02f691d5c13a070a0391bac439b317b0724b24cd5d7003057509993cab518b2
library_hours:32:2026-12-12,https://hours.library.ubc.ca/#researchcommons,vancouver,2026-09-10T23:22:28Z,library_hours:32,32,2026-12-12,America/Vancouver,regular,11am - 6pm,open,11:00,18:00,False,library_hours:32:2026-12,fb176dd693c0285b0d5d9b6d64d0136bb40da3b1524d136093f85c1e6b019ba2
library_hours:32:2026-12-13,https://hours.library.ubc.ca/#researchcommons,vancouver,2026-09-10T23:22:28Z,library_hours:32,32,2026-12-13,America/Vancouver,regular,11am - 6pm,open,11:00,18:00,False,library_hours:32:2026-12,781249a42c8aea54cca1dd46ad16fa090bfb4bedfdf600f43c3704792041cbe6
library_hours:32:2026-12-14,https://hours.library.ubc.ca/#researchcommons,vancouver,2026-09-10T23:22:28Z,library_hours:32,32,2026-12-14,America/Vancouver,regular,8am - 8pm,open,08:00,20:00,False,library_hours:32:2026-12,958729d41b958633514601355fc040c0b14663c970e6d2430d96e9b9be418192
library_hours:32:2026-12-15,https://hours.library.ubc.ca/#researchcommons,vancouver,2026-09-10T23:22:28Z,library_hours:32,32,2026-12-15,America/Vancouver,regular,8am - 8pm,open,08:00,20:00,False,library_hours:32:2026-12,654ef6d24c92bbfc6a709293ef4dee7854c20c2c47f3330cfa1d788c29447e7e
library_hours:32:2026-12-16,https://hours.library.ubc.ca/#researchcommons,vancouver,2026-09-10T23:22:28Z,library_hours:32,32,2026-12-16,America/Vancouver,regular,8am - 8pm,open,08:00,20:00,False,library_hours:32:2026-12,5c66fb7f7fedd39af9aa0e70a498a3bae5c9130a9fe10d01e67167b77e942f08
library_hours:32:2026-12-17,https://hours.library.ubc.ca/#researchcommons,vancouver,2026-09-10T23:22:28Z,library_hours:32,32,2026-12-17,America/Vancouver,regular,8am - 8pm,open,08:00,20:00,False,library_hours:32:2026-12,98a78a4fad299f0aba0a999f477bf9a7bbcbb4385d1288ddd028baa5b1c04364
library_hours:32:2026-12-18,https://hours.library.ubc.ca/#researchcommons,vancouver,2026-09-10T23:22:28Z,library_hours:32,32,2026-12-18,America/Vancouver,regular,8am - 6pm,open,08:00,18:00,False,library_hours:32:2026-12,bafcb00cf27735e60794a2a463e0d69e469ddc5fccd31ab89f9274461bf33909
library_hours:32:2026-12-19,https://hours.library.ubc.ca/#researchcommons,vancouver,2026-09-10T23:22:28Z,library_hours:32,32,2026-12-19,America/Vancouver,regular,11am - 6pm,open,11:00,18:00,False,library_hours:32:2026-12,a6c69f0084ffd4ce571c9c4c7ad0e9ff50147d39a002aaf870413c7755fadb48
library_hours:32:2026-12-20,https://hours.library.ubc.ca/#researchcommons,vancouver,2026-09-10T23:22:28Z,library_hours:32,32,2026-12-20,America/Vancouver,regular,11am - 6pm,open,11:00,18:00,False,library_hours:32:2026-12,de4a5b56f5f369957f0f1a9b11948522164b6a2f61ee6ea703040b48b7a96031
library_hours:32:2026-12-21,https://hours.library.ubc.ca/#researchcommons,vancouver,2026-09-10T23:22:28Z,library_hours:32,32,2026-12-21,America/Vancouver,regular,8am - 8pm,open,08:00,20:00,False,library_hours:32:2026-12,7f4450ea9004d9cdcec891267b341465fadf483b082fa5ce00e3e8ac0888e489
library_hours:32:2026-12-22,https://hours.library.ubc.ca/#researchcommons,vancouver,2026-09-10T23:22:28Z,library_hours:32,32,2026-12-22,America/Vancouver,exception,8am - 6pm,open,08:00,18:00,False,library_hours:32:2026-12,89348c89449a3d034e7523414a1fafb57872bcc17fd0f3dc94cf87195a02ea93
library_hours:32:2026-12-23,https://hours.library.ubc.ca/#researchcommons,vancouver,2026-09-10T23:22:28Z,library_hours:32,32,2026-12-23,America/Vancouver,holiday,8am - 6pm,open,08:00,18:00,False,library_hours:32:2026-12,8231aa9465be819fcea09a1efd71c84627dee139c124a340c52bcb07999766f9
library_hours:32:2026-12-24,https://hours.library.ubc.ca/#researchcommons,vancouver,2026-09-10T23:22:28Z,library_hours:32,32,2026-12-24,America/Vancouver,holiday,8am - 6pm,open,08:00,18:00,False,library_hours:32:2026-12,8fc12ab6e39f8bfbdbbf30e0d26a44effed7cca3097316fccff29177745e7c56
library_hours:32:2026-12-25,https://hours.library.ubc.ca/#researchcommons,vancouver,2026-09-10T23:22:28Z,library_hours:32,32,2026-12-25,America/Vancouver,holiday,Closed*,closed,,,,library_hours:32:2026-12,d9d753c366ab2eca01d69950df69d9abd0099d884744970f6f4285d0879c5b02
library_hours:32:2026-12-26,https://hours.library.ubc.ca/#researchcommons,vancouver,2026-09-10T23:22:28Z,library_hours:32,32,2026-12-26,America/Vancouver,holiday,Closed*,closed,,,,library_hours:32:2026-12,859ee71602b486cdb65e3bed64cc9defcd5ecf7a235565abdaaab0277844cf12
library_hours:32:2026-12-27,https://hours.library.ubc.ca/#researchcommons,vancouver,2026-09-10T23:22:28Z,library_hours:32,32,2026-12-27,America/Vancouver,holiday,Closed*,closed,,,,library_hours:32:2026-12,5151a0ff0ecafaa087191ef9e76ba37b78d7f8c296fcef539fa37f07a4466d88
library_hours:32:2026-12-28,https://hours.library.ubc.ca/#researchcommons,vancouver,2026-09-10T23:22:28Z,library_hours:32,32,2026-12-28,America/Vancouver,holiday,Closed*,closed,,,,library_hours:32:2026-12,4d692a81f483cff19beafb7f8e7022f295c30f2cd1c8dd14c6758a4cb0a496c1
library_hours:32:2026-12-29,https://hours.library.ubc.ca/#researchcommons,vancouver,2026-09-10T23:22:28Z,library_hours:32,32,2026-12-29,America/Vancouver,holiday,Closed*,closed,,,,library_hours:32:2026-12,2ea554dc233a39830a93e34c595b1b3a330ddfc06e5a7d958a4c0aae925c6954
library_hours:32:2026-12-30,https://hours.library.ubc.ca/#researchcommons,vancouver,2026-09-10T23:22:28Z,library_hours:32,32,2026-12-30,America/Vancouver,holiday,Closed*,closed,,,,library_hours:32:2026-12,397dfac39df17f32ad23d723704a7371cc258b4060ef4059df8d65c582bf26b1
library_hours:32:2026-12-31,https://hours.library.ubc.ca/#researchcommons,vancouver,2026-09-10T23:22:28Z,library_hours:32,32,2026-12-31,America/Vancouver,holiday,Closed*,closed,,,,library_hours:32:2026-12,e56fcef479389abffb1543b0aaead029e7fc7a67759f53c4d54f254bb3bd51c4
library_hours:33:2026-09-01,https://hours.library.ubc.ca/#ask,,2026-09-10T23:22:28Z,library_hours:33,33,2026-09-01,America/Vancouver,exception,Closed*,closed,,,,library_hours:33:2026-09,2fc1abb1148e128762dd67a2ef95d9d150419c71263eadb6f1719a9b667c9b9f
library_hours:33:2026-09-02,https://hours.library.ubc.ca/#ask,,2026-09-10T23:22:28Z,library_hours:33,33,2026-09-02,America/Vancouver,exception,Closed*,closed,,,,library_hours:33:2026-09,39bc1a755aaaac9e1f9fb62d8c2408f9762ec7a3671691f97174e720f5e00587
library_hours:33:2026-09-03,https://hours.library.ubc.ca/#ask,,2026-09-10T23:22:28Z,library_hours:33,33,2026-09-03,America/Vancouver,exception,Closed*,closed,,,,library_hours:33:2026-09,7d99421446e10c5aa9bc1e707a11e7f1d189bce783710d581956830eec0fe427
library_hours:33:2026-09-04,https://hours.library.ubc.ca/#ask,,2026-09-10T23:22:28Z,library_hours:33,33,2026-09-04,America/Vancouver,exception,Closed*,closed,,,,library_hours:33:2026-09,c00ee1493e18ba0f808232fe031393bd6354f7dbb0d09ba609d5d8dca4813dc0
library_hours:33:2026-09-05,https://hours.library.ubc.ca/#ask,,2026-09-10T23:22:28Z,library_hours:33,33,2026-09-05,America/Vancouver,exception,Closed*,closed,,,,library_hours:33:2026-09,ab48a28d3d931b6be4dc2cc4111886ecc9ab16ce85e3c41fda2dae55b0562e62
library_hours:33:2026-09-06,https://hours.library.ubc.ca/#ask,,2026-09-10T23:22:28Z,library_hours:33,33,2026-09-06,America/Vancouver,exception,Closed*,closed,,,,library_hours:33:2026-09,faccdafe43a856157f57cdd85d5aff9639afdc013fa93ea71df77067bb98ede6
library_hours:33:2026-09-07,https://hours.library.ubc.ca/#ask,,2026-09-10T23:22:28Z,library_hours:33,33,2026-09-07,America/Vancouver,exception,Closed* (Labour Day),closed,,,,library_hours:33:2026-09,16350a0f834769c576183b025395d90e8862afac84bdd20395b273fbedae6755
library_hours:33:2026-09-08,https://hours.library.ubc.ca/#ask,,2026-09-10T23:22:28Z,library_hours:33,33,2026-09-08,America/Vancouver,exception,Closed*,closed,,,,library_hours:33:2026-09,17a705022a3f503fd0c2afdb83ec80e5e65e2e53b6a134b8b6ec3269f52865e3
library_hours:33:2026-09-09,https://hours.library.ubc.ca/#ask,,2026-09-10T23:22:28Z,library_hours:33,33,2026-09-09,America/Vancouver,exception,Closed*,closed,,,,library_hours:33:2026-09,0199ba333641ea98883f204143e57c812b1741584ffdf1c0ee97cbb3fde2f5f2
library_hours:33:2026-09-10,https://hours.library.ubc.ca/#ask,,2026-09-10T23:22:28Z,library_hours:33,33,2026-09-10,America/Vancouver,exception,Closed*,closed,,,,library_hours:33:2026-09,c7bc603d9563100092b91a1d8fe22e504bf4158b9e837c79d233ea23e1b62c2b
library_hours:33:2026-09-11,https://hours.library.ubc.ca/#ask,,2026-09-10T23:22:28Z,library_hours:33,33,2026-09-11,America/Vancouver,exception,Closed*,closed,,,,library_hours:33:2026-09,27aadb737f7ef8ca20f52a5bba9ca8daad05854c38d3632713509dbe74e161be
library_hours:33:2026-09-12,https://hours.library.ubc.ca/#ask,,2026-09-10T23:22:28Z,library_hours:33,33,2026-09-12,America/Vancouver,exception,Closed*,closed,,,,library_hours:33:2026-09,668d734e254877481f49494f512dbbc476929c2348a2222bf33d17f7068f509d
library_hours:33:2026-09-13,https://hours.library.ubc.ca/#ask,,2026-09-10T23:22:28Z,library_hours:33,33,2026-09-13,America/Vancouver,exception,Closed*,closed,,,,library_hours:33:2026-09,7a20a6852126030dac6bf446739df4cbd4a3e17e08fa3388182423644b700907
library_hours:33:2026-09-14,https://hours.library.ubc.ca/#ask,,2026-09-10T23:22:28Z,library_hours:33,33,2026-09-14,America/Vancouver,exception,Closed*,closed,,,,library_hours:33:2026-09,2c29a24ac2ac25c28205fea422407f483788d3c49d172375301623609b8394bf
library_hours:33:2026-09-15,https://hours.library.ubc.ca/#ask,,2026-09-10T23:22:28Z,library_hours:33,33,2026-09-15,America/Vancouver,exception,Closed*,closed,,,,library_hours:33:2026-09,87dfa13b648b451131cf1814cf949235282c9cccaae597d673b962fdcf25fb66
library_hours:33:2026-09-16,https://hours.library.ubc.ca/#ask,,2026-09-10T23:22:28Z,library_hours:33,33,2026-09-16,America/Vancouver,exception,Closed*,closed,,,,library_hours:33:2026-09,54dd8e64ca0125291a213bb0edc59a8b71dcb2133d895f851febf3efba9dd5d7
library_hours:33:2026-09-17,https://hours.library.ubc.ca/#ask,,2026-09-10T23:22:28Z,library_hours:33,33,2026-09-17,America/Vancouver,exception,Closed*,closed,,,,library_hours:33:2026-09,48da6b8990c86b06aa6f350bcda5121d44170bd6060697bdc6b5626adfb3cda1
library_hours:33:2026-09-18,https://hours.library.ubc.ca/#ask,,2026-09-10T23:22:28Z,library_hours:33,33,2026-09-18,America/Vancouver,exception,Closed*,closed,,,,library_hours:33:2026-09,acac8287a05a39dedc8680235967ff89c0b1adc9fb1f9b323f525fb4b16591f4
library_hours:33:2026-09-19,https://hours.library.ubc.ca/#ask,,2026-09-10T23:22:28Z,library_hours:33,33,2026-09-19,America/Vancouver,exception,Closed*,closed,,,,library_hours:33:2026-09,810b5c9586da0afe22021962396ba6d470b26d24f7584691a346aac8d9d4f6e3
library_hours:33:2026-09-20,https://hours.library.ubc.ca/#ask,,2026-09-10T23:22:28Z,library_hours:33,33,2026-09-20,America/Vancouver,exception,Closed*,closed,,,,library_hours:33:2026-09,e76dce4ae64c8f7478312474013518fdcff83b20664ad3530c0c577df4bf0f13
library_hours:33:2026-09-21,https://hours.library.ubc.ca/#ask,,2026-09-10T23:22:28Z,library_hours:33,33,2026-09-21,America/Vancouver,regular,9am - 9pm,open,09:00,21:00,False,library_hours:33:2026-09,8d496f069b0a4c795c213104be8d063b67d7ce2cc663935d45a02f16512546eb
library_hours:33:2026-09-22,https://hours.library.ubc.ca/#ask,,2026-09-10T23:22:28Z,library_hours:33,33,2026-09-22,America/Vancouver,regular,9am - 9pm,open,09:00,21:00,False,library_hours:33:2026-09,ec91f1493fe99f42771fe8dd8299ce9bc10b9b320786e7f973f3ecbf908c4137
library_hours:33:2026-09-23,https://hours.library.ubc.ca/#ask,,2026-09-10T23:22:28Z,library_hours:33,33,2026-09-23,America/Vancouver,regular,9am - 9pm,open,09:00,21:00,False,library_hours:33:2026-09,a9e422a6a2bc4de65a1d5f4b7f07c20ee8a9a65fa70dd4384aff884786ed8c49
library_hours:33:2026-09-24,https://hours.library.ubc.ca/#ask,,2026-09-10T23:22:28Z,library_hours:33,33,2026-09-24,America/Vancouver,regular,9am - 9pm,open,09:00,21:00,False,library_hours:33:2026-09,b3f397be9c78e2356ddc5f3542174e20a805711a3ed665020abd0b2704b23871
library_hours:33:2026-09-25,https://hours.library.ubc.ca/#ask,,2026-09-10T23:22:28Z,library_hours:33,33,2026-09-25,America/Vancouver,regular,9am - 5pm,open,09:00,17:00,False,library_hours:33:2026-09,90315c1ad2b39cb1df40020f88b1c5205a18b3d8956e617dbd43c351e9ca1036
library_hours:33:2026-09-26,https://hours.library.ubc.ca/#ask,,2026-09-10T23:22:28Z,library_hours:33,33,2026-09-26,America/Vancouver,regular,11am - 5pm,open,11:00,17:00,False,library_hours:33:2026-09,590b29646d03d359b0c2cabae0b86a15ba7e2c007521c4a5276251fab18c5bcb
library_hours:33:2026-09-27,https://hours.library.ubc.ca/#ask,,2026-09-10T23:22:28Z,library_hours:33,33,2026-09-27,America/Vancouver,regular,10am - 9pm,open,10:00,21:00,False,library_hours:33:2026-09,f9654818023702fe8f2ed21c4272cc3e5b1cfa3e9f7c7f479c27419224645d5a
library_hours:33:2026-09-28,https://hours.library.ubc.ca/#ask,,2026-09-10T23:22:28Z,library_hours:33,33,2026-09-28,America/Vancouver,regular,9am - 9pm,open,09:00,21:00,False,library_hours:33:2026-09,a64b0802076d3fbb6f02804313ea4573826d240002f60784f139d2e10d803197
library_hours:33:2026-09-29,https://hours.library.ubc.ca/#ask,,2026-09-10T23:22:28Z,library_hours:33,33,2026-09-29,America/Vancouver,regular,9am - 9pm,open,09:00,21:00,False,library_hours:33:2026-09,34b8f1dbdfd942c48e7764e1eed5fc3168f17cc014e63ef99647287bf837a90d
library_hours:33:2026-09-30,https://hours.library.ubc.ca/#ask,,2026-09-10T23:22:28Z,library_hours:33,33,2026-09-30,America/Vancouver,holiday,Closed* (NDTR),closed,,,,library_hours:33:2026-09,48ca998f849e2509c798eee434d35af3ed8238f8099ceae5ac65690cbf3173ff
library_hours:33:2026-10-01,https://hours.library.ubc.ca/#ask,,2026-09-10T23:22:28Z,library_hours:33,33,2026-10-01,America/Vancouver,regular,9am - 9pm,open,09:00,21:00,False,library_hours:33:2026-10,31472c95346a0f26c948db3ada9f58d787c5f42b97322926a9132038c6aff0df
library_hours:33:2026-10-02,https://hours.library.ubc.ca/#ask,,2026-09-10T23:22:28Z,library_hours:33,33,2026-10-02,America/Vancouver,regular,9am - 5pm,open,09:00,17:00,False,library_hours:33:2026-10,65b3cfb75da0404f98266bf14e38bebe45ce48cc949fc5a89b3a521ad6f34451
library_hours:33:2026-10-03,https://hours.library.ubc.ca/#ask,,2026-09-10T23:22:28Z,library_hours:33,33,2026-10-03,America/Vancouver,regular,11am - 5pm,open,11:00,17:00,False,library_hours:33:2026-10,d6c1286ce68abaf8d34cfde1d5589d8e4510d0ece6a692f51b0c69b6af9c6793
library_hours:33:2026-10-04,https://hours.library.ubc.ca/#ask,,2026-09-10T23:22:28Z,library_hours:33,33,2026-10-04,America/Vancouver,regular,10am - 9pm,open,10:00,21:00,False,library_hours:33:2026-10,7a0ac501b99a8b53ee8609979b2b02e140996d53eb1a811bd82ca0602a04b490
library_hours:33:2026-10-05,https://hours.library.ubc.ca/#ask,,2026-09-10T23:22:28Z,library_hours:33,33,2026-10-05,America/Vancouver,regular,9am - 9pm,open,09:00,21:00,False,library_hours:33:2026-10,5ac5dc8be588ef316e325303c15f51473fd19702e2cf2d7a3e8065a842d1e37f
library_hours:33:2026-10-06,https://hours.library.ubc.ca/#ask,,2026-09-10T23:22:28Z,library_hours:33,33,2026-10-06,America/Vancouver,regular,9am - 9pm,open,09:00,21:00,False,library_hours:33:2026-10,e94f070050633f119c9890e264bb0e457001cb15e9b71cdbd52c60c50b95ce02
library_hours:33:2026-10-07,https://hours.library.ubc.ca/#ask,,2026-09-10T23:22:28Z,library_hours:33,33,2026-10-07,America/Vancouver,regular,9am - 9pm,open,09:00,21:00,False,library_hours:33:2026-10,0f0ecf644308ccbb910c316f018f2ef47fc8d9587d883e7a81e90286930b1910
library_hours:33:2026-10-08,https://hours.library.ubc.ca/#ask,,2026-09-10T23:22:28Z,library_hours:33,33,2026-10-08,America/Vancouver,regular,9am - 9pm,open,09:00,21:00,False,library_hours:33:2026-10,991f4846b5fe78f46377e9f0283ebc9df82442857e830801b913606ac4986e69
library_hours:33:2026-10-09,https://hours.library.ubc.ca/#ask,,2026-09-10T23:22:28Z,library_hours:33,33,2026-10-09,America/Vancouver,regular,9am - 5pm,open,09:00,17:00,False,library_hours:33:2026-10,6d815358b8c2da4c464cd087a0fb06807a2c5fd361d1bde033fd5f4014ada00f
library_hours:33:2026-10-10,https://hours.library.ubc.ca/#ask,,2026-09-10T23:22:28Z,library_hours:33,33,2026-10-10,America/Vancouver,regular,11am - 5pm,open,11:00,17:00,False,library_hours:33:2026-10,af47b110078707301758e0e5e328bebcd10146c0ac19a716bf2e5f0e53ad28bc
library_hours:33:2026-10-11,https://hours.library.ubc.ca/#ask,,2026-09-10T23:22:28Z,library_hours:33,33,2026-10-11,America/Vancouver,regular,10am - 9pm,open,10:00,21:00,False,library_hours:33:2026-10,95ad36ade119cbc5fd8bb7649cb4b9d7a87d91b7ecd8f37e198aa0ae16292610
library_hours:33:2026-10-12,https://hours.library.ubc.ca/#ask,,2026-09-10T23:22:28Z,library_hours:33,33,2026-10-12,America/Vancouver,holiday,Closed* (Thanksgiving),closed,,,,library_hours:33:2026-10,fbd2e903bf40d205f5b165a94fdcdf2072cc100401d2fd93554a8127684fa233
library_hours:33:2026-10-13,https://hours.library.ubc.ca/#ask,,2026-09-10T23:22:28Z,library_hours:33,33,2026-10-13,America/Vancouver,regular,9am - 9pm,open,09:00,21:00,False,library_hours:33:2026-10,e55f6270b7957ae5d88bd2d684ef7add35369626428665e943bb639dd42d553b
library_hours:33:2026-10-14,https://hours.library.ubc.ca/#ask,,2026-09-10T23:22:28Z,library_hours:33,33,2026-10-14,America/Vancouver,regular,9am - 9pm,open,09:00,21:00,False,library_hours:33:2026-10,1ad4df3ece3c2ecb9cf45f984d919c2b5ccd0a8096123a564241016502ee2d5b
library_hours:33:2026-10-15,https://hours.library.ubc.ca/#ask,,2026-09-10T23:22:28Z,library_hours:33,33,2026-10-15,America/Vancouver,regular,9am - 9pm,open,09:00,21:00,False,library_hours:33:2026-10,b0bb9286c162d2192e9994d074dc51af640da07796070d6445a19b64509751fe
library_hours:33:2026-10-16,https://hours.library.ubc.ca/#ask,,2026-09-10T23:22:28Z,library_hours:33,33,2026-10-16,America/Vancouver,regular,9am - 5pm,open,09:00,17:00,False,library_hours:33:2026-10,84e9365c30ae9c1c73e3d1be3051983fadd511624ce57b48e9362c767b4b6bf3
library_hours:33:2026-10-17,https://hours.library.ubc.ca/#ask,,2026-09-10T23:22:28Z,library_hours:33,33,2026-10-17,America/Vancouver,regular,11am - 5pm,open,11:00,17:00,False,library_hours:33:2026-10,b127e990202948a104293a932b9106fbd89cf3c9aa189e976d136d8eea271b44
library_hours:33:2026-10-18,https://hours.library.ubc.ca/#ask,,2026-09-10T23:22:28Z,library_hours:33,33,2026-10-18,America/Vancouver,regular,10am - 9pm,open,10:00,21:00,False,library_hours:33:2026-10,81dbfc4796e71ed92659724d5883d6c71eb1e7121a4848412316c35755120e40
library_hours:33:2026-10-19,https://hours.library.ubc.ca/#ask,,2026-09-10T23:22:28Z,library_hours:33,33,2026-10-19,America/Vancouver,regular,9am - 9pm,open,09:00,21:00,False,library_hours:33:2026-10,fc4f14e42d7c495dac3eb36b4e8e19172db5e99566424b3710e1c54ad8e63ff8
library_hours:33:2026-10-20,https://hours.library.ubc.ca/#ask,,2026-09-10T23:22:28Z,library_hours:33,33,2026-10-20,America/Vancouver,regular,9am - 9pm,open,09:00,21:00,False,library_hours:33:2026-10,6ba84bf20c05b27ded110b46dd0570f0bf8bb17d2b12922567317733757f7a90
library_hours:33:2026-10-21,https://hours.library.ubc.ca/#ask,,2026-09-10T23:22:28Z,library_hours:33,33,2026-10-21,America/Vancouver,regular,9am - 9pm,open,09:00,21:00,False,library_hours:33:2026-10,6f21ac6f93b8377b3696fab1ab994bc905288103426ca93fc5e18cc4c2f08ad3
library_hours:33:2026-10-22,https://hours.library.ubc.ca/#ask,,2026-09-10T23:22:28Z,library_hours:33,33,2026-10-22,America/Vancouver,regular,9am - 9pm,open,09:00,21:00,False,library_hours:33:2026-10,4455cac780a8cac8666428874d1403f936addca3cec1b2a4ae0a2b6ce0cbab7a
library_hours:33:2026-10-23,https://hours.library.ubc.ca/#ask,,2026-09-10T23:22:28Z,library_hours:33,33,2026-10-23,America/Vancouver,regular,9am - 5pm,open,09:00,17:00,False,library_hours:33:2026-10,aee9e7244e36da6f443634e11e2ccf4c086594b398bcb4604a5cb2eb1a51c267
library_hours:33:2026-10-24,https://hours.library.ubc.ca/#ask,,2026-09-10T23:22:28Z,library_hours:33,33,2026-10-24,America/Vancouver,regular,11am - 5pm,open,11:00,17:00,False,library_hours:33:2026-10,313d7ef26dfb4ab477c2fb64604842dfddf601ff205596ac48267c41700c5cae
library_hours:33:2026-10-25,https://hours.library.ubc.ca/#ask,,2026-09-10T23:22:28Z,library_hours:33,33,2026-10-25,America/Vancouver,regular,10am - 9pm,open,10:00,21:00,False,library_hours:33:2026-10,a94b5490faf256847e290f3cd431fd679870cd2c469fdd83d57fab541168982c
library_hours:33:2026-10-26,https://hours.library.ubc.ca/#ask,,2026-09-10T23:22:28Z,library_hours:33,33,2026-10-26,America/Vancouver,regular,9am - 9pm,open,09:00,21:00,False,library_hours:33:2026-10,6a71f6dc125150eaf3a4ffc98d78310363e0d56fd89acf3e98afd4d8923c38d1
library_hours:33:2026-10-27,https://hours.library.ubc.ca/#ask,,2026-09-10T23:22:28Z,library_hours:33,33,2026-10-27,America/Vancouver,regular,9am - 9pm,open,09:00,21:00,False,library_hours:33:2026-10,63d37895618f5038f25144df99398dc1ceb3ebbe0285df993cd28857badbf5a4
library_hours:33:2026-10-28,https://hours.library.ubc.ca/#ask,,2026-09-10T23:22:28Z,library_hours:33,33,2026-10-28,America/Vancouver,regular,9am - 9pm,open,09:00,21:00,False,library_hours:33:2026-10,ea6e4be510bcecdab65564251d509ea1f2da2dd87f5a5905931f20c4d8c37a0e
library_hours:33:2026-10-29,https://hours.library.ubc.ca/#ask,,2026-09-10T23:22:28Z,library_hours:33,33,2026-10-29,America/Vancouver,regular,9am - 9pm,open,09:00,21:00,False,library_hours:33:2026-10,5a8f26b27b75b98f1f23c87262da1c19e4aad803f2962d53df1892fa3379fc7a
library_hours:33:2026-10-30,https://hours.library.ubc.ca/#ask,,2026-09-10T23:22:28Z,library_hours:33,33,2026-10-30,America/Vancouver,regular,9am - 5pm,open,09:00,17:00,False,library_hours:33:2026-10,dffeb889666b7bea51cac46c4ca952687e5aab20572fb8d8cb4d391c89c2ef95
library_hours:33:2026-10-31,https://hours.library.ubc.ca/#ask,,2026-09-10T23:22:28Z,library_hours:33,33,2026-10-31,America/Vancouver,regular,11am - 5pm,open,11:00,17:00,False,library_hours:33:2026-10,7030b49c586c0d1941ad6d2f74f21dccdad1407314fb24b78354a3c791a2718d
library_hours:33:2026-11-01,https://hours.library.ubc.ca/#ask,,2026-09-10T23:22:28Z,library_hours:33,33,2026-11-01,America/Vancouver,regular,10am - 9pm,open,10:00,21:00,False,library_hours:33:2026-11,60e1aa04a299c7b702b3296065ba8504d28ab78fec20e6c50231e00632925052
library_hours:33:2026-11-02,https://hours.library.ubc.ca/#ask,,2026-09-10T23:22:28Z,library_hours:33,33,2026-11-02,America/Vancouver,regular,9am - 9pm,open,09:00,21:00,False,library_hours:33:2026-11,959379f773d7066ef01612f9928ba82963ffca2099ea97109f0bc2e8d082a5a9
library_hours:33:2026-11-03,https://hours.library.ubc.ca/#ask,,2026-09-10T23:22:28Z,library_hours:33,33,2026-11-03,America/Vancouver,regular,9am - 9pm,open,09:00,21:00,False,library_hours:33:2026-11,a7f651657932ca7a46064042c10b1a7705eb440e0ad2584366b4f4abbfc311b7
library_hours:33:2026-11-04,https://hours.library.ubc.ca/#ask,,2026-09-10T23:22:28Z,library_hours:33,33,2026-11-04,America/Vancouver,regular,9am - 9pm,open,09:00,21:00,False,library_hours:33:2026-11,e4299205d9fe367ab4ebaa6152026c6c978ea2fb5610c0107dc0590b165fc9c0
library_hours:33:2026-11-05,https://hours.library.ubc.ca/#ask,,2026-09-10T23:22:28Z,library_hours:33,33,2026-11-05,America/Vancouver,regular,9am - 9pm,open,09:00,21:00,False,library_hours:33:2026-11,863c00156bcc97f38cd723134e13d7af4a267037fb36cbc78a19d0df3fde28b3
library_hours:33:2026-11-06,https://hours.library.ubc.ca/#ask,,2026-09-10T23:22:28Z,library_hours:33,33,2026-11-06,America/Vancouver,regular,9am - 5pm,open,09:00,17:00,False,library_hours:33:2026-11,4dc77d0a8e1805f1e950051ed77228d4f62638d122aeabea7fc7fc69c3e6b9be
library_hours:33:2026-11-07,https://hours.library.ubc.ca/#ask,,2026-09-10T23:22:28Z,library_hours:33,33,2026-11-07,America/Vancouver,regular,11am - 5pm,open,11:00,17:00,False,library_hours:33:2026-11,4785a9ed5b2e75b669b4a33a6adc18b6bdacf193873ef94c11c99971cbcbf4af
library_hours:33:2026-11-08,https://hours.library.ubc.ca/#ask,,2026-09-10T23:22:28Z,library_hours:33,33,2026-11-08,America/Vancouver,regular,10am - 9pm,open,10:00,21:00,False,library_hours:33:2026-11,45d27f4a77e234d00d31c818320a92b98a0ab663f5ccf12257218575b14055a6
library_hours:33:2026-11-09,https://hours.library.ubc.ca/#ask,,2026-09-10T23:22:28Z,library_hours:33,33,2026-11-09,America/Vancouver,regular,9am - 9pm,open,09:00,21:00,False,library_hours:33:2026-11,b179f410e35f3cb058ec63449e6550a2da23ed76aa441b9fb3942c7ec65f1fd0
library_hours:33:2026-11-10,https://hours.library.ubc.ca/#ask,,2026-09-10T23:22:28Z,library_hours:33,33,2026-11-10,America/Vancouver,regular,9am - 9pm,open,09:00,21:00,False,library_hours:33:2026-11,ef7260c101df7d870b51f28abfaecd9f2532222c3bb011bed5251fedb34bfedc
library_hours:33:2026-11-11,https://hours.library.ubc.ca/#ask,,2026-09-10T23:22:28Z,library_hours:33,33,2026-11-11,America/Vancouver,holiday,Closed* (Remembrance Day ),closed,,,,library_hours:33:2026-11,44c74520616401e3449b6df192507ce4adb2db047e0c8ef707f91e6ff3d7e0e3
library_hours:33:2026-11-12,https://hours.library.ubc.ca/#ask,,2026-09-10T23:22:28Z,library_hours:33,33,2026-11-12,America/Vancouver,regular,9am - 9pm,open,09:00,21:00,False,library_hours:33:2026-11,d06a7bd033a8e5ea46d528ee2a2d566e239d6c6caef47b3b337642722b393811
library_hours:33:2026-11-13,https://hours.library.ubc.ca/#ask,,2026-09-10T23:22:28Z,library_hours:33,33,2026-11-13,America/Vancouver,regular,9am - 5pm,open,09:00,17:00,False,library_hours:33:2026-11,86ddc2e99a0151f57fcd99826ef9f241c9d5be048df705ac39edab21ce3f4432
library_hours:33:2026-11-14,https://hours.library.ubc.ca/#ask,,2026-09-10T23:22:28Z,library_hours:33,33,2026-11-14,America/Vancouver,regular,11am - 5pm,open,11:00,17:00,False,library_hours:33:2026-11,a8fedb500a6d995ebf64af2d2d0caa3f1eedb4194b1bf63d6f12dd3337231e9a
library_hours:33:2026-11-15,https://hours.library.ubc.ca/#ask,,2026-09-10T23:22:28Z,library_hours:33,33,2026-11-15,America/Vancouver,regular,10am - 9pm,open,10:00,21:00,False,library_hours:33:2026-11,a4ba0a73fc59e93d50809ad298ebb15fea55c494db9fa62099267f9a3fd4f318
library_hours:33:2026-11-16,https://hours.library.ubc.ca/#ask,,2026-09-10T23:22:28Z,library_hours:33,33,2026-11-16,America/Vancouver,regular,9am - 9pm,open,09:00,21:00,False,library_hours:33:2026-11,3c2744668e5c09b608ca34537d8ce04ab28ab742d422950a24ea2afbee8543c3
library_hours:33:2026-11-17,https://hours.library.ubc.ca/#ask,,2026-09-10T23:22:28Z,library_hours:33,33,2026-11-17,America/Vancouver,regular,9am - 9pm,open,09:00,21:00,False,library_hours:33:2026-11,4c06a978279bc0813abb45e106e7a520143235cfe442ed3f629680a6383910fc
library_hours:33:2026-11-18,https://hours.library.ubc.ca/#ask,,2026-09-10T23:22:28Z,library_hours:33,33,2026-11-18,America/Vancouver,regular,9am - 9pm,open,09:00,21:00,False,library_hours:33:2026-11,dd8748ef59e52d36e340d9cba3e1a9bcd36636a2fcef8e4151c6286c9954316c
library_hours:33:2026-11-19,https://hours.library.ubc.ca/#ask,,2026-09-10T23:22:28Z,library_hours:33,33,2026-11-19,America/Vancouver,regular,9am - 9pm,open,09:00,21:00,False,library_hours:33:2026-11,b814588855bab7e133292815cb153a8f1ecb8f6a494ad880cb1d142b0f3d1346
library_hours:33:2026-11-20,https://hours.library.ubc.ca/#ask,,2026-09-10T23:22:28Z,library_hours:33,33,2026-11-20,America/Vancouver,regular,9am - 5pm,open,09:00,17:00,False,library_hours:33:2026-11,6f81f4bec39a7a081954554892af7eb77f32844fe0495d4a42370c94b4e0ec26
library_hours:33:2026-11-21,https://hours.library.ubc.ca/#ask,,2026-09-10T23:22:28Z,library_hours:33,33,2026-11-21,America/Vancouver,regular,11am - 5pm,open,11:00,17:00,False,library_hours:33:2026-11,b8012a8fe2cd2c963f8ad9bb36b76a2b61797a4015a7ee5e137f555a745e4ff7
library_hours:33:2026-11-22,https://hours.library.ubc.ca/#ask,,2026-09-10T23:22:28Z,library_hours:33,33,2026-11-22,America/Vancouver,regular,10am - 9pm,open,10:00,21:00,False,library_hours:33:2026-11,4f2fa8cfe19ba659cfe51e3b38930eb087037d922525366a99ba7e0ddba6a38f
library_hours:33:2026-11-23,https://hours.library.ubc.ca/#ask,,2026-09-10T23:22:28Z,library_hours:33,33,2026-11-23,America/Vancouver,regular,9am - 9pm,open,09:00,21:00,False,library_hours:33:2026-11,d6ea3c1db226a67aa744785ccd1b3f14e2ec5da427f7fe384ea8474c22897ee4
library_hours:33:2026-11-24,https://hours.library.ubc.ca/#ask,,2026-09-10T23:22:28Z,library_hours:33,33,2026-11-24,America/Vancouver,regular,9am - 9pm,open,09:00,21:00,False,library_hours:33:2026-11,ef9d24c00d22f7bbb984783148913685b4c9ce55c93f9862b1caea9abbd84ee9
library_hours:33:2026-11-25,https://hours.library.ubc.ca/#ask,,2026-09-10T23:22:28Z,library_hours:33,33,2026-11-25,America/Vancouver,regular,9am - 9pm,open,09:00,21:00,False,library_hours:33:2026-11,ba0b410f07a09ec5521aa8dbb89fa98d413e8cf8852aa1064fca7a934632d5c9
library_hours:33:2026-11-26,https://hours.library.ubc.ca/#ask,,2026-09-10T23:22:28Z,library_hours:33,33,2026-11-26,America/Vancouver,regular,9am - 9pm,open,09:00,21:00,False,library_hours:33:2026-11,3f2c9182d59686937540169ec4e7c06ffc211077996446b3dbb7a173472d18db
library_hours:33:2026-11-27,https://hours.library.ubc.ca/#ask,,2026-09-10T23:22:28Z,library_hours:33,33,2026-11-27,America/Vancouver,regular,9am - 5pm,open,09:00,17:00,False,library_hours:33:2026-11,cd1426a7580b04bea30ec7ac7680efc2319ac3cc57a6260c4a5d560b8a93ba3a
library_hours:33:2026-11-28,https://hours.library.ubc.ca/#ask,,2026-09-10T23:22:28Z,library_hours:33,33,2026-11-28,America/Vancouver,regular,11am - 5pm,open,11:00,17:00,False,library_hours:33:2026-11,dca3f06d538139e8d1699d1cbbd08da23dac0cc4c01fb9deaa182b84b27ecb7f
library_hours:33:2026-11-29,https://hours.library.ubc.ca/#ask,,2026-09-10T23:22:28Z,library_hours:33,33,2026-11-29,America/Vancouver,regular,10am - 9pm,open,10:00,21:00,False,library_hours:33:2026-11,19cfdd99a562fc5fd981863089608ef6d35de2525a7228156f3f2b44d47ba71a
library_hours:33:2026-11-30,https://hours.library.ubc.ca/#ask,,2026-09-10T23:22:28Z,library_hours:33,33,2026-11-30,America/Vancouver,regular,9am - 9pm,open,09:00,21:00,False,library_hours:33:2026-11,5236f408a4948c833647989f95dd881b1b4518713631cc3b21539913461e021a
library_hours:33:2026-12-01,https://hours.library.ubc.ca/#ask,,2026-09-10T23:22:28Z,library_hours:33,33,2026-12-01,America/Vancouver,regular,9am - 9pm,open,09:00,21:00,False,library_hours:33:2026-12,47d93b40e6f678e6ea769c337df59ceff4512270d5901a09271a6c49f319e00d
library_hours:33:2026-12-02,https://hours.library.ubc.ca/#ask,,2026-09-10T23:22:28Z,library_hours:33,33,2026-12-02,America/Vancouver,regular,9am - 9pm,open,09:00,21:00,False,library_hours:33:2026-12,dd0c3add1a38c0007af34b1109e97b92da91adff1c0b2d9cc9e16aa8f3a08d69
library_hours:33:2026-12-03,https://hours.library.ubc.ca/#ask,,2026-09-10T23:22:28Z,library_hours:33,33,2026-12-03,America/Vancouver,regular,9am - 9pm,open,09:00,21:00,False,library_hours:33:2026-12,8f236193d8b5af7201bedd3cd6b5a2f30d9c1993523cc945dd32fc85e7e25440
library_hours:33:2026-12-04,https://hours.library.ubc.ca/#ask,,2026-09-10T23:22:28Z,library_hours:33,33,2026-12-04,America/Vancouver,regular,9am - 5pm,open,09:00,17:00,False,library_hours:33:2026-12,7211d43512e9e63811dc5715e1ee293ec20e0b074f294e76881c8f13b9a20ca2
library_hours:33:2026-12-05,https://hours.library.ubc.ca/#ask,,2026-09-10T23:22:28Z,library_hours:33,33,2026-12-05,America/Vancouver,regular,11am - 5pm,open,11:00,17:00,False,library_hours:33:2026-12,e7db6e397699796522138e16cb696a9f0c221c07b77d4f85d79b0bc02eb21890
library_hours:33:2026-12-06,https://hours.library.ubc.ca/#ask,,2026-09-10T23:22:28Z,library_hours:33,33,2026-12-06,America/Vancouver,regular,10am - 9pm,open,10:00,21:00,False,library_hours:33:2026-12,cf267324741a438497bda6d6ea79401dfaf697f8db8196e3006d13d87546b469
library_hours:33:2026-12-07,https://hours.library.ubc.ca/#ask,,2026-09-10T23:22:28Z,library_hours:33,33,2026-12-07,America/Vancouver,regular,9am - 9pm,open,09:00,21:00,False,library_hours:33:2026-12,e9e7dc09181f81f4819195824e6a2587b57e5d0529a2cb1f2d2eb8876c848c76
library_hours:33:2026-12-08,https://hours.library.ubc.ca/#ask,,2026-09-10T23:22:28Z,library_hours:33,33,2026-12-08,America/Vancouver,regular,9am - 9pm,open,09:00,21:00,False,library_hours:33:2026-12,0340102a9e3318e90ee569a4a13f7c8e23ad0dd03cb54e5a4d07a9d98646a733
library_hours:33:2026-12-09,https://hours.library.ubc.ca/#ask,,2026-09-10T23:22:28Z,library_hours:33,33,2026-12-09,America/Vancouver,regular,9am - 9pm,open,09:00,21:00,False,library_hours:33:2026-12,1952b6166d9168fbc2b8b2489704637c08076a9b55711f47220fd9776545df3f
library_hours:33:2026-12-10,https://hours.library.ubc.ca/#ask,,2026-09-10T23:22:28Z,library_hours:33,33,2026-12-10,America/Vancouver,regular,9am - 9pm,open,09:00,21:00,False,library_hours:33:2026-12,578fd4560cbb7f506211c21e8d11e320f168070200545f26c4a34f2e5786bc9d
library_hours:33:2026-12-11,https://hours.library.ubc.ca/#ask,,2026-09-10T23:22:28Z,library_hours:33,33,2026-12-11,America/Vancouver,exception,Closed*,closed,,,,library_hours:33:2026-12,ce45ced1565141a3ce106c34a1e8e2baead1448fb7c52b53081fa6294a462b75
library_hours:33:2026-12-12,https://hours.library.ubc.ca/#ask,,2026-09-10T23:22:28Z,library_hours:33,33,2026-12-12,America/Vancouver,exception,Closed*,closed,,,,library_hours:33:2026-12,3d6e53bf36eea691918772599d073f82e118686ea016e6ecf2cfb166bb1229d0
library_hours:33:2026-12-13,https://hours.library.ubc.ca/#ask,,2026-09-10T23:22:28Z,library_hours:33,33,2026-12-13,America/Vancouver,exception,Closed*,closed,,,,library_hours:33:2026-12,261c58b2b3367eda7178d99dfb520de9375aa0501ffefbcb3e18236c7c075739
library_hours:33:2026-12-14,https://hours.library.ubc.ca/#ask,,2026-09-10T23:22:28Z,library_hours:33,33,2026-12-14,America/Vancouver,exception,Closed*,closed,,,,library_hours:33:2026-12,5595d40ea2f84c9136afc104d0ed7ea05330aa99235a7c7f472c1d3315ed2929
library_hours:33:2026-12-15,https://hours.library.ubc.ca/#ask,,2026-09-10T23:22:28Z,library_hours:33,33,2026-12-15,America/Vancouver,exception,Closed*,closed,,,,library_hours:33:2026-12,d02bded37d4e06e83bedfbd26b4efb176dacf8689c924581dfa7cb0446987b12
library_hours:33:2026-12-16,https://hours.library.ubc.ca/#ask,,2026-09-10T23:22:28Z,library_hours:33,33,2026-12-16,America/Vancouver,exception,Closed*,closed,,,,library_hours:33:2026-12,ee29e2cbe174eaa72e8c4af4d1d5e50e1c9046c5786fdb1689bcc927e34f6f16
library_hours:33:2026-12-17,https://hours.library.ubc.ca/#ask,,2026-09-10T23:22:28Z,library_hours:33,33,2026-12-17,America/Vancouver,exception,Closed*,closed,,,,library_hours:33:2026-12,02e0e8b3e33144766deb2f50ed2084d8e1aea1f55863ceaf705410b23db82d77
library_hours:33:2026-12-18,https://hours.library.ubc.ca/#ask,,2026-09-10T23:22:28Z,library_hours:33,33,2026-12-18,America/Vancouver,exception,Closed*,closed,,,,library_hours:33:2026-12,b413a9b51fc6b438569576413decb52039658625522db209a69788410f54d889
library_hours:33:2026-12-19,https://hours.library.ubc.ca/#ask,,2026-09-10T23:22:28Z,library_hours:33,33,2026-12-19,America/Vancouver,exception,Closed*,closed,,,,library_hours:33:2026-12,c46a34ba4ae9796f642fc313cf9da3782b5608a0908e42d6097402b27bd1bb52
library_hours:33:2026-12-20,https://hours.library.ubc.ca/#ask,,2026-09-10T23:22:28Z,library_hours:33,33,2026-12-20,America/Vancouver,exception,Closed*,closed,,,,library_hours:33:2026-12,9de16ab35fc5ca761bb2f883bdedb3cc58c5764504307ffb1e0a82259afec1de
library_hours:33:2026-12-21,https://hours.library.ubc.ca/#ask,,2026-09-10T23:22:28Z,library_hours:33,33,2026-12-21,America/Vancouver,exception,Closed*,closed,,,,library_hours:33:2026-12,135030758f0b0b99d202be4126b26e1d1cc78cd11ab176862b13aec94593c20b
library_hours:33:2026-12-22,https://hours.library.ubc.ca/#ask,,2026-09-10T23:22:28Z,library_hours:33,33,2026-12-22,America/Vancouver,exception,Closed*,closed,,,,library_hours:33:2026-12,28f5cd32fcb2f0362ce0bef4285aa97748be6b41a5a6c24e082d810537116663
library_hours:33:2026-12-23,https://hours.library.ubc.ca/#ask,,2026-09-10T23:22:28Z,library_hours:33,33,2026-12-23,America/Vancouver,holiday,Closed*,closed,,,,library_hours:33:2026-12,8d46d0f20e1bd85fc554574d50d5e5c773235b1ce274e643dbe4c8067718acc8
library_hours:33:2026-12-24,https://hours.library.ubc.ca/#ask,,2026-09-10T23:22:28Z,library_hours:33,33,2026-12-24,America/Vancouver,holiday,Closed*,closed,,,,library_hours:33:2026-12,2e38191dff35e9cdcb6915afe8a9745391a9b397f5be7f6eb4e244c5a30a06bb
library_hours:33:2026-12-25,https://hours.library.ubc.ca/#ask,,2026-09-10T23:22:28Z,library_hours:33,33,2026-12-25,America/Vancouver,holiday,Closed*,closed,,,,library_hours:33:2026-12,9908a2cc20156bc6b5b130d25ca5e3d4d37fcac4d35519287eac05dcbf626039
library_hours:33:2026-12-26,https://hours.library.ubc.ca/#ask,,2026-09-10T23:22:28Z,library_hours:33,33,2026-12-26,America/Vancouver,holiday,Closed*,closed,,,,library_hours:33:2026-12,3da0f45ca746e0812894eecc3375005a0dfb18f6d8314486798193bc687344a6
library_hours:33:2026-12-27,https://hours.library.ubc.ca/#ask,,2026-09-10T23:22:28Z,library_hours:33,33,2026-12-27,America/Vancouver,holiday,Closed*,closed,,,,library_hours:33:2026-12,06f497480a85048894828aa627b3a99d8a35d41d2c1c638df1b508072ff66129
library_hours:33:2026-12-28,https://hours.library.ubc.ca/#ask,,2026-09-10T23:22:28Z,library_hours:33,33,2026-12-28,America/Vancouver,holiday,Closed*,closed,,,,library_hours:33:2026-12,f4ba13ada36c40211479050efa7d6e4285069daaba7379b6657b012f21c72226
library_hours:33:2026-12-29,https://hours.library.ubc.ca/#ask,,2026-09-10T23:22:28Z,library_hours:33,33,2026-12-29,America/Vancouver,holiday,Closed*,closed,,,,library_hours:33:2026-12,364a2d611002d713fa2785a87b9842ccdf176b92bf4155bbbc7ce17af7fc5594
library_hours:33:2026-12-30,https://hours.library.ubc.ca/#ask,,2026-09-10T23:22:28Z,library_hours:33,33,2026-12-30,America/Vancouver,holiday,Closed*,closed,,,,library_hours:33:2026-12,3f5f8a4bb7d0a5096fb6f33f6cfa213d0b87d832e040903191e50aabf6cc3d98
library_hours:33:2026-12-31,https://hours.library.ubc.ca/#ask,,2026-09-10T23:22:28Z,library_hours:33,33,2026-12-31,America/Vancouver,holiday,Closed*,closed,,,,library_hours:33:2026-12,2c636aed6fe41d1b7b48d2f7bac8f783afc38ada161968c86dcaaa503cefc533
library_hours:34:2026-09-01,https://hours.library.ubc.ca/#gallery,vancouver,2026-09-10T23:22:28Z,library_hours:34,34,2026-09-01,America/Vancouver,regular,Closed*,closed,,,,library_hours:34:2026-09,597c798ceaa82bad5ce24fa3a173dbcec4bc27e610c4560b14e22b518dc0caf5
library_hours:34:2026-09-02,https://hours.library.ubc.ca/#gallery,vancouver,2026-09-10T23:22:28Z,library_hours:34,34,2026-09-02,America/Vancouver,regular,10am - 5pm,open,10:00,17:00,False,library_hours:34:2026-09,e28a883918e1eecb5e6898093ce94166313faf90f279a9e46b4f266441805ec9
library_hours:34:2026-09-03,https://hours.library.ubc.ca/#gallery,vancouver,2026-09-10T23:22:28Z,library_hours:34,34,2026-09-03,America/Vancouver,regular,10am - 5pm,open,10:00,17:00,False,library_hours:34:2026-09,020a1091e4e1e23084895c8be6538c5b5e8beaa4ff80abe6c96467d26400aa0a
library_hours:34:2026-09-04,https://hours.library.ubc.ca/#gallery,vancouver,2026-09-10T23:22:28Z,library_hours:34,34,2026-09-04,America/Vancouver,regular,10am - 5pm,open,10:00,17:00,False,library_hours:34:2026-09,ca27daa851c25c512c045ce53a9223002719f70c54deaf247165f57b90ce1e65
library_hours:34:2026-09-05,https://hours.library.ubc.ca/#gallery,vancouver,2026-09-10T23:22:28Z,library_hours:34,34,2026-09-05,America/Vancouver,regular,10am - 5pm,open,10:00,17:00,False,library_hours:34:2026-09,ca01ba24db4bea3f9b9749d272d3f2dd616e6eb78806dd94257699770dffe31b
library_hours:34:2026-09-06,https://hours.library.ubc.ca/#gallery,vancouver,2026-09-10T23:22:28Z,library_hours:34,34,2026-09-06,America/Vancouver,regular,Closed*,closed,,,,library_hours:34:2026-09,0439d7b8d3d6b42d236a0d1e1bd24d01201cecbefd0e7babbb560ecd42a738e6
library_hours:34:2026-09-07,https://hours.library.ubc.ca/#gallery,vancouver,2026-09-10T23:22:28Z,library_hours:34,34,2026-09-07,America/Vancouver,holiday,Closed* (Labour Day),closed,,,,library_hours:34:2026-09,3d19768782fde07690c7da1baab84b63dadb9a97aa76c4eb097748472d94e816
library_hours:34:2026-09-08,https://hours.library.ubc.ca/#gallery,vancouver,2026-09-10T23:22:28Z,library_hours:34,34,2026-09-08,America/Vancouver,regular,Closed*,closed,,,,library_hours:34:2026-09,04f7db20415b96d288b5aacecf7139b61647e22b2153b32317833bcc3826eba3
library_hours:34:2026-09-09,https://hours.library.ubc.ca/#gallery,vancouver,2026-09-10T23:22:28Z,library_hours:34,34,2026-09-09,America/Vancouver,regular,10am - 5pm,open,10:00,17:00,False,library_hours:34:2026-09,5141623ea2a4674cb33374ade0d9ffcaf990e66dd5a801324d33e5b4a647a0c7
library_hours:34:2026-09-10,https://hours.library.ubc.ca/#gallery,vancouver,2026-09-10T23:22:28Z,library_hours:34,34,2026-09-10,America/Vancouver,regular,10am - 5pm,open,10:00,17:00,False,library_hours:34:2026-09,3369aee13348b2613e488b0f4285ac26b358517b771044c53dff82e0566d7643
library_hours:34:2026-09-11,https://hours.library.ubc.ca/#gallery,vancouver,2026-09-10T23:22:28Z,library_hours:34,34,2026-09-11,America/Vancouver,regular,10am - 5pm,open,10:00,17:00,False,library_hours:34:2026-09,e2e065cf2192782a6460304d07bcbf14e254bd2abd0fab469f4fa75deb425c21
library_hours:34:2026-09-12,https://hours.library.ubc.ca/#gallery,vancouver,2026-09-10T23:22:28Z,library_hours:34,34,2026-09-12,America/Vancouver,regular,10am - 5pm,open,10:00,17:00,False,library_hours:34:2026-09,f4c1c9fd80551ffedd876559cf596d74d91623ecd5134165f2f7c63293fd65e3
library_hours:34:2026-09-13,https://hours.library.ubc.ca/#gallery,vancouver,2026-09-10T23:22:28Z,library_hours:34,34,2026-09-13,America/Vancouver,regular,Closed*,closed,,,,library_hours:34:2026-09,a09ae77dfa8de2e2b5ce0a7662390bf81a2d67144745f50831be634526d993e5
library_hours:34:2026-09-14,https://hours.library.ubc.ca/#gallery,vancouver,2026-09-10T23:22:28Z,library_hours:34,34,2026-09-14,America/Vancouver,regular,Closed*,closed,,,,library_hours:34:2026-09,f2238d8e77bfe5553fc4a02190e14ac2d1f7e34d99ec339daac81893b83cff80
library_hours:34:2026-09-15,https://hours.library.ubc.ca/#gallery,vancouver,2026-09-10T23:22:28Z,library_hours:34,34,2026-09-15,America/Vancouver,regular,Closed*,closed,,,,library_hours:34:2026-09,94a1ef28aaf6acda9908829b2a0c1f2dad5f7864523346590982794bb6ba5bf2
library_hours:34:2026-09-16,https://hours.library.ubc.ca/#gallery,vancouver,2026-09-10T23:22:28Z,library_hours:34,34,2026-09-16,America/Vancouver,regular,10am - 5pm,open,10:00,17:00,False,library_hours:34:2026-09,72e5cb6dcef613344f14f5333e47ff13fe73e9314acf28b3dcffb235dfc8d67e
library_hours:34:2026-09-17,https://hours.library.ubc.ca/#gallery,vancouver,2026-09-10T23:22:28Z,library_hours:34,34,2026-09-17,America/Vancouver,regular,10am - 5pm,open,10:00,17:00,False,library_hours:34:2026-09,1a52e57ea566b89d82f686e94bf000f2a8760e7f779c5eb55b676282e0c9cc03
library_hours:34:2026-09-18,https://hours.library.ubc.ca/#gallery,vancouver,2026-09-10T23:22:28Z,library_hours:34,34,2026-09-18,America/Vancouver,regular,10am - 5pm,open,10:00,17:00,False,library_hours:34:2026-09,e3cf9d6074ea82edf75ff21a2e9d7ab414caa5b481ef00d3aa8715ff0996d6d8
library_hours:34:2026-09-19,https://hours.library.ubc.ca/#gallery,vancouver,2026-09-10T23:22:28Z,library_hours:34,34,2026-09-19,America/Vancouver,regular,10am - 5pm,open,10:00,17:00,False,library_hours:34:2026-09,ba5e80a7b8cdfd73efd8b9b3707577e791c64dd6d980ca979c5294c5cf1475c7
library_hours:34:2026-09-20,https://hours.library.ubc.ca/#gallery,vancouver,2026-09-10T23:22:28Z,library_hours:34,34,2026-09-20,America/Vancouver,regular,Closed*,closed,,,,library_hours:34:2026-09,016bec3c1cbf89fd8f1302bb59ace66b0e721e6b16af4d725ed604ae7653cfbc
library_hours:34:2026-09-21,https://hours.library.ubc.ca/#gallery,vancouver,2026-09-10T23:22:28Z,library_hours:34,34,2026-09-21,America/Vancouver,regular,Closed*,closed,,,,library_hours:34:2026-09,bd42b549d5ab3fa4c2c5b24aafb267fe6404a0c9371a075bdfd4bd141430317f
library_hours:34:2026-09-22,https://hours.library.ubc.ca/#gallery,vancouver,2026-09-10T23:22:28Z,library_hours:34,34,2026-09-22,America/Vancouver,regular,Closed*,closed,,,,library_hours:34:2026-09,f94b997484d30515380491daf28dffa6605f25a1728c0ab7b8716dedc1cfa63b
library_hours:34:2026-09-23,https://hours.library.ubc.ca/#gallery,vancouver,2026-09-10T23:22:28Z,library_hours:34,34,2026-09-23,America/Vancouver,regular,10am - 5pm,open,10:00,17:00,False,library_hours:34:2026-09,8485c71354db9f5913cdc543c91c4f7486b31f8f029ca2587ccf53c3619f8a58
library_hours:34:2026-09-24,https://hours.library.ubc.ca/#gallery,vancouver,2026-09-10T23:22:28Z,library_hours:34,34,2026-09-24,America/Vancouver,regular,10am - 5pm,open,10:00,17:00,False,library_hours:34:2026-09,aa23dbe796ec3c366536eca3c8786574ca1ee6d3d05fdcbf2c04b7f171d3eb34
library_hours:34:2026-09-25,https://hours.library.ubc.ca/#gallery,vancouver,2026-09-10T23:22:28Z,library_hours:34,34,2026-09-25,America/Vancouver,regular,10am - 5pm,open,10:00,17:00,False,library_hours:34:2026-09,32b60e3cf021eafc22e868f3c482fce2dcbf3de66cb35da7c70bfbc04093f087
library_hours:34:2026-09-26,https://hours.library.ubc.ca/#gallery,vancouver,2026-09-10T23:22:28Z,library_hours:34,34,2026-09-26,America/Vancouver,regular,10am - 5pm,open,10:00,17:00,False,library_hours:34:2026-09,a9d158a21da64dad3db6d285a0aedcdb8ca5c259664226ac4a1f01909a2fb008
library_hours:34:2026-09-27,https://hours.library.ubc.ca/#gallery,vancouver,2026-09-10T23:22:28Z,library_hours:34,34,2026-09-27,America/Vancouver,regular,Closed*,closed,,,,library_hours:34:2026-09,03b2e8816c9b8f0225db2a96e0980f5910d16d24ef70466dcfb83b3a189dc31b
library_hours:34:2026-09-28,https://hours.library.ubc.ca/#gallery,vancouver,2026-09-10T23:22:28Z,library_hours:34,34,2026-09-28,America/Vancouver,regular,Closed*,closed,,,,library_hours:34:2026-09,0ed492a84b5a23cd5cd42d64a9b146d9e461c7ca786eb6d3286d1cfd34b0df8b
library_hours:34:2026-09-29,https://hours.library.ubc.ca/#gallery,vancouver,2026-09-10T23:22:28Z,library_hours:34,34,2026-09-29,America/Vancouver,regular,Closed*,closed,,,,library_hours:34:2026-09,16f2be3b1e2bd25d91aa5263bb2fc37d7d275f861c32df2cf86a0cc8a933b504
library_hours:34:2026-09-30,https://hours.library.ubc.ca/#gallery,vancouver,2026-09-10T23:22:28Z,library_hours:34,34,2026-09-30,America/Vancouver,holiday,Closed* (NDTR),closed,,,,library_hours:34:2026-09,f4dd3ea68fb6342cd7ed531409f75aaf33debf1b91d56ec9a58ef7c30e359157
library_hours:34:2026-10-01,https://hours.library.ubc.ca/#gallery,vancouver,2026-09-10T23:22:28Z,library_hours:34,34,2026-10-01,America/Vancouver,regular,10am - 5pm,open,10:00,17:00,False,library_hours:34:2026-10,f7285448d7f49ff87c509c250109bd749fb92d2be24117a540fa2b75e7344fc4
library_hours:34:2026-10-02,https://hours.library.ubc.ca/#gallery,vancouver,2026-09-10T23:22:28Z,library_hours:34,34,2026-10-02,America/Vancouver,regular,10am - 5pm,open,10:00,17:00,False,library_hours:34:2026-10,ea60a427292cebdefd1a3ee5f6744fc1fa0b56f420d3e080aabf00718a7c220a
library_hours:34:2026-10-03,https://hours.library.ubc.ca/#gallery,vancouver,2026-09-10T23:22:28Z,library_hours:34,34,2026-10-03,America/Vancouver,regular,10am - 5pm,open,10:00,17:00,False,library_hours:34:2026-10,681e9396b6ae3df1110a43b05a21e02b064bb0542640d8eea73bfc9337fe2940
library_hours:34:2026-10-04,https://hours.library.ubc.ca/#gallery,vancouver,2026-09-10T23:22:28Z,library_hours:34,34,2026-10-04,America/Vancouver,regular,Closed*,closed,,,,library_hours:34:2026-10,2c6aade28a35a7838c9a457094c5ecb0187d3f820647924cd682fadc0987b715
library_hours:34:2026-10-05,https://hours.library.ubc.ca/#gallery,vancouver,2026-09-10T23:22:28Z,library_hours:34,34,2026-10-05,America/Vancouver,regular,Closed*,closed,,,,library_hours:34:2026-10,e22afba1727fcb69ac80d30a14e28ad5dc7b6e60eaeef5a4f749ae5f13180424
library_hours:34:2026-10-06,https://hours.library.ubc.ca/#gallery,vancouver,2026-09-10T23:22:28Z,library_hours:34,34,2026-10-06,America/Vancouver,regular,Closed*,closed,,,,library_hours:34:2026-10,e27fdba41658813d996ce8eaf3dafa7c1ad43dc280b6dbf012a24e5435b3804d
library_hours:34:2026-10-07,https://hours.library.ubc.ca/#gallery,vancouver,2026-09-10T23:22:28Z,library_hours:34,34,2026-10-07,America/Vancouver,regular,10am - 5pm,open,10:00,17:00,False,library_hours:34:2026-10,171ad984eb6a402d569b491b4ea14fc40c1112668adb767e76db5c619c3e6196
library_hours:34:2026-10-08,https://hours.library.ubc.ca/#gallery,vancouver,2026-09-10T23:22:28Z,library_hours:34,34,2026-10-08,America/Vancouver,regular,10am - 5pm,open,10:00,17:00,False,library_hours:34:2026-10,a546beee246319c9f2e57df4c088727dfc63b114d4802e2d6d90450f44d3d91a
library_hours:34:2026-10-09,https://hours.library.ubc.ca/#gallery,vancouver,2026-09-10T23:22:28Z,library_hours:34,34,2026-10-09,America/Vancouver,regular,10am - 5pm,open,10:00,17:00,False,library_hours:34:2026-10,7d3bbaa56bb1e61744cf491fce1a2d5657fe0e678369e0bb915965d38c542580
library_hours:34:2026-10-10,https://hours.library.ubc.ca/#gallery,vancouver,2026-09-10T23:22:28Z,library_hours:34,34,2026-10-10,America/Vancouver,regular,10am - 5pm,open,10:00,17:00,False,library_hours:34:2026-10,c9340edb2aec8cdd6c24b51e954be3657cb6552b476f68932f52395d81ac114a
library_hours:34:2026-10-11,https://hours.library.ubc.ca/#gallery,vancouver,2026-09-10T23:22:28Z,library_hours:34,34,2026-10-11,America/Vancouver,regular,Closed*,closed,,,,library_hours:34:2026-10,bf2fb62c9f7641cf3c2010c0bb4803238240bfbbf174cfc4c96b6fb0b7d1cdca
library_hours:34:2026-10-12,https://hours.library.ubc.ca/#gallery,vancouver,2026-09-10T23:22:28Z,library_hours:34,34,2026-10-12,America/Vancouver,holiday,Closed* (Thanksgiving),closed,,,,library_hours:34:2026-10,100df14af140aea8b20408c0042e44122415c510468431547d31718f026ad95d
library_hours:34:2026-10-13,https://hours.library.ubc.ca/#gallery,vancouver,2026-09-10T23:22:28Z,library_hours:34,34,2026-10-13,America/Vancouver,regular,Closed*,closed,,,,library_hours:34:2026-10,fbf2ccc6d93c1bef95b7dac61096a1e2f4d0ae0b941935b3a71718222976eef7
library_hours:34:2026-10-14,https://hours.library.ubc.ca/#gallery,vancouver,2026-09-10T23:22:28Z,library_hours:34,34,2026-10-14,America/Vancouver,regular,10am - 5pm,open,10:00,17:00,False,library_hours:34:2026-10,83e3a27418e695b95cf2b40ea1a3db135cd4fc34f61ec6940e92864843c999c6
library_hours:34:2026-10-15,https://hours.library.ubc.ca/#gallery,vancouver,2026-09-10T23:22:28Z,library_hours:34,34,2026-10-15,America/Vancouver,regular,10am - 5pm,open,10:00,17:00,False,library_hours:34:2026-10,adace03a8aeed2318833ba3e37735e8149a34933ab363b560fe759a32e08d9e9
library_hours:34:2026-10-16,https://hours.library.ubc.ca/#gallery,vancouver,2026-09-10T23:22:28Z,library_hours:34,34,2026-10-16,America/Vancouver,regular,10am - 5pm,open,10:00,17:00,False,library_hours:34:2026-10,1e89e8ac3555891130cf797b718c5764a51813810c3913f3744ca48066cd3ead
library_hours:34:2026-10-17,https://hours.library.ubc.ca/#gallery,vancouver,2026-09-10T23:22:28Z,library_hours:34,34,2026-10-17,America/Vancouver,regular,10am - 5pm,open,10:00,17:00,False,library_hours:34:2026-10,9989e695d8618515bff2e4a70bf8fe4fb1c8c46d429642d2a20dd3b2e6f39343
library_hours:34:2026-10-18,https://hours.library.ubc.ca/#gallery,vancouver,2026-09-10T23:22:28Z,library_hours:34,34,2026-10-18,America/Vancouver,regular,Closed*,closed,,,,library_hours:34:2026-10,4c12601b63394ff63b8c4c73a1047e3e754b7ea83c8fb67026243124c2481e83
library_hours:34:2026-10-19,https://hours.library.ubc.ca/#gallery,vancouver,2026-09-10T23:22:28Z,library_hours:34,34,2026-10-19,America/Vancouver,regular,Closed*,closed,,,,library_hours:34:2026-10,83744584343d94baf262b146663e7c8ce5661fd11e5416b8884ffee2f233e4aa
library_hours:34:2026-10-20,https://hours.library.ubc.ca/#gallery,vancouver,2026-09-10T23:22:28Z,library_hours:34,34,2026-10-20,America/Vancouver,regular,Closed*,closed,,,,library_hours:34:2026-10,3dc077052fa21bfd7066dd5a16a2a4fccd908fbb357a8ff886aef65dd738c8e6
library_hours:34:2026-10-21,https://hours.library.ubc.ca/#gallery,vancouver,2026-09-10T23:22:28Z,library_hours:34,34,2026-10-21,America/Vancouver,regular,10am - 5pm,open,10:00,17:00,False,library_hours:34:2026-10,5ebeb509cc5048b1e921206554a8d6a577bfcb48c89092ce8b4056709b011570
library_hours:34:2026-10-22,https://hours.library.ubc.ca/#gallery,vancouver,2026-09-10T23:22:28Z,library_hours:34,34,2026-10-22,America/Vancouver,regular,10am - 5pm,open,10:00,17:00,False,library_hours:34:2026-10,4c1cf40525805eb3434db947c2e59ed887550df73809f5cecc8a0486679aaf6e
library_hours:34:2026-10-23,https://hours.library.ubc.ca/#gallery,vancouver,2026-09-10T23:22:28Z,library_hours:34,34,2026-10-23,America/Vancouver,regular,10am - 5pm,open,10:00,17:00,False,library_hours:34:2026-10,0062fd176118ba0ee9c59ec2cab221f6aa3c63637bb63b4d538ed5a7bb7b0280
library_hours:34:2026-10-24,https://hours.library.ubc.ca/#gallery,vancouver,2026-09-10T23:22:28Z,library_hours:34,34,2026-10-24,America/Vancouver,regular,10am - 5pm,open,10:00,17:00,False,library_hours:34:2026-10,1273764d097c963e7ed6aeb20a6a26211bd032c685cb5129fb4843363f97a860
library_hours:34:2026-10-25,https://hours.library.ubc.ca/#gallery,vancouver,2026-09-10T23:22:28Z,library_hours:34,34,2026-10-25,America/Vancouver,regular,Closed*,closed,,,,library_hours:34:2026-10,a1d13a7e9fb290730d5167778ad62399af9a544feed470bf297304cf9d64c462
library_hours:34:2026-10-26,https://hours.library.ubc.ca/#gallery,vancouver,2026-09-10T23:22:28Z,library_hours:34,34,2026-10-26,America/Vancouver,regular,Closed*,closed,,,,library_hours:34:2026-10,d7c04658564ac1e8e25529212ebc3070cbd8a1a65c56331e866ecdac63d0dd6e
library_hours:34:2026-10-27,https://hours.library.ubc.ca/#gallery,vancouver,2026-09-10T23:22:28Z,library_hours:34,34,2026-10-27,America/Vancouver,regular,Closed*,closed,,,,library_hours:34:2026-10,e671d4bc506374fac638c9b6645bfc34d183e6c6195e202a9652cd1cf6f66c56
library_hours:34:2026-10-28,https://hours.library.ubc.ca/#gallery,vancouver,2026-09-10T23:22:28Z,library_hours:34,34,2026-10-28,America/Vancouver,regular,10am - 5pm,open,10:00,17:00,False,library_hours:34:2026-10,bc0e39785bdd9672fd47405db0ef02b5695d64c9a0663857ba62d38b798a94a1
library_hours:34:2026-10-29,https://hours.library.ubc.ca/#gallery,vancouver,2026-09-10T23:22:28Z,library_hours:34,34,2026-10-29,America/Vancouver,regular,10am - 5pm,open,10:00,17:00,False,library_hours:34:2026-10,98aed8ee57d342f080ffacdcc81f7926a453aa6e5021f459f62a883a80fadd5b
library_hours:34:2026-10-30,https://hours.library.ubc.ca/#gallery,vancouver,2026-09-10T23:22:28Z,library_hours:34,34,2026-10-30,America/Vancouver,regular,10am - 5pm,open,10:00,17:00,False,library_hours:34:2026-10,5e812710ca9dedf0a77c1a645316f38b606e87c2221b99c5ccd1fdffe3d9b29d
library_hours:34:2026-10-31,https://hours.library.ubc.ca/#gallery,vancouver,2026-09-10T23:22:28Z,library_hours:34,34,2026-10-31,America/Vancouver,regular,10am - 5pm,open,10:00,17:00,False,library_hours:34:2026-10,fad1ebcb76df154f09c3df3dcc855da5164ce5de07ce0bffa1c153dd9eb3b67d
library_hours:34:2026-11-01,https://hours.library.ubc.ca/#gallery,vancouver,2026-09-10T23:22:28Z,library_hours:34,34,2026-11-01,America/Vancouver,regular,Closed*,closed,,,,library_hours:34:2026-11,ec17eb85cecab674db29d011bae1503f908be051451f0115b1d2f988e1390dba
library_hours:34:2026-11-02,https://hours.library.ubc.ca/#gallery,vancouver,2026-09-10T23:22:28Z,library_hours:34,34,2026-11-02,America/Vancouver,regular,Closed*,closed,,,,library_hours:34:2026-11,ffa02a2989cbe144735abe721251dad3765210898aa378ca634c081e5680ce14
library_hours:34:2026-11-03,https://hours.library.ubc.ca/#gallery,vancouver,2026-09-10T23:22:28Z,library_hours:34,34,2026-11-03,America/Vancouver,regular,Closed*,closed,,,,library_hours:34:2026-11,0d9ea58506c7d2e9877a74c3ff178792b24b71e40dfcd7ea332d87207c5d2102
library_hours:34:2026-11-04,https://hours.library.ubc.ca/#gallery,vancouver,2026-09-10T23:22:28Z,library_hours:34,34,2026-11-04,America/Vancouver,regular,10am - 5pm,open,10:00,17:00,False,library_hours:34:2026-11,db5e4d80c83c3f31b2a90d0a28ca706722689a02c20a6d5454866fc8c79ce78c
library_hours:34:2026-11-05,https://hours.library.ubc.ca/#gallery,vancouver,2026-09-10T23:22:28Z,library_hours:34,34,2026-11-05,America/Vancouver,regular,10am - 5pm,open,10:00,17:00,False,library_hours:34:2026-11,7602db84ea445e532d12ede3fd5d492f5f5036d2f296ef15066cd2cc5b0ac5ec
library_hours:34:2026-11-06,https://hours.library.ubc.ca/#gallery,vancouver,2026-09-10T23:22:28Z,library_hours:34,34,2026-11-06,America/Vancouver,regular,10am - 5pm,open,10:00,17:00,False,library_hours:34:2026-11,7285fcd9ecf3e4d282878e66c5ab178a9e28cd1aa875265e6419b552c9ca4301
library_hours:34:2026-11-07,https://hours.library.ubc.ca/#gallery,vancouver,2026-09-10T23:22:28Z,library_hours:34,34,2026-11-07,America/Vancouver,regular,10am - 5pm,open,10:00,17:00,False,library_hours:34:2026-11,c441b00c6143ca035604521450a4877937e2ecf7941d066741fa413aa071b366
library_hours:34:2026-11-08,https://hours.library.ubc.ca/#gallery,vancouver,2026-09-10T23:22:28Z,library_hours:34,34,2026-11-08,America/Vancouver,regular,Closed*,closed,,,,library_hours:34:2026-11,36bb9c32ee2b09be7213c5d7e1e160440ae466d4f945c78e5d03f08335d50223
library_hours:34:2026-11-09,https://hours.library.ubc.ca/#gallery,vancouver,2026-09-10T23:22:28Z,library_hours:34,34,2026-11-09,America/Vancouver,regular,Closed*,closed,,,,library_hours:34:2026-11,cb904d2cd4bb9d9baf9f354b2bcdd4ab9b6d8209fb335964956e3a7338d6d8d6
library_hours:34:2026-11-10,https://hours.library.ubc.ca/#gallery,vancouver,2026-09-10T23:22:28Z,library_hours:34,34,2026-11-10,America/Vancouver,regular,Closed*,closed,,,,library_hours:34:2026-11,63ecd68d1ed08ea645aed6c25fcc86acd84aaee83e38cef718943986960dd7ec
library_hours:34:2026-11-11,https://hours.library.ubc.ca/#gallery,vancouver,2026-09-10T23:22:28Z,library_hours:34,34,2026-11-11,America/Vancouver,holiday,Closed* (Remembrance Day ),closed,,,,library_hours:34:2026-11,71daefa92fe46ca5729d30578967881bbd7550864cc3f42b5454eeeb755f5e85
library_hours:34:2026-11-12,https://hours.library.ubc.ca/#gallery,vancouver,2026-09-10T23:22:28Z,library_hours:34,34,2026-11-12,America/Vancouver,regular,10am - 5pm,open,10:00,17:00,False,library_hours:34:2026-11,d6e3a00a626809ae30535889bbbaafb41d20b44738412fcf9a913aa1dd8d0be5
library_hours:34:2026-11-13,https://hours.library.ubc.ca/#gallery,vancouver,2026-09-10T23:22:28Z,library_hours:34,34,2026-11-13,America/Vancouver,regular,10am - 5pm,open,10:00,17:00,False,library_hours:34:2026-11,7134d9139a8457a5e138d47bad7b3f1ee100f837db2f932f71d216f5fbb01f6f
library_hours:34:2026-11-14,https://hours.library.ubc.ca/#gallery,vancouver,2026-09-10T23:22:28Z,library_hours:34,34,2026-11-14,America/Vancouver,regular,10am - 5pm,open,10:00,17:00,False,library_hours:34:2026-11,b64848eb445ad2e3695a0b3dab1ac80628b50d9ccc3e0ef0c6939c31527699df
library_hours:34:2026-11-15,https://hours.library.ubc.ca/#gallery,vancouver,2026-09-10T23:22:28Z,library_hours:34,34,2026-11-15,America/Vancouver,regular,Closed*,closed,,,,library_hours:34:2026-11,14513f46b351409496b85d27803b595d896454808c24d6aa1901a13fb7cd6544
library_hours:34:2026-11-16,https://hours.library.ubc.ca/#gallery,vancouver,2026-09-10T23:22:28Z,library_hours:34,34,2026-11-16,America/Vancouver,regular,Closed*,closed,,,,library_hours:34:2026-11,ba0008c2c49cef44b6626b2754132800202fd2bd5f387580cf236af5ec16b61f
library_hours:34:2026-11-17,https://hours.library.ubc.ca/#gallery,vancouver,2026-09-10T23:22:28Z,library_hours:34,34,2026-11-17,America/Vancouver,regular,Closed*,closed,,,,library_hours:34:2026-11,1257822321ec448742c8fae74c354748de93572a220d41333d4d857f5c7378a5
library_hours:34:2026-11-18,https://hours.library.ubc.ca/#gallery,vancouver,2026-09-10T23:22:28Z,library_hours:34,34,2026-11-18,America/Vancouver,regular,10am - 5pm,open,10:00,17:00,False,library_hours:34:2026-11,2e69d3daed28a304f55140d4e1c533508c3c0447f395109b869529f81eb73847
library_hours:34:2026-11-19,https://hours.library.ubc.ca/#gallery,vancouver,2026-09-10T23:22:28Z,library_hours:34,34,2026-11-19,America/Vancouver,regular,10am - 5pm,open,10:00,17:00,False,library_hours:34:2026-11,bc1140b49532ea4f8fa6bf0f1acfac3525d71eadc53009c6c1dfce7fa7090368
library_hours:34:2026-11-20,https://hours.library.ubc.ca/#gallery,vancouver,2026-09-10T23:22:28Z,library_hours:34,34,2026-11-20,America/Vancouver,regular,10am - 5pm,open,10:00,17:00,False,library_hours:34:2026-11,2256ab5bf22ccf024adb88f0a0cdc2631ffb01a858703cee4253c16badf84d4d
library_hours:34:2026-11-21,https://hours.library.ubc.ca/#gallery,vancouver,2026-09-10T23:22:28Z,library_hours:34,34,2026-11-21,America/Vancouver,regular,10am - 5pm,open,10:00,17:00,False,library_hours:34:2026-11,ce7c772fd81d45bb5752433b9fb3a6ffabf1d639511abc14da11fdd8901d0c62
library_hours:34:2026-11-22,https://hours.library.ubc.ca/#gallery,vancouver,2026-09-10T23:22:28Z,library_hours:34,34,2026-11-22,America/Vancouver,regular,Closed*,closed,,,,library_hours:34:2026-11,b1795ff80a0976019c4f26424309202bdc82bc612fd4b5bb5fdaa50296d55996
library_hours:34:2026-11-23,https://hours.library.ubc.ca/#gallery,vancouver,2026-09-10T23:22:28Z,library_hours:34,34,2026-11-23,America/Vancouver,regular,Closed*,closed,,,,library_hours:34:2026-11,662cb92b7f972055f8cdeb9791c4757ec40f11d42fef86d9ffbd94ea5de78a74
library_hours:34:2026-11-24,https://hours.library.ubc.ca/#gallery,vancouver,2026-09-10T23:22:28Z,library_hours:34,34,2026-11-24,America/Vancouver,regular,Closed*,closed,,,,library_hours:34:2026-11,581e329ed06289d9eeb48cc91ea2ef83fae8f70ddc5b474b1d9e8b05bd2c5029
library_hours:34:2026-11-25,https://hours.library.ubc.ca/#gallery,vancouver,2026-09-10T23:22:28Z,library_hours:34,34,2026-11-25,America/Vancouver,regular,10am - 5pm,open,10:00,17:00,False,library_hours:34:2026-11,044bceb34cd5bb5e5a5bdc4e41f4ad38b839dc4460c8d803d83fcd0cbd3d3240
library_hours:34:2026-11-26,https://hours.library.ubc.ca/#gallery,vancouver,2026-09-10T23:22:28Z,library_hours:34,34,2026-11-26,America/Vancouver,regular,10am - 5pm,open,10:00,17:00,False,library_hours:34:2026-11,f9d795a11504b19944c2030a1e2c411c55a7b4b51d9177ccf236d06b413e875a
library_hours:34:2026-11-27,https://hours.library.ubc.ca/#gallery,vancouver,2026-09-10T23:22:28Z,library_hours:34,34,2026-11-27,America/Vancouver,regular,10am - 5pm,open,10:00,17:00,False,library_hours:34:2026-11,840f01c854149d5aaecbc21dbd287a1b1d87738e6bff11433aa949e0c323f78c
library_hours:34:2026-11-28,https://hours.library.ubc.ca/#gallery,vancouver,2026-09-10T23:22:28Z,library_hours:34,34,2026-11-28,America/Vancouver,regular,10am - 5pm,open,10:00,17:00,False,library_hours:34:2026-11,c3e2852cb27514fa793dd1d9abbb9b321d0f45297c705af1b9b32acf0a820e9a
library_hours:34:2026-11-29,https://hours.library.ubc.ca/#gallery,vancouver,2026-09-10T23:22:28Z,library_hours:34,34,2026-11-29,America/Vancouver,regular,Closed*,closed,,,,library_hours:34:2026-11,6e8be60b51b0a0f117bb3c48a89c4c4719d411352c2fead2973376caaf40e62b
library_hours:34:2026-11-30,https://hours.library.ubc.ca/#gallery,vancouver,2026-09-10T23:22:28Z,library_hours:34,34,2026-11-30,America/Vancouver,regular,Closed*,closed,,,,library_hours:34:2026-11,ee8fffde87d0b8894074161714202146085cf893993690737dcb0f88f323be7b
library_hours:34:2026-12-01,https://hours.library.ubc.ca/#gallery,vancouver,2026-09-10T23:22:28Z,library_hours:34,34,2026-12-01,America/Vancouver,regular,Closed*,closed,,,,library_hours:34:2026-12,305d8f58df4e793d5e56a8be1688c69c253f34090130ab819493b5906e16f28f
library_hours:34:2026-12-02,https://hours.library.ubc.ca/#gallery,vancouver,2026-09-10T23:22:28Z,library_hours:34,34,2026-12-02,America/Vancouver,regular,10am - 5pm,open,10:00,17:00,False,library_hours:34:2026-12,763ede479995f50b666927bbb2764b46bc745ea50dc453ad8ca524757fba26e1
library_hours:34:2026-12-03,https://hours.library.ubc.ca/#gallery,vancouver,2026-09-10T23:22:28Z,library_hours:34,34,2026-12-03,America/Vancouver,regular,10am - 5pm,open,10:00,17:00,False,library_hours:34:2026-12,e5dd804011e9f924becedaac4342240995d26ea4d8fab2e83a872fc68aa7c577
library_hours:34:2026-12-04,https://hours.library.ubc.ca/#gallery,vancouver,2026-09-10T23:22:28Z,library_hours:34,34,2026-12-04,America/Vancouver,regular,10am - 5pm,open,10:00,17:00,False,library_hours:34:2026-12,246cf07f14ec50cc3788c738489c81a84fec6e8233602dfb62f28fcd78a672f3
library_hours:34:2026-12-05,https://hours.library.ubc.ca/#gallery,vancouver,2026-09-10T23:22:28Z,library_hours:34,34,2026-12-05,America/Vancouver,regular,10am - 5pm,open,10:00,17:00,False,library_hours:34:2026-12,3e2bf7949057f2a87b81052e046a7e5f9a63d7be00e4421ce66b43fce9f712c0
library_hours:34:2026-12-06,https://hours.library.ubc.ca/#gallery,vancouver,2026-09-10T23:22:28Z,library_hours:34,34,2026-12-06,America/Vancouver,regular,Closed*,closed,,,,library_hours:34:2026-12,396e07ed4b7c8adf4e890675e5453183bb328936fc9640b87954e823d0f4b60a
library_hours:34:2026-12-07,https://hours.library.ubc.ca/#gallery,vancouver,2026-09-10T23:22:28Z,library_hours:34,34,2026-12-07,America/Vancouver,regular,Closed*,closed,,,,library_hours:34:2026-12,261f899d3c7b556c2ae2b59b6953d37c8f6b551ef32f676f92f23528f9b6d238
library_hours:34:2026-12-08,https://hours.library.ubc.ca/#gallery,vancouver,2026-09-10T23:22:28Z,library_hours:34,34,2026-12-08,America/Vancouver,regular,Closed*,closed,,,,library_hours:34:2026-12,00c4b9079a4481784248c49c677950d7305b09fdfcc1203f708d95f0c2c896e5
library_hours:34:2026-12-09,https://hours.library.ubc.ca/#gallery,vancouver,2026-09-10T23:22:28Z,library_hours:34,34,2026-12-09,America/Vancouver,regular,10am - 5pm,open,10:00,17:00,False,library_hours:34:2026-12,dced8fb9750cc643db99991d9bd4e3d846e64a61674ff171c8980e2380fcfc2b
library_hours:34:2026-12-10,https://hours.library.ubc.ca/#gallery,vancouver,2026-09-10T23:22:28Z,library_hours:34,34,2026-12-10,America/Vancouver,regular,10am - 5pm,open,10:00,17:00,False,library_hours:34:2026-12,822d5c22dd67b9173313050790be3174414180f43493dce0ab777afc9e559feb
library_hours:34:2026-12-11,https://hours.library.ubc.ca/#gallery,vancouver,2026-09-10T23:22:28Z,library_hours:34,34,2026-12-11,America/Vancouver,regular,10am - 5pm,open,10:00,17:00,False,library_hours:34:2026-12,636a8c64ffcfc0f44a07fde4b762a2527fbb68662849b1c90bb3b8386cac3aef
library_hours:34:2026-12-12,https://hours.library.ubc.ca/#gallery,vancouver,2026-09-10T23:22:28Z,library_hours:34,34,2026-12-12,America/Vancouver,regular,10am - 5pm,open,10:00,17:00,False,library_hours:34:2026-12,b9113b21bebd740e134944dff856ff05a7c5ceec1f6ab2d3252aea2dea445094
library_hours:34:2026-12-13,https://hours.library.ubc.ca/#gallery,vancouver,2026-09-10T23:22:28Z,library_hours:34,34,2026-12-13,America/Vancouver,regular,Closed*,closed,,,,library_hours:34:2026-12,f88cc3a21986d1b8d5ed2d4837afb19a6da5fc464b6ff063cb93c18b5f716545
library_hours:34:2026-12-14,https://hours.library.ubc.ca/#gallery,vancouver,2026-09-10T23:22:28Z,library_hours:34,34,2026-12-14,America/Vancouver,regular,Closed*,closed,,,,library_hours:34:2026-12,93b7f4893ca9329d74488926520513ea20574b18e0d91b56e210b5b4a1bb3d02
library_hours:34:2026-12-15,https://hours.library.ubc.ca/#gallery,vancouver,2026-09-10T23:22:28Z,library_hours:34,34,2026-12-15,America/Vancouver,regular,Closed*,closed,,,,library_hours:34:2026-12,fa6688fb46bc46b1d7617190051b9827f876a8d1f623bd3d4ae62d801ad8681a
library_hours:34:2026-12-16,https://hours.library.ubc.ca/#gallery,vancouver,2026-09-10T23:22:28Z,library_hours:34,34,2026-12-16,America/Vancouver,regular,10am - 5pm,open,10:00,17:00,False,library_hours:34:2026-12,ae5feb968cdbd5b40b3ead39bc2474e7fb663b50cc22125362d1a9aa8ddf92f1
library_hours:34:2026-12-17,https://hours.library.ubc.ca/#gallery,vancouver,2026-09-10T23:22:28Z,library_hours:34,34,2026-12-17,America/Vancouver,regular,10am - 5pm,open,10:00,17:00,False,library_hours:34:2026-12,879c487b00ad7dcf7bf6425a9de4180e1972a673e800bc5cbfb7cdcf8ff13ecd
library_hours:34:2026-12-18,https://hours.library.ubc.ca/#gallery,vancouver,2026-09-10T23:22:28Z,library_hours:34,34,2026-12-18,America/Vancouver,regular,10am - 5pm,open,10:00,17:00,False,library_hours:34:2026-12,fcc5198e719d86d1be3289eb1a9c0e9913a5300661c4e740bc0edb17b8f6d0cc
library_hours:34:2026-12-19,https://hours.library.ubc.ca/#gallery,vancouver,2026-09-10T23:22:28Z,library_hours:34,34,2026-12-19,America/Vancouver,regular,10am - 5pm,open,10:00,17:00,False,library_hours:34:2026-12,61cf092a62872ad99b1f330279f13a2c665200453e2e659713979770f658d5b3
library_hours:34:2026-12-20,https://hours.library.ubc.ca/#gallery,vancouver,2026-09-10T23:22:28Z,library_hours:34,34,2026-12-20,America/Vancouver,regular,Closed*,closed,,,,library_hours:34:2026-12,c37b9087cb54d5f7c2f811e4f30bf3709db0d1e42d4e0671253b7e8fcaae8ea3
library_hours:34:2026-12-21,https://hours.library.ubc.ca/#gallery,vancouver,2026-09-10T23:22:28Z,library_hours:34,34,2026-12-21,America/Vancouver,regular,Closed*,closed,,,,library_hours:34:2026-12,9e549979778a7cffe64aafc807322a80908dc730a89e5626bb5f25da4dc9127a
library_hours:34:2026-12-22,https://hours.library.ubc.ca/#gallery,vancouver,2026-09-10T23:22:28Z,library_hours:34,34,2026-12-22,America/Vancouver,regular,Closed*,closed,,,,library_hours:34:2026-12,2ba544ebfa1481706cc4cdbba4240c30de67f29dfd999c0d96a2ceda61d34aed
library_hours:34:2026-12-23,https://hours.library.ubc.ca/#gallery,vancouver,2026-09-10T23:22:28Z,library_hours:34,34,2026-12-23,America/Vancouver,holiday,10am - 5pm,open,10:00,17:00,False,library_hours:34:2026-12,6fa6f20401f09b2dc8e83d56ac3f434c588840ba8cf8190a4ad992faa787876a
library_hours:34:2026-12-24,https://hours.library.ubc.ca/#gallery,vancouver,2026-09-10T23:22:28Z,library_hours:34,34,2026-12-24,America/Vancouver,holiday,10am - 5pm,open,10:00,17:00,False,library_hours:34:2026-12,e95c1f3b20c548e0c21f3a201b73ecaa476cf7f425d3c0282c44e0a38090f269
library_hours:34:2026-12-25,https://hours.library.ubc.ca/#gallery,vancouver,2026-09-10T23:22:28Z,library_hours:34,34,2026-12-25,America/Vancouver,holiday,Closed*,closed,,,,library_hours:34:2026-12,387efdbe2f14f97b17f87d86e0852d15c9cd266d7736b99ad414c822aace5084
library_hours:34:2026-12-26,https://hours.library.ubc.ca/#gallery,vancouver,2026-09-10T23:22:28Z,library_hours:34,34,2026-12-26,America/Vancouver,holiday,Closed*,closed,,,,library_hours:34:2026-12,0f3030a38e5384ab652782cef1e288de27cadca1f60a4e111e4438564ae995db
library_hours:34:2026-12-27,https://hours.library.ubc.ca/#gallery,vancouver,2026-09-10T23:22:28Z,library_hours:34,34,2026-12-27,America/Vancouver,holiday,Closed*,closed,,,,library_hours:34:2026-12,e27d7f761f0c3857edceb549f22c6630e0e3af59f404708c91b6262354988bc4
library_hours:34:2026-12-28,https://hours.library.ubc.ca/#gallery,vancouver,2026-09-10T23:22:28Z,library_hours:34,34,2026-12-28,America/Vancouver,holiday,Closed*,closed,,,,library_hours:34:2026-12,e53ee01a1c292a3daad3b24badaa380c97d21b145985cc4ea06426fc9e6bbd18
library_hours:34:2026-12-29,https://hours.library.ubc.ca/#gallery,vancouver,2026-09-10T23:22:28Z,library_hours:34,34,2026-12-29,America/Vancouver,holiday,Closed*,closed,,,,library_hours:34:2026-12,53f8b4da6d9f073b599d2ad2ecb83c3352d189b24b9dfd70e97b31a518b69d7e
library_hours:34:2026-12-30,https://hours.library.ubc.ca/#gallery,vancouver,2026-09-10T23:22:28Z,library_hours:34,34,2026-12-30,America/Vancouver,holiday,Closed*,closed,,,,library_hours:34:2026-12,4414ad5c409f287998003e853b7c594007b4207acefb81ab415a476ae6e223e7
library_hours:34:2026-12-31,https://hours.library.ubc.ca/#gallery,vancouver,2026-09-10T23:22:28Z,library_hours:34,34,2026-12-31,America/Vancouver,holiday,Closed*,closed,,,,library_hours:34:2026-12,1940c704be5bf3a575966a112de0ef4cc9c27b6d4fc086b90e35dcc104b8f2d6
library_hours:3:2026-09-01,https://hours.library.ubc.ca/#asian,vancouver,2026-09-10T23:22:28Z,library_hours:3,3,2026-09-01,America/Vancouver,exception,9am - 5pm,open,09:00,17:00,False,library_hours:3:2026-09,ab0bf701fb0dec266145506fbe2cf00ac0a2be72c6fd55be76dc766204122411
library_hours:3:2026-09-02,https://hours.library.ubc.ca/#asian,vancouver,2026-09-10T23:22:28Z,library_hours:3,3,2026-09-02,America/Vancouver,exception,9am - 5pm,open,09:00,17:00,False,library_hours:3:2026-09,1b04bab9e561e77c922964ff7548e7c1ad1534f58b8bd922e54fbb7de895bba3
library_hours:3:2026-09-03,https://hours.library.ubc.ca/#asian,vancouver,2026-09-10T23:22:28Z,library_hours:3,3,2026-09-03,America/Vancouver,exception,9am - 5pm,open,09:00,17:00,False,library_hours:3:2026-09,8dc13b0595fe4effe36b1554973bb112ab33283f2a086fee1af6c72f8e90c0a4
library_hours:3:2026-09-04,https://hours.library.ubc.ca/#asian,vancouver,2026-09-10T23:22:28Z,library_hours:3,3,2026-09-04,America/Vancouver,exception,9am - 5pm,open,09:00,17:00,False,library_hours:3:2026-09,bccf0bcc772547267da2a614090d7026d79eec75a427c0b3952cfbba079755c3
library_hours:3:2026-09-05,https://hours.library.ubc.ca/#asian,vancouver,2026-09-10T23:22:28Z,library_hours:3,3,2026-09-05,America/Vancouver,exception,Closed*,closed,,,,library_hours:3:2026-09,d3b1a82be10db08b3c36edf93c3fb16adfa716511d0109b244b4b9829ca5c24b
library_hours:3:2026-09-06,https://hours.library.ubc.ca/#asian,vancouver,2026-09-10T23:22:28Z,library_hours:3,3,2026-09-06,America/Vancouver,exception,Closed*,closed,,,,library_hours:3:2026-09,f60d31549653d96a888c892d7988cf380629f50b2ad347ac8ccc75b4bc743ee2
library_hours:3:2026-09-07,https://hours.library.ubc.ca/#asian,vancouver,2026-09-10T23:22:28Z,library_hours:3,3,2026-09-07,America/Vancouver,holiday,Closed* (Labour Day),closed,,,,library_hours:3:2026-09,7ff3dd01620e27b67e4f08193baac55715b0a3796613a62f5dd7861bc933038e
library_hours:3:2026-09-08,https://hours.library.ubc.ca/#asian,vancouver,2026-09-10T23:22:28Z,library_hours:3,3,2026-09-08,America/Vancouver,regular,9am - 7pm,open,09:00,19:00,False,library_hours:3:2026-09,eed11115511631b5627315227be36b789028bfe96041d10a1371e70e03aa68cd
library_hours:3:2026-09-09,https://hours.library.ubc.ca/#asian,vancouver,2026-09-10T23:22:28Z,library_hours:3,3,2026-09-09,America/Vancouver,regular,9am - 7pm,open,09:00,19:00,False,library_hours:3:2026-09,d8deb500940eba5b5a7bf5df78e2509956c8e509aef88718a5a37d497a3f7777
library_hours:3:2026-09-10,https://hours.library.ubc.ca/#asian,vancouver,2026-09-10T23:22:28Z,library_hours:3,3,2026-09-10,America/Vancouver,regular,9am - 7pm,open,09:00,19:00,False,library_hours:3:2026-09,edd8d1f63d2d034a1c5c4f74deb5907d6fd3d009e06ce6b2a22d6d34649d6b87
library_hours:3:2026-09-11,https://hours.library.ubc.ca/#asian,vancouver,2026-09-10T23:22:28Z,library_hours:3,3,2026-09-11,America/Vancouver,regular,9am - 5pm,open,09:00,17:00,False,library_hours:3:2026-09,1ff86b02703d759a4cea08eb07b0f4eaac96102dc439e3596b4c6d5e57a0cfc1
library_hours:3:2026-09-12,https://hours.library.ubc.ca/#asian,vancouver,2026-09-10T23:22:28Z,library_hours:3,3,2026-09-12,America/Vancouver,regular,11am - 4pm,open,11:00,16:00,False,library_hours:3:2026-09,9b10b45dfcacf8b2b572e6eb5fae16aa13b8bd6af60b6f2db06b19d2cc383f27
library_hours:3:2026-09-13,https://hours.library.ubc.ca/#asian,vancouver,2026-09-10T23:22:28Z,library_hours:3,3,2026-09-13,America/Vancouver,regular,Closed*,closed,,,,library_hours:3:2026-09,ad3e779b3782e244bc8a3407d105cba808c7e8db7262b2c099fd811d942e17b3
library_hours:3:2026-09-14,https://hours.library.ubc.ca/#asian,vancouver,2026-09-10T23:22:28Z,library_hours:3,3,2026-09-14,America/Vancouver,regular,9am - 7pm,open,09:00,19:00,False,library_hours:3:2026-09,9a88b5d88753afc78520e188d8ced2bc2d11980106a8d1471c363f995ded258f
library_hours:3:2026-09-15,https://hours.library.ubc.ca/#asian,vancouver,2026-09-10T23:22:28Z,library_hours:3,3,2026-09-15,America/Vancouver,regular,9am - 7pm,open,09:00,19:00,False,library_hours:3:2026-09,827b67a8056a64845a770e7ee42d205ac29368a04d3006b86517f70bf2f6cd58
library_hours:3:2026-09-16,https://hours.library.ubc.ca/#asian,vancouver,2026-09-10T23:22:28Z,library_hours:3,3,2026-09-16,America/Vancouver,regular,9am - 7pm,open,09:00,19:00,False,library_hours:3:2026-09,be4fcf1ac24842f1771092b1679b524fcdc97f51ab1834302ab4ae5eabccf0f1
library_hours:3:2026-09-17,https://hours.library.ubc.ca/#asian,vancouver,2026-09-10T23:22:28Z,library_hours:3,3,2026-09-17,America/Vancouver,regular,9am - 7pm,open,09:00,19:00,False,library_hours:3:2026-09,1071cae5ac8f03bf58d8638ce0e07dae8d6acf56857492673187ee4523c563a7
library_hours:3:2026-09-18,https://hours.library.ubc.ca/#asian,vancouver,2026-09-10T23:22:28Z,library_hours:3,3,2026-09-18,America/Vancouver,regular,9am - 5pm,open,09:00,17:00,False,library_hours:3:2026-09,5f6882d15c7150bfa24be7baf680948ec6ba5cb69faca4b4280f73b35160b415
library_hours:3:2026-09-19,https://hours.library.ubc.ca/#asian,vancouver,2026-09-10T23:22:28Z,library_hours:3,3,2026-09-19,America/Vancouver,regular,11am - 4pm,open,11:00,16:00,False,library_hours:3:2026-09,f628dab1536c3b6b1f37d889edf547838ca5ea9b937a8474eb233c1438f6218b
library_hours:3:2026-09-20,https://hours.library.ubc.ca/#asian,vancouver,2026-09-10T23:22:28Z,library_hours:3,3,2026-09-20,America/Vancouver,regular,Closed*,closed,,,,library_hours:3:2026-09,f2a5de63d8288498acf01bcfde43b2e6cd6566bb23663507dbfc556ff2379eb7
library_hours:3:2026-09-21,https://hours.library.ubc.ca/#asian,vancouver,2026-09-10T23:22:28Z,library_hours:3,3,2026-09-21,America/Vancouver,regular,9am - 7pm,open,09:00,19:00,False,library_hours:3:2026-09,0826fc018cb22be6a6fa33e369206ab4382d24a777778e36c0a43a07f9693ce7
library_hours:3:2026-09-22,https://hours.library.ubc.ca/#asian,vancouver,2026-09-10T23:22:28Z,library_hours:3,3,2026-09-22,America/Vancouver,regular,9am - 7pm,open,09:00,19:00,False,library_hours:3:2026-09,3ea5c15bb7d572e3f05cc223cd0a6311d8b9549b79ca9b1ebbb8aa85fa29d743
library_hours:3:2026-09-23,https://hours.library.ubc.ca/#asian,vancouver,2026-09-10T23:22:28Z,library_hours:3,3,2026-09-23,America/Vancouver,regular,9am - 7pm,open,09:00,19:00,False,library_hours:3:2026-09,b0b3b59424937b0a6559014acd1c6d1a65d61a3a40efd1ee4b34755ff712c4ac
library_hours:3:2026-09-24,https://hours.library.ubc.ca/#asian,vancouver,2026-09-10T23:22:28Z,library_hours:3,3,2026-09-24,America/Vancouver,regular,9am - 7pm,open,09:00,19:00,False,library_hours:3:2026-09,08b9c0ed7cf42e8a190b10a0c82a436995ef8cc977ea57cfcf9c8c2c176767e5
library_hours:3:2026-09-25,https://hours.library.ubc.ca/#asian,vancouver,2026-09-10T23:22:28Z,library_hours:3,3,2026-09-25,America/Vancouver,regular,9am - 5pm,open,09:00,17:00,False,library_hours:3:2026-09,dcbfdc922751c0f5c832f9ab52b8add970720a6f60b2d2c7d2b6ce03c8bf7506
library_hours:3:2026-09-26,https://hours.library.ubc.ca/#asian,vancouver,2026-09-10T23:22:28Z,library_hours:3,3,2026-09-26,America/Vancouver,regular,11am - 4pm,open,11:00,16:00,False,library_hours:3:2026-09,9928072cf126fc32589db60ddd3f0e4bef6505d805bcdd2df62735812e2b263a
library_hours:3:2026-09-27,https://hours.library.ubc.ca/#asian,vancouver,2026-09-10T23:22:28Z,library_hours:3,3,2026-09-27,America/Vancouver,regular,Closed*,closed,,,,library_hours:3:2026-09,80e00ab37781b113cae3ea73c9285407fa538ec505a5982e9857c74adae48e36
library_hours:3:2026-09-28,https://hours.library.ubc.ca/#asian,vancouver,2026-09-10T23:22:28Z,library_hours:3,3,2026-09-28,America/Vancouver,regular,9am - 7pm,open,09:00,19:00,False,library_hours:3:2026-09,5b61d62c6a343a437ac4cab27810137d1cce713d627914bc5157ca64f7fd4b91
library_hours:3:2026-09-29,https://hours.library.ubc.ca/#asian,vancouver,2026-09-10T23:22:28Z,library_hours:3,3,2026-09-29,America/Vancouver,regular,9am - 7pm,open,09:00,19:00,False,library_hours:3:2026-09,c120e5f8c4b2fa5a047d01ef5f8f965fd893954453ea3a11d26865045acac6fe
library_hours:3:2026-09-30,https://hours.library.ubc.ca/#asian,vancouver,2026-09-10T23:22:28Z,library_hours:3,3,2026-09-30,America/Vancouver,holiday,Closed* (NDTR),closed,,,,library_hours:3:2026-09,3ae7811d260a6c684b04e3e0df953e8ac793b07ad708d5892bfb0dafb55b101f
library_hours:3:2026-10-01,https://hours.library.ubc.ca/#asian,vancouver,2026-09-10T23:22:28Z,library_hours:3,3,2026-10-01,America/Vancouver,regular,9am - 7pm,open,09:00,19:00,False,library_hours:3:2026-10,86acf4d3c4c51edc11122d2030b18ef6e112c54c09b25a123543e18809a24819
library_hours:3:2026-10-02,https://hours.library.ubc.ca/#asian,vancouver,2026-09-10T23:22:28Z,library_hours:3,3,2026-10-02,America/Vancouver,regular,9am - 5pm,open,09:00,17:00,False,library_hours:3:2026-10,2a4a151acdd8b02c6c7d10ec7f1fa974306e296ace06e61858bbb6103c27f515
library_hours:3:2026-10-03,https://hours.library.ubc.ca/#asian,vancouver,2026-09-10T23:22:28Z,library_hours:3,3,2026-10-03,America/Vancouver,regular,11am - 4pm,open,11:00,16:00,False,library_hours:3:2026-10,3e156999ca8e6e9ed04cb10323eea2a30fa36623a759654adc816b0b7ae38ff7
library_hours:3:2026-10-04,https://hours.library.ubc.ca/#asian,vancouver,2026-09-10T23:22:28Z,library_hours:3,3,2026-10-04,America/Vancouver,regular,Closed*,closed,,,,library_hours:3:2026-10,9ca0745ae29ba3df6e4dc9f179d130765ee0ac36b07cc61c46f89bbacf8aca8e
library_hours:3:2026-10-05,https://hours.library.ubc.ca/#asian,vancouver,2026-09-10T23:22:28Z,library_hours:3,3,2026-10-05,America/Vancouver,regular,9am - 7pm,open,09:00,19:00,False,library_hours:3:2026-10,99c184021103a407689aeb5e667fd6fbc2d08b975cba81b937786ea6085e1d94
library_hours:3:2026-10-06,https://hours.library.ubc.ca/#asian,vancouver,2026-09-10T23:22:28Z,library_hours:3,3,2026-10-06,America/Vancouver,regular,9am - 7pm,open,09:00,19:00,False,library_hours:3:2026-10,5b54ee772c01e0b4da1b090c38fe052a34a60671ba2e8d35b878d7692be2e297
library_hours:3:2026-10-07,https://hours.library.ubc.ca/#asian,vancouver,2026-09-10T23:22:28Z,library_hours:3,3,2026-10-07,America/Vancouver,regular,9am - 7pm,open,09:00,19:00,False,library_hours:3:2026-10,c7f5bfe8ba0f70372d4aa53c4fb73ffb83547f7a4bd344093313082acb59c21d
library_hours:3:2026-10-08,https://hours.library.ubc.ca/#asian,vancouver,2026-09-10T23:22:28Z,library_hours:3,3,2026-10-08,America/Vancouver,regular,9am - 7pm,open,09:00,19:00,False,library_hours:3:2026-10,86d51f5cea619c6564b042e7850564486a111e3f0aa7bf064c76c69e0f81c364
library_hours:3:2026-10-09,https://hours.library.ubc.ca/#asian,vancouver,2026-09-10T23:22:28Z,library_hours:3,3,2026-10-09,America/Vancouver,regular,9am - 5pm,open,09:00,17:00,False,library_hours:3:2026-10,9477599820d7cc9a4b6cb9af968adf3bd1da5317b6fe56f64aaf907ad17919a0
library_hours:3:2026-10-10,https://hours.library.ubc.ca/#asian,vancouver,2026-09-10T23:22:28Z,library_hours:3,3,2026-10-10,America/Vancouver,regular,11am - 4pm,open,11:00,16:00,False,library_hours:3:2026-10,43bc39ff63a274f5e8064381f16de38d49872965bfa77e68ad32b476256fe237
library_hours:3:2026-10-11,https://hours.library.ubc.ca/#asian,vancouver,2026-09-10T23:22:28Z,library_hours:3,3,2026-10-11,America/Vancouver,regular,Closed*,closed,,,,library_hours:3:2026-10,f65152eac8fbd2cedd6b3b0c5b71266ae269578d6f768824480b8b280a9bb02d
library_hours:3:2026-10-12,https://hours.library.ubc.ca/#asian,vancouver,2026-09-10T23:22:28Z,library_hours:3,3,2026-10-12,America/Vancouver,holiday,Closed* (Thanksgiving),closed,,,,library_hours:3:2026-10,1d4de20807cc72cfec79491d4afd639e75d41bfcd53028d5f8e2a6c071733683
library_hours:3:2026-10-13,https://hours.library.ubc.ca/#asian,vancouver,2026-09-10T23:22:28Z,library_hours:3,3,2026-10-13,America/Vancouver,regular,9am - 7pm,open,09:00,19:00,False,library_hours:3:2026-10,6b32f56b356a105d4794b56919e35b93f770c03c27fce4455f5747638f0de1f9
library_hours:3:2026-10-14,https://hours.library.ubc.ca/#asian,vancouver,2026-09-10T23:22:28Z,library_hours:3,3,2026-10-14,America/Vancouver,regular,9am - 7pm,open,09:00,19:00,False,library_hours:3:2026-10,5ba22126a869bea1b3805b29afa494b618c4f0e85a0ef80cd83b7830b535ad26
library_hours:3:2026-10-15,https://hours.library.ubc.ca/#asian,vancouver,2026-09-10T23:22:28Z,library_hours:3,3,2026-10-15,America/Vancouver,regular,9am - 7pm,open,09:00,19:00,False,library_hours:3:2026-10,34139fac923a06c0c96aa9a39f69ef94efc6b9eee0f6ed82d7ac46388a19b147
library_hours:3:2026-10-16,https://hours.library.ubc.ca/#asian,vancouver,2026-09-10T23:22:28Z,library_hours:3,3,2026-10-16,America/Vancouver,regular,9am - 5pm,open,09:00,17:00,False,library_hours:3:2026-10,74874e70fee8cdd58540027107ac7cb32f1e20b1c23ae5c1b2580a4f63e32e8c
library_hours:3:2026-10-17,https://hours.library.ubc.ca/#asian,vancouver,2026-09-10T23:22:28Z,library_hours:3,3,2026-10-17,America/Vancouver,regular,11am - 4pm,open,11:00,16:00,False,library_hours:3:2026-10,e49ed849206118b6ec250ca0f141ca134f093d386a5479253ca86e0b2ab8953d
library_hours:3:2026-10-18,https://hours.library.ubc.ca/#asian,vancouver,2026-09-10T23:22:28Z,library_hours:3,3,2026-10-18,America/Vancouver,regular,Closed*,closed,,,,library_hours:3:2026-10,ea697dffd4d7518961ad5ec8463dd491ab9c1129d6b2606d99c95acd36537ee4
library_hours:3:2026-10-19,https://hours.library.ubc.ca/#asian,vancouver,2026-09-10T23:22:28Z,library_hours:3,3,2026-10-19,America/Vancouver,regular,9am - 7pm,open,09:00,19:00,False,library_hours:3:2026-10,1d5a65339f148380a633c89ebb0982cbbafeb8a244c2833df40b83516d3558b9
library_hours:3:2026-10-20,https://hours.library.ubc.ca/#asian,vancouver,2026-09-10T23:22:28Z,library_hours:3,3,2026-10-20,America/Vancouver,regular,9am - 7pm,open,09:00,19:00,False,library_hours:3:2026-10,785f2d58179cda1ec40659673b4fb47bd5bb0c5bc2873ab334a3337684ede720
library_hours:3:2026-10-21,https://hours.library.ubc.ca/#asian,vancouver,2026-09-10T23:22:28Z,library_hours:3,3,2026-10-21,America/Vancouver,regular,9am - 7pm,open,09:00,19:00,False,library_hours:3:2026-10,f7a0506189b1ce2814bbb3e0ed104b99384860214ded19c5599de5d433f34992
library_hours:3:2026-10-22,https://hours.library.ubc.ca/#asian,vancouver,2026-09-10T23:22:28Z,library_hours:3,3,2026-10-22,America/Vancouver,regular,9am - 7pm,open,09:00,19:00,False,library_hours:3:2026-10,05055a13d2736bc0716832c67c00a096e6d011383aed52832fea9e39cb164acd
library_hours:3:2026-10-23,https://hours.library.ubc.ca/#asian,vancouver,2026-09-10T23:22:28Z,library_hours:3,3,2026-10-23,America/Vancouver,regular,9am - 5pm,open,09:00,17:00,False,library_hours:3:2026-10,ab189a9e3cbc9506ce65eaf88e6b24bb06a2add2ae90842af6246b608d79dbe4
library_hours:3:2026-10-24,https://hours.library.ubc.ca/#asian,vancouver,2026-09-10T23:22:28Z,library_hours:3,3,2026-10-24,America/Vancouver,regular,11am - 4pm,open,11:00,16:00,False,library_hours:3:2026-10,78ca1ccc4fd19cd9fe19f75d5a542969a117ddcc12b980023928de88c89a401e
library_hours:3:2026-10-25,https://hours.library.ubc.ca/#asian,vancouver,2026-09-10T23:22:28Z,library_hours:3,3,2026-10-25,America/Vancouver,regular,Closed*,closed,,,,library_hours:3:2026-10,cfb1d80b4a63543a73565940044a9483ecec6c7576143dcdbf4767e07f36b381
library_hours:3:2026-10-26,https://hours.library.ubc.ca/#asian,vancouver,2026-09-10T23:22:28Z,library_hours:3,3,2026-10-26,America/Vancouver,regular,9am - 7pm,open,09:00,19:00,False,library_hours:3:2026-10,a8e838497d4960061213b9ead69a70cce8021122861b86e42d84ef2d0acb3147
library_hours:3:2026-10-27,https://hours.library.ubc.ca/#asian,vancouver,2026-09-10T23:22:28Z,library_hours:3,3,2026-10-27,America/Vancouver,regular,9am - 7pm,open,09:00,19:00,False,library_hours:3:2026-10,31c080f753012be964c205f06efb99fc999a7cab9ae86777a448f2229b6fee3c
library_hours:3:2026-10-28,https://hours.library.ubc.ca/#asian,vancouver,2026-09-10T23:22:28Z,library_hours:3,3,2026-10-28,America/Vancouver,regular,9am - 7pm,open,09:00,19:00,False,library_hours:3:2026-10,7ced8ff5c19dac4d344901dd3ce6792bf80d2f2a9918518baaae197b15bf4b7f
library_hours:3:2026-10-29,https://hours.library.ubc.ca/#asian,vancouver,2026-09-10T23:22:28Z,library_hours:3,3,2026-10-29,America/Vancouver,regular,9am - 7pm,open,09:00,19:00,False,library_hours:3:2026-10,b078098eb455f40214389ab87e0cee69bb60225c9b42616bb998ff945ed45acf
library_hours:3:2026-10-30,https://hours.library.ubc.ca/#asian,vancouver,2026-09-10T23:22:28Z,library_hours:3,3,2026-10-30,America/Vancouver,regular,9am - 5pm,open,09:00,17:00,False,library_hours:3:2026-10,d105082efff8d67e00d6135cc4dfc3ac36c09b7aa9b7dc478cf6f077804337e5
library_hours:3:2026-10-31,https://hours.library.ubc.ca/#asian,vancouver,2026-09-10T23:22:28Z,library_hours:3,3,2026-10-31,America/Vancouver,regular,11am - 4pm,open,11:00,16:00,False,library_hours:3:2026-10,18f89020e719cbcc3fecb9c9a6b298c509477cb93a3228f2613619fca7ff7da1
library_hours:3:2026-11-01,https://hours.library.ubc.ca/#asian,vancouver,2026-09-10T23:22:28Z,library_hours:3,3,2026-11-01,America/Vancouver,regular,Closed*,closed,,,,library_hours:3:2026-11,0e87049682318809f7a8713cc8fd5bb6066d4946296385135827052e4d519fe8
library_hours:3:2026-11-02,https://hours.library.ubc.ca/#asian,vancouver,2026-09-10T23:22:28Z,library_hours:3,3,2026-11-02,America/Vancouver,regular,9am - 7pm,open,09:00,19:00,False,library_hours:3:2026-11,704d73ab55c4be02d48e0c8311d49e1fad1f62538daf601890fc1739e977102a
library_hours:3:2026-11-03,https://hours.library.ubc.ca/#asian,vancouver,2026-09-10T23:22:28Z,library_hours:3,3,2026-11-03,America/Vancouver,regular,9am - 7pm,open,09:00,19:00,False,library_hours:3:2026-11,2f998b30fc13bd0f17d464fa681e48723049c9a51da7ff65aba09e22ce1e8965
library_hours:3:2026-11-04,https://hours.library.ubc.ca/#asian,vancouver,2026-09-10T23:22:28Z,library_hours:3,3,2026-11-04,America/Vancouver,regular,9am - 7pm,open,09:00,19:00,False,library_hours:3:2026-11,9d5a0f58292279557b15727e799b03f08c02f4eea2a8f0f92d33dba4e1cba34d
library_hours:3:2026-11-05,https://hours.library.ubc.ca/#asian,vancouver,2026-09-10T23:22:28Z,library_hours:3,3,2026-11-05,America/Vancouver,regular,9am - 7pm,open,09:00,19:00,False,library_hours:3:2026-11,9ac2beee2c8fb4f49d6dbfa59c834f3a405a32c2ac71b4df9660bca3e341b45c
library_hours:3:2026-11-06,https://hours.library.ubc.ca/#asian,vancouver,2026-09-10T23:22:28Z,library_hours:3,3,2026-11-06,America/Vancouver,regular,9am - 5pm,open,09:00,17:00,False,library_hours:3:2026-11,f676c094d5f5db0fb457665998eb74de510485700430278d41edc5498610a83d
library_hours:3:2026-11-07,https://hours.library.ubc.ca/#asian,vancouver,2026-09-10T23:22:28Z,library_hours:3,3,2026-11-07,America/Vancouver,regular,11am - 4pm,open,11:00,16:00,False,library_hours:3:2026-11,b425d8254c81c76bbc1ddd22fe7a8c2dd3920751ca70552aa982528a531a5eec
library_hours:3:2026-11-08,https://hours.library.ubc.ca/#asian,vancouver,2026-09-10T23:22:28Z,library_hours:3,3,2026-11-08,America/Vancouver,regular,Closed*,closed,,,,library_hours:3:2026-11,7517851f3ccc657227b8f06daedfb37f08516772c73cc94b61a544602766b360
library_hours:3:2026-11-09,https://hours.library.ubc.ca/#asian,vancouver,2026-09-10T23:22:28Z,library_hours:3,3,2026-11-09,America/Vancouver,exception,9am - 5pm,open,09:00,17:00,False,library_hours:3:2026-11,bb40714dd948fae52358550fc0a36a7b653311331006d16a60e3b9431b86da5b
library_hours:3:2026-11-10,https://hours.library.ubc.ca/#asian,vancouver,2026-09-10T23:22:28Z,library_hours:3,3,2026-11-10,America/Vancouver,exception,9am - 5pm,open,09:00,17:00,False,library_hours:3:2026-11,fa0477f07c8b1e664ca3fc90fd9152570e8b4af64374e17f3d9039a09e4191e1
library_hours:3:2026-11-11,https://hours.library.ubc.ca/#asian,vancouver,2026-09-10T23:22:28Z,library_hours:3,3,2026-11-11,America/Vancouver,holiday,Closed* (Remembrance Day ),closed,,,,library_hours:3:2026-11,2a2895cba60aaaaecd2a52c6b7b729753bb4fff7cc981059f7229d2e9b235048
library_hours:3:2026-11-12,https://hours.library.ubc.ca/#asian,vancouver,2026-09-10T23:22:28Z,library_hours:3,3,2026-11-12,America/Vancouver,regular,9am - 7pm,open,09:00,19:00,False,library_hours:3:2026-11,9926c8aef2e0e1feddd79523471490c6c86f8ad3da7e46e720fffc89e96934fd
library_hours:3:2026-11-13,https://hours.library.ubc.ca/#asian,vancouver,2026-09-10T23:22:28Z,library_hours:3,3,2026-11-13,America/Vancouver,regular,9am - 5pm,open,09:00,17:00,False,library_hours:3:2026-11,2d343940a2c00474b68d44d70923523a6d22175fa6b094f4b82b0db349cf5bf7
library_hours:3:2026-11-14,https://hours.library.ubc.ca/#asian,vancouver,2026-09-10T23:22:28Z,library_hours:3,3,2026-11-14,America/Vancouver,regular,11am - 4pm,open,11:00,16:00,False,library_hours:3:2026-11,f773f68f4abcb8330c683b4d8e95724bfe5ebd38b5ac264c7469c723143f426f
library_hours:3:2026-11-15,https://hours.library.ubc.ca/#asian,vancouver,2026-09-10T23:22:28Z,library_hours:3,3,2026-11-15,America/Vancouver,regular,Closed*,closed,,,,library_hours:3:2026-11,91203c59e58e3c112f5818389963550a255e48e70d2174a69d973f9777204f58
library_hours:3:2026-11-16,https://hours.library.ubc.ca/#asian,vancouver,2026-09-10T23:22:28Z,library_hours:3,3,2026-11-16,America/Vancouver,regular,9am - 7pm,open,09:00,19:00,False,library_hours:3:2026-11,c83976d856b4d4fd835844df71da7fbbec47e458ece372066c0c51f98ccf2fa1
library_hours:3:2026-11-17,https://hours.library.ubc.ca/#asian,vancouver,2026-09-10T23:22:28Z,library_hours:3,3,2026-11-17,America/Vancouver,regular,9am - 7pm,open,09:00,19:00,False,library_hours:3:2026-11,58996cd64255e6f36f74435faa3168b8b7939d2dab29eb98750cc62086a8eb23
library_hours:3:2026-11-18,https://hours.library.ubc.ca/#asian,vancouver,2026-09-10T23:22:28Z,library_hours:3,3,2026-11-18,America/Vancouver,regular,9am - 7pm,open,09:00,19:00,False,library_hours:3:2026-11,4d310d55d8d5a616a5d12148178627137454e6effcfdcfe524fb106a319cd37a
library_hours:3:2026-11-19,https://hours.library.ubc.ca/#asian,vancouver,2026-09-10T23:22:28Z,library_hours:3,3,2026-11-19,America/Vancouver,regular,9am - 7pm,open,09:00,19:00,False,library_hours:3:2026-11,87faf64ff2787c05fa9f877d1c12c3c681b052d87ebed04d548dc0ad98d16502
library_hours:3:2026-11-20,https://hours.library.ubc.ca/#asian,vancouver,2026-09-10T23:22:28Z,library_hours:3,3,2026-11-20,America/Vancouver,regular,9am - 5pm,open,09:00,17:00,False,library_hours:3:2026-11,d49599fd7d02a24033d843f5441364e05b510d3ab736365c5f2e11ec61efd7e6
library_hours:3:2026-11-21,https://hours.library.ubc.ca/#asian,vancouver,2026-09-10T23:22:28Z,library_hours:3,3,2026-11-21,America/Vancouver,regular,11am - 4pm,open,11:00,16:00,False,library_hours:3:2026-11,0d8a12539c201df8d83f2ad19461dae471bff747a4fdfbc3b522c1aff025fe6e
library_hours:3:2026-11-22,https://hours.library.ubc.ca/#asian,vancouver,2026-09-10T23:22:28Z,library_hours:3,3,2026-11-22,America/Vancouver,regular,Closed*,closed,,,,library_hours:3:2026-11,bd77a1e637a15e84db282e0a73fbf53b90849fb4b476f2ecf5ea155f260d32b4
library_hours:3:2026-11-23,https://hours.library.ubc.ca/#asian,vancouver,2026-09-10T23:22:28Z,library_hours:3,3,2026-11-23,America/Vancouver,regular,9am - 7pm,open,09:00,19:00,False,library_hours:3:2026-11,897111b406d809bb379f065e13c0958a0ba331299d9ed64534dbffdc951d1843
library_hours:3:2026-11-24,https://hours.library.ubc.ca/#asian,vancouver,2026-09-10T23:22:28Z,library_hours:3,3,2026-11-24,America/Vancouver,regular,9am - 7pm,open,09:00,19:00,False,library_hours:3:2026-11,d9dc6c71a94d69a5a6d093e6b7395d9151a249c73ba164355a7cb43cfa1a8913
library_hours:3:2026-11-25,https://hours.library.ubc.ca/#asian,vancouver,2026-09-10T23:22:28Z,library_hours:3,3,2026-11-25,America/Vancouver,regular,9am - 7pm,open,09:00,19:00,False,library_hours:3:2026-11,e16c9926b338e3dabab94a85dbac3cffb31314b6389c3b8ec389e9e187f6b406
library_hours:3:2026-11-26,https://hours.library.ubc.ca/#asian,vancouver,2026-09-10T23:22:28Z,library_hours:3,3,2026-11-26,America/Vancouver,regular,9am - 7pm,open,09:00,19:00,False,library_hours:3:2026-11,308033936fbec6b3b43a9afd248116bf354e46d891b0ff38d0f0acef33a2c85a
library_hours:3:2026-11-27,https://hours.library.ubc.ca/#asian,vancouver,2026-09-10T23:22:28Z,library_hours:3,3,2026-11-27,America/Vancouver,regular,9am - 5pm,open,09:00,17:00,False,library_hours:3:2026-11,27365f700aa022a6f16872b4f6a5d1896316ab6ced998898c5685a59a94d1668
library_hours:3:2026-11-28,https://hours.library.ubc.ca/#asian,vancouver,2026-09-10T23:22:28Z,library_hours:3,3,2026-11-28,America/Vancouver,regular,11am - 4pm,open,11:00,16:00,False,library_hours:3:2026-11,bebe520c3ec9cfa62cd10d1790fce9f9472b1258dde65fd96cf2b0ddc039d01d
library_hours:3:2026-11-29,https://hours.library.ubc.ca/#asian,vancouver,2026-09-10T23:22:28Z,library_hours:3,3,2026-11-29,America/Vancouver,regular,Closed*,closed,,,,library_hours:3:2026-11,71c3817cf0655d46c447cd371e0ef58f4dea2ecce8476f64168c07bd31948c2c
library_hours:3:2026-11-30,https://hours.library.ubc.ca/#asian,vancouver,2026-09-10T23:22:28Z,library_hours:3,3,2026-11-30,America/Vancouver,regular,9am - 7pm,open,09:00,19:00,False,library_hours:3:2026-11,b437a0299267c586220c774b5fb08ab411094efdc0ea7cb7c204492c16d510e4
library_hours:3:2026-12-01,https://hours.library.ubc.ca/#asian,vancouver,2026-09-10T23:22:28Z,library_hours:3,3,2026-12-01,America/Vancouver,regular,9am - 7pm,open,09:00,19:00,False,library_hours:3:2026-12,153dbc4c763e1c10f56b59c1164b1cc5b7bb15cb76d44250ba4ffc299243ccef
library_hours:3:2026-12-02,https://hours.library.ubc.ca/#asian,vancouver,2026-09-10T23:22:28Z,library_hours:3,3,2026-12-02,America/Vancouver,regular,9am - 7pm,open,09:00,19:00,False,library_hours:3:2026-12,06efcbf8fba0ffa44763ed7eebac44985df43e5a24540c11907f9998327cbf83
library_hours:3:2026-12-03,https://hours.library.ubc.ca/#asian,vancouver,2026-09-10T23:22:28Z,library_hours:3,3,2026-12-03,America/Vancouver,regular,9am - 7pm,open,09:00,19:00,False,library_hours:3:2026-12,2879554056e8ba4c7498452dd994ffaaee6931808c67434875ad1015e4b1ec64
library_hours:3:2026-12-04,https://hours.library.ubc.ca/#asian,vancouver,2026-09-10T23:22:28Z,library_hours:3,3,2026-12-04,America/Vancouver,regular,9am - 5pm,open,09:00,17:00,False,library_hours:3:2026-12,e7eb41153c411f867c7434039597742e5a7cebac880b090f97e18531e61563e2
library_hours:3:2026-12-05,https://hours.library.ubc.ca/#asian,vancouver,2026-09-10T23:22:28Z,library_hours:3,3,2026-12-05,America/Vancouver,regular,11am - 4pm,open,11:00,16:00,False,library_hours:3:2026-12,6055335412c77c9916f8216745f4671690472c6bc487d9b73eb8d890b6bcd9af
library_hours:3:2026-12-06,https://hours.library.ubc.ca/#asian,vancouver,2026-09-10T23:22:28Z,library_hours:3,3,2026-12-06,America/Vancouver,regular,Closed*,closed,,,,library_hours:3:2026-12,477bf8974e3425f2a41f6772b486b7f7fcb289768f7f89deefcb8b608f7930f3
library_hours:3:2026-12-07,https://hours.library.ubc.ca/#asian,vancouver,2026-09-10T23:22:28Z,library_hours:3,3,2026-12-07,America/Vancouver,regular,9am - 7pm,open,09:00,19:00,False,library_hours:3:2026-12,c0aad5ed5af58183f85500fcc493781c62d2bf2d30ad8773f2948d3b124968de
library_hours:3:2026-12-08,https://hours.library.ubc.ca/#asian,vancouver,2026-09-10T23:22:28Z,library_hours:3,3,2026-12-08,America/Vancouver,regular,9am - 7pm,open,09:00,19:00,False,library_hours:3:2026-12,304b50804568635ec1e67635a568b893a00d3d011a1f72ed4a93bf0f0c597014
library_hours:3:2026-12-09,https://hours.library.ubc.ca/#asian,vancouver,2026-09-10T23:22:28Z,library_hours:3,3,2026-12-09,America/Vancouver,regular,9am - 7pm,open,09:00,19:00,False,library_hours:3:2026-12,32c070fa7cf82483d4a45683d2704c81b7b9ec8129c9e616159a0faa938d6ad4
library_hours:3:2026-12-10,https://hours.library.ubc.ca/#asian,vancouver,2026-09-10T23:22:28Z,library_hours:3,3,2026-12-10,America/Vancouver,regular,9am - 7pm,open,09:00,19:00,False,library_hours:3:2026-12,dccb00ae7cea473f1f2f8dd73eda36bbfaf737566c45e7646faf7dbf12f7a70f
library_hours:3:2026-12-11,https://hours.library.ubc.ca/#asian,vancouver,2026-09-10T23:22:28Z,library_hours:3,3,2026-12-11,America/Vancouver,regular,9am - 5pm,open,09:00,17:00,False,library_hours:3:2026-12,d876fdba7c6ef86e5dfb3dd292921a9d188886bfe6c52f45ce7cc39e47d66155
library_hours:3:2026-12-12,https://hours.library.ubc.ca/#asian,vancouver,2026-09-10T23:22:28Z,library_hours:3,3,2026-12-12,America/Vancouver,regular,11am - 4pm,open,11:00,16:00,False,library_hours:3:2026-12,c371bd6a4a869242bbbc3e66a238e11207805b98fa0f8bfb8455cc93fb2dc905
library_hours:3:2026-12-13,https://hours.library.ubc.ca/#asian,vancouver,2026-09-10T23:22:28Z,library_hours:3,3,2026-12-13,America/Vancouver,regular,Closed*,closed,,,,library_hours:3:2026-12,1cdc64dadd66fed738a76c1317f3169d48dbff7a4d587037afe543043a70b20b
library_hours:3:2026-12-14,https://hours.library.ubc.ca/#asian,vancouver,2026-09-10T23:22:28Z,library_hours:3,3,2026-12-14,America/Vancouver,regular,9am - 7pm,open,09:00,19:00,False,library_hours:3:2026-12,13d30e9fe6d7769bc56ea6f935d97a4065ecad3a5150d446402dd31997bb63f4
library_hours:3:2026-12-15,https://hours.library.ubc.ca/#asian,vancouver,2026-09-10T23:22:28Z,library_hours:3,3,2026-12-15,America/Vancouver,regular,9am - 7pm,open,09:00,19:00,False,library_hours:3:2026-12,07d1b8fbe0e18174bc4e2a0980190c446e2686a46737774269aeb217ecd94e76
library_hours:3:2026-12-16,https://hours.library.ubc.ca/#asian,vancouver,2026-09-10T23:22:28Z,library_hours:3,3,2026-12-16,America/Vancouver,regular,9am - 7pm,open,09:00,19:00,False,library_hours:3:2026-12,585fcdecef7e8f7e8f2396ec175f05d09a3406bf23c86288e3cbe37728260c94
library_hours:3:2026-12-17,https://hours.library.ubc.ca/#asian,vancouver,2026-09-10T23:22:28Z,library_hours:3,3,2026-12-17,America/Vancouver,regular,9am - 7pm,open,09:00,19:00,False,library_hours:3:2026-12,46691ae147ddd7d0716aa58a6e24205dbfd723c9d16d152714fcc00e39c8a618
library_hours:3:2026-12-18,https://hours.library.ubc.ca/#asian,vancouver,2026-09-10T23:22:28Z,library_hours:3,3,2026-12-18,America/Vancouver,regular,9am - 5pm,open,09:00,17:00,False,library_hours:3:2026-12,e01573fb826b202704dbd23157cdd5402944e2b345edc8ed5adeb9dc0ef4834c
library_hours:3:2026-12-19,https://hours.library.ubc.ca/#asian,vancouver,2026-09-10T23:22:28Z,library_hours:3,3,2026-12-19,America/Vancouver,regular,11am - 4pm,open,11:00,16:00,False,library_hours:3:2026-12,626c982e9074371f5a459a963d5961228fdd00357f18c992e64ab826cac188b3
library_hours:3:2026-12-20,https://hours.library.ubc.ca/#asian,vancouver,2026-09-10T23:22:28Z,library_hours:3,3,2026-12-20,America/Vancouver,regular,Closed*,closed,,,,library_hours:3:2026-12,d429e4a716fc2758ec1e33e29abb5187d4e6a3d332b7af46aa4013b9e289a037
library_hours:3:2026-12-21,https://hours.library.ubc.ca/#asian,vancouver,2026-09-10T23:22:28Z,library_hours:3,3,2026-12-21,America/Vancouver,regular,9am - 7pm,open,09:00,19:00,False,library_hours:3:2026-12,b7b2db1eb1083790176fc26e027425d879feae04c588cb02939dfe3586695733
library_hours:3:2026-12-22,https://hours.library.ubc.ca/#asian,vancouver,2026-09-10T23:22:28Z,library_hours:3,3,2026-12-22,America/Vancouver,regular,9am - 7pm,open,09:00,19:00,False,library_hours:3:2026-12,f846c48522801772abdbcb1bb5b168a86a95c4f3d93ca48a649bf26dfe4b573f
library_hours:3:2026-12-23,https://hours.library.ubc.ca/#asian,vancouver,2026-09-10T23:22:28Z,library_hours:3,3,2026-12-23,America/Vancouver,holiday,9am - 5pm,open,09:00,17:00,False,library_hours:3:2026-12,612fc81c4dda3f9f3724d1b7b13811dda4634051336b2400621efd2aa95211fd
library_hours:3:2026-12-24,https://hours.library.ubc.ca/#asian,vancouver,2026-09-10T23:22:28Z,library_hours:3,3,2026-12-24,America/Vancouver,holiday,9am - 5pm,open,09:00,17:00,False,library_hours:3:2026-12,2b0521bccc7620b7eb3ae5059f393d6261bdb8bdc73068568ed612240f286a10
library_hours:3:2026-12-25,https://hours.library.ubc.ca/#asian,vancouver,2026-09-10T23:22:28Z,library_hours:3,3,2026-12-25,America/Vancouver,holiday,Closed*,closed,,,,library_hours:3:2026-12,9fa045f1f2d7e1c426a81238ebdf00bcac0da36056a6848467d5cc7436a07d88
library_hours:3:2026-12-26,https://hours.library.ubc.ca/#asian,vancouver,2026-09-10T23:22:28Z,library_hours:3,3,2026-12-26,America/Vancouver,holiday,Closed*,closed,,,,library_hours:3:2026-12,66bd42afe4960f14dc429ca280e8dfca4c8346fb295d92b1aff1decfd8cf498a
library_hours:3:2026-12-27,https://hours.library.ubc.ca/#asian,vancouver,2026-09-10T23:22:28Z,library_hours:3,3,2026-12-27,America/Vancouver,holiday,Closed*,closed,,,,library_hours:3:2026-12,2e297d2e15776cc93ae25a7eb0f4ad9579216778300f7a3b158933904eac3891
library_hours:3:2026-12-28,https://hours.library.ubc.ca/#asian,vancouver,2026-09-10T23:22:28Z,library_hours:3,3,2026-12-28,America/Vancouver,holiday,Closed*,closed,,,,library_hours:3:2026-12,cf2a215b99a814d514841111d51bcede6b0faf2736850359ad4f15ed8cfb55ab
library_hours:3:2026-12-29,https://hours.library.ubc.ca/#asian,vancouver,2026-09-10T23:22:28Z,library_hours:3,3,2026-12-29,America/Vancouver,holiday,Closed*,closed,,,,library_hours:3:2026-12,d9f113e35677e2fc174a4151f8fcab01ad1ba70e4a3abdd46ab86e395cee0f46
library_hours:3:2026-12-30,https://hours.library.ubc.ca/#asian,vancouver,2026-09-10T23:22:28Z,library_hours:3,3,2026-12-30,America/Vancouver,holiday,Closed*,closed,,,,library_hours:3:2026-12,ca50893d32aa4c320c10712e6bee2533e95d9061091d708dd4a3fc7a21e88363
library_hours:3:2026-12-31,https://hours.library.ubc.ca/#asian,vancouver,2026-09-10T23:22:28Z,library_hours:3,3,2026-12-31,America/Vancouver,holiday,Closed*,closed,,,,library_hours:3:2026-12,294ba80bfdf0a8d5c0829eb209bd749c3bfa99d9b4e12fac769e634783c10b3a
library_hours:4:2026-09-01,https://hours.library.ubc.ca/#davidlam,vancouver,2026-09-10T23:22:28Z,library_hours:4,4,2026-09-01,America/Vancouver,exception,9am - 5pm,open,09:00,17:00,False,library_hours:4:2026-09,ce7c74d013c07af986942ddbf90eeb9c3ea1b1178c27827cc24f0609f52a6e0a
library_hours:4:2026-09-02,https://hours.library.ubc.ca/#davidlam,vancouver,2026-09-10T23:22:28Z,library_hours:4,4,2026-09-02,America/Vancouver,exception,9am - 5pm,open,09:00,17:00,False,library_hours:4:2026-09,2ac1a8dfa2d7d59ae9b11f986bc087627b4e90013226189fcbbb5ade31068885
library_hours:4:2026-09-03,https://hours.library.ubc.ca/#davidlam,vancouver,2026-09-10T23:22:28Z,library_hours:4,4,2026-09-03,America/Vancouver,exception,9am - 5pm,open,09:00,17:00,False,library_hours:4:2026-09,5db527c3911bfb50d6432b947f5136b8cb9bd5230e06e893401533ba2c31fe98
library_hours:4:2026-09-04,https://hours.library.ubc.ca/#davidlam,vancouver,2026-09-10T23:22:28Z,library_hours:4,4,2026-09-04,America/Vancouver,exception,9am - 5pm,open,09:00,17:00,False,library_hours:4:2026-09,e21098ab698d3efc5c72e1f48555f2113cb759f736ec2f55947a5e9cc197663e
library_hours:4:2026-09-05,https://hours.library.ubc.ca/#davidlam,vancouver,2026-09-10T23:22:28Z,library_hours:4,4,2026-09-05,America/Vancouver,exception,Closed*,closed,,,,library_hours:4:2026-09,ee77b48f02d8989bede9bc65ddfc5b14e4fde5da1098294486e1d33d3ea7b86b
library_hours:4:2026-09-06,https://hours.library.ubc.ca/#davidlam,vancouver,2026-09-10T23:22:28Z,library_hours:4,4,2026-09-06,America/Vancouver,exception,Closed*,closed,,,,library_hours:4:2026-09,1421dab9ed4e9ce5c9a8e0c0768aa325869aa4a0468e1ec85df297318e3f12ee
library_hours:4:2026-09-07,https://hours.library.ubc.ca/#davidlam,vancouver,2026-09-10T23:22:28Z,library_hours:4,4,2026-09-07,America/Vancouver,holiday,Closed* (Labour Day),closed,,,,library_hours:4:2026-09,060410dea8d62e61e7d93bb39ce9ea0b02ef6c3f25dd449f7003ae0d6be8b646
library_hours:4:2026-09-08,https://hours.library.ubc.ca/#davidlam,vancouver,2026-09-10T23:22:28Z,library_hours:4,4,2026-09-08,America/Vancouver,regular,9am - 9pm,open,09:00,21:00,False,library_hours:4:2026-09,faeef84f4bf027ea19e8b9548303e53e9a5c52427bde5b0dcf04f1b555bd720e
library_hours:4:2026-09-09,https://hours.library.ubc.ca/#davidlam,vancouver,2026-09-10T23:22:28Z,library_hours:4,4,2026-09-09,America/Vancouver,regular,9am - 9pm,open,09:00,21:00,False,library_hours:4:2026-09,06f5d9c4f429a433dc9bc6fe0675043c3d9df661467878ee9fca7c719e3f7872
library_hours:4:2026-09-10,https://hours.library.ubc.ca/#davidlam,vancouver,2026-09-10T23:22:28Z,library_hours:4,4,2026-09-10,America/Vancouver,regular,9am - 9pm,open,09:00,21:00,False,library_hours:4:2026-09,3ba91da5f14998e817d4d8c44fd897bf8fdf8ebd12340a1df63f69c58ee2081a
library_hours:4:2026-09-11,https://hours.library.ubc.ca/#davidlam,vancouver,2026-09-10T23:22:28Z,library_hours:4,4,2026-09-11,America/Vancouver,regular,9am - 8pm,open,09:00,20:00,False,library_hours:4:2026-09,ee0d85ee0d48bb4c0035eb742442602ac274863adca896103739bdc250df046f
library_hours:4:2026-09-12,https://hours.library.ubc.ca/#davidlam,vancouver,2026-09-10T23:22:28Z,library_hours:4,4,2026-09-12,America/Vancouver,regular,12pm - 5pm,open,12:00,17:00,False,library_hours:4:2026-09,fc4a656d74e83401cb537c54f45bb3750734ccd5576dd541d17d7101f204e55f
library_hours:4:2026-09-13,https://hours.library.ubc.ca/#davidlam,vancouver,2026-09-10T23:22:28Z,library_hours:4,4,2026-09-13,America/Vancouver,regular,12pm - 5pm,open,12:00,17:00,False,library_hours:4:2026-09,7b24ea023f0084146a8b3559490e5d45389ec70548834b21e483eb91513ffe9e
library_hours:4:2026-09-14,https://hours.library.ubc.ca/#davidlam,vancouver,2026-09-10T23:22:28Z,library_hours:4,4,2026-09-14,America/Vancouver,regular,9am - 9pm,open,09:00,21:00,False,library_hours:4:2026-09,d04efebc1c22763a38fa678349a6aec259e49483c65cbc7ef48bbd10be8ff5d4
library_hours:4:2026-09-15,https://hours.library.ubc.ca/#davidlam,vancouver,2026-09-10T23:22:28Z,library_hours:4,4,2026-09-15,America/Vancouver,regular,9am - 9pm,open,09:00,21:00,False,library_hours:4:2026-09,72e9c75b9aa4f1fd814af1e0d42d53cb6f0e8adadc226b3432d85b680aa5b355
library_hours:4:2026-09-16,https://hours.library.ubc.ca/#davidlam,vancouver,2026-09-10T23:22:28Z,library_hours:4,4,2026-09-16,America/Vancouver,regular,9am - 9pm,open,09:00,21:00,False,library_hours:4:2026-09,0ff92339fc1c3a817ea954b2861d8e404ce9412a7561568c2ba57aadb08581f9
library_hours:4:2026-09-17,https://hours.library.ubc.ca/#davidlam,vancouver,2026-09-10T23:22:28Z,library_hours:4,4,2026-09-17,America/Vancouver,regular,9am - 9pm,open,09:00,21:00,False,library_hours:4:2026-09,ab32cdf59b3bd6ed8c7fb93b690c4ba1bc607e522255a8e00d760e13cc9fac91
library_hours:4:2026-09-18,https://hours.library.ubc.ca/#davidlam,vancouver,2026-09-10T23:22:28Z,library_hours:4,4,2026-09-18,America/Vancouver,regular,9am - 8pm,open,09:00,20:00,False,library_hours:4:2026-09,2858f20c23d45b777270d856f15d0266d224bf92b0396a4de4ba1de7ec5fc9a2
library_hours:4:2026-09-19,https://hours.library.ubc.ca/#davidlam,vancouver,2026-09-10T23:22:28Z,library_hours:4,4,2026-09-19,America/Vancouver,regular,12pm - 5pm,open,12:00,17:00,False,library_hours:4:2026-09,cb0c512c4ce554834338d912caa483361e742466a896872fe568f2ca1ead8c54
library_hours:4:2026-09-20,https://hours.library.ubc.ca/#davidlam,vancouver,2026-09-10T23:22:28Z,library_hours:4,4,2026-09-20,America/Vancouver,regular,12pm - 5pm,open,12:00,17:00,False,library_hours:4:2026-09,9813ee9b9676d5ceaa9b5aa29af8da3881171574eafa0a39e77b6f6290b520ec
library_hours:4:2026-09-21,https://hours.library.ubc.ca/#davidlam,vancouver,2026-09-10T23:22:28Z,library_hours:4,4,2026-09-21,America/Vancouver,regular,9am - 9pm,open,09:00,21:00,False,library_hours:4:2026-09,7875756aae6fa3aed935c32810d217ee3908cca595370619cfe42a3d0bab3426
library_hours:4:2026-09-22,https://hours.library.ubc.ca/#davidlam,vancouver,2026-09-10T23:22:28Z,library_hours:4,4,2026-09-22,America/Vancouver,regular,9am - 9pm,open,09:00,21:00,False,library_hours:4:2026-09,65aa72e3a6c1ea0b1eafea3bd6a75c52b5d1eaf649c9873ba0ba50095ce6363e
library_hours:4:2026-09-23,https://hours.library.ubc.ca/#davidlam,vancouver,2026-09-10T23:22:28Z,library_hours:4,4,2026-09-23,America/Vancouver,regular,9am - 9pm,open,09:00,21:00,False,library_hours:4:2026-09,d4316b481466aa4d1b66555a1b69a5241a73276c6a5e775ac847a6c3f8e4ed6d
library_hours:4:2026-09-24,https://hours.library.ubc.ca/#davidlam,vancouver,2026-09-10T23:22:28Z,library_hours:4,4,2026-09-24,America/Vancouver,regular,9am - 9pm,open,09:00,21:00,False,library_hours:4:2026-09,160c6a791919c470411429082c28d3dfd99816d2abe834f05456e7d52eb3c9d7
library_hours:4:2026-09-25,https://hours.library.ubc.ca/#davidlam,vancouver,2026-09-10T23:22:28Z,library_hours:4,4,2026-09-25,America/Vancouver,regular,9am - 8pm,open,09:00,20:00,False,library_hours:4:2026-09,7dc182025f2b9973deb95c3a92ce38dee279f06f8b6beb8e6e1945d9fce7021b
library_hours:4:2026-09-26,https://hours.library.ubc.ca/#davidlam,vancouver,2026-09-10T23:22:28Z,library_hours:4,4,2026-09-26,America/Vancouver,regular,12pm - 5pm,open,12:00,17:00,False,library_hours:4:2026-09,082b73abc1e9a3766b4d9e63ef5249421e4ed4abb79d5f6acf8e451241057647
library_hours:4:2026-09-27,https://hours.library.ubc.ca/#davidlam,vancouver,2026-09-10T23:22:28Z,library_hours:4,4,2026-09-27,America/Vancouver,regular,12pm - 5pm,open,12:00,17:00,False,library_hours:4:2026-09,b9d7f6a63a88ce2e5753a2858db29267e7ac7f1445ad04057efece8b62cc3792
library_hours:4:2026-09-28,https://hours.library.ubc.ca/#davidlam,vancouver,2026-09-10T23:22:28Z,library_hours:4,4,2026-09-28,America/Vancouver,regular,9am - 9pm,open,09:00,21:00,False,library_hours:4:2026-09,559271fc2f838fe3cfe05e36e7aaa3d48e66b91b79760d2ce6ac9d8c0f22c4ac
library_hours:4:2026-09-29,https://hours.library.ubc.ca/#davidlam,vancouver,2026-09-10T23:22:28Z,library_hours:4,4,2026-09-29,America/Vancouver,regular,9am - 9pm,open,09:00,21:00,False,library_hours:4:2026-09,d68d67c61d62dd6b9d9741c2e952424de54f03d8e9e4c4622386aaecd5ff1f67
library_hours:4:2026-09-30,https://hours.library.ubc.ca/#davidlam,vancouver,2026-09-10T23:22:28Z,library_hours:4,4,2026-09-30,America/Vancouver,holiday,Closed* (NDTR),closed,,,,library_hours:4:2026-09,567c4a2f2665e254cb6d46a0e92ee4edd6d13a34c52f8b177d03e5008b6dc5d9
library_hours:4:2026-10-01,https://hours.library.ubc.ca/#davidlam,vancouver,2026-09-10T23:22:28Z,library_hours:4,4,2026-10-01,America/Vancouver,regular,9am - 9pm,open,09:00,21:00,False,library_hours:4:2026-10,1ad87697ad842f7d03dff549bb368fd2dbfca74353de0521ce89cbf639c63b11
library_hours:4:2026-10-02,https://hours.library.ubc.ca/#davidlam,vancouver,2026-09-10T23:22:28Z,library_hours:4,4,2026-10-02,America/Vancouver,regular,9am - 8pm,open,09:00,20:00,False,library_hours:4:2026-10,ee217dc9ca413e161a52f85fe98f502dcf93496e32af1e5a205b96b0389a8bbc
library_hours:4:2026-10-03,https://hours.library.ubc.ca/#davidlam,vancouver,2026-09-10T23:22:28Z,library_hours:4,4,2026-10-03,America/Vancouver,regular,12pm - 5pm,open,12:00,17:00,False,library_hours:4:2026-10,6871ddfcdf9aabf719cb12cc460743e79215de15abcd5a105d77ed9133af8658
library_hours:4:2026-10-04,https://hours.library.ubc.ca/#davidlam,vancouver,2026-09-10T23:22:28Z,library_hours:4,4,2026-10-04,America/Vancouver,regular,12pm - 5pm,open,12:00,17:00,False,library_hours:4:2026-10,778f6f0c6daca342e04297e26eeeba6b27fcb4cfa6e3d44e8abe4c82622b7ff5
library_hours:4:2026-10-05,https://hours.library.ubc.ca/#davidlam,vancouver,2026-09-10T23:22:28Z,library_hours:4,4,2026-10-05,America/Vancouver,regular,9am - 9pm,open,09:00,21:00,False,library_hours:4:2026-10,56071d4b5fcd65ad336b56b36c1b6403ff06b9aa2cc9485cc1b94363278b9664
library_hours:4:2026-10-06,https://hours.library.ubc.ca/#davidlam,vancouver,2026-09-10T23:22:28Z,library_hours:4,4,2026-10-06,America/Vancouver,regular,9am - 9pm,open,09:00,21:00,False,library_hours:4:2026-10,454f8ff0717b574ac99e22393c245c3edc623ee1759a33181098f3b6323a8bc3
library_hours:4:2026-10-07,https://hours.library.ubc.ca/#davidlam,vancouver,2026-09-10T23:22:28Z,library_hours:4,4,2026-10-07,America/Vancouver,regular,9am - 9pm,open,09:00,21:00,False,library_hours:4:2026-10,03a9af503148b6d7f82b210221046e057b9fad0f8dfad31904a912156736f715
library_hours:4:2026-10-08,https://hours.library.ubc.ca/#davidlam,vancouver,2026-09-10T23:22:28Z,library_hours:4,4,2026-10-08,America/Vancouver,regular,9am - 9pm,open,09:00,21:00,False,library_hours:4:2026-10,1665a4c01335c852c004295a364aa374e6750d543b765116af7d5f23e6091148
library_hours:4:2026-10-09,https://hours.library.ubc.ca/#davidlam,vancouver,2026-09-10T23:22:28Z,library_hours:4,4,2026-10-09,America/Vancouver,regular,9am - 8pm,open,09:00,20:00,False,library_hours:4:2026-10,b7f0dc78fa9ce2f86f0899daabe03e747725157c597a2e971d3e3231f9bb0901
library_hours:4:2026-10-10,https://hours.library.ubc.ca/#davidlam,vancouver,2026-09-10T23:22:28Z,library_hours:4,4,2026-10-10,America/Vancouver,regular,12pm - 5pm,open,12:00,17:00,False,library_hours:4:2026-10,90e97d74ed2ef20b6bfdc3ee6ddc68f379740bab86a31d99b685b5fdabc97345
library_hours:4:2026-10-11,https://hours.library.ubc.ca/#davidlam,vancouver,2026-09-10T23:22:28Z,library_hours:4,4,2026-10-11,America/Vancouver,regular,12pm - 5pm,open,12:00,17:00,False,library_hours:4:2026-10,f679b34e25d41fa07eec7d3fd8278700a982159b99a9ef944fe60bbb34e33284
library_hours:4:2026-10-12,https://hours.library.ubc.ca/#davidlam,vancouver,2026-09-10T23:22:28Z,library_hours:4,4,2026-10-12,America/Vancouver,holiday,Closed* (Thanksgiving),closed,,,,library_hours:4:2026-10,f5f44d839a40b0097e9ed2754bf8710afe9b152aa5b5d37c4d65f0569754f40e
library_hours:4:2026-10-13,https://hours.library.ubc.ca/#davidlam,vancouver,2026-09-10T23:22:28Z,library_hours:4,4,2026-10-13,America/Vancouver,regular,9am - 9pm,open,09:00,21:00,False,library_hours:4:2026-10,e9f4b7ea250f879e43206874cf6764ba6082e4a6e7d59fdcb3c433b51a80c946
library_hours:4:2026-10-14,https://hours.library.ubc.ca/#davidlam,vancouver,2026-09-10T23:22:28Z,library_hours:4,4,2026-10-14,America/Vancouver,regular,9am - 9pm,open,09:00,21:00,False,library_hours:4:2026-10,ff0809641e8dd2141ebb396030666ac75937d946fa2fb1f84ffd891d96d20a8b
library_hours:4:2026-10-15,https://hours.library.ubc.ca/#davidlam,vancouver,2026-09-10T23:22:28Z,library_hours:4,4,2026-10-15,America/Vancouver,regular,9am - 9pm,open,09:00,21:00,False,library_hours:4:2026-10,b8dde739caeeb60ebc6d8393c6bdbf038f2a21b681fc2128c479f25daffe8814
library_hours:4:2026-10-16,https://hours.library.ubc.ca/#davidlam,vancouver,2026-09-10T23:22:28Z,library_hours:4,4,2026-10-16,America/Vancouver,regular,9am - 8pm,open,09:00,20:00,False,library_hours:4:2026-10,bfe1fcd38396220b5eb2728a09e6dd841bae7b78e83443041334364992056b93
library_hours:4:2026-10-17,https://hours.library.ubc.ca/#davidlam,vancouver,2026-09-10T23:22:28Z,library_hours:4,4,2026-10-17,America/Vancouver,regular,12pm - 5pm,open,12:00,17:00,False,library_hours:4:2026-10,248fa256d5f118cf108ab9ce4dc23f2e365a5c9029b1ff371741fab322bc1d88
library_hours:4:2026-10-18,https://hours.library.ubc.ca/#davidlam,vancouver,2026-09-10T23:22:28Z,library_hours:4,4,2026-10-18,America/Vancouver,regular,12pm - 5pm,open,12:00,17:00,False,library_hours:4:2026-10,028ab023451cbdfc2c34f1920f78c808221bc4accaeaa71c164ed1bf375e0ba1
library_hours:4:2026-10-19,https://hours.library.ubc.ca/#davidlam,vancouver,2026-09-10T23:22:28Z,library_hours:4,4,2026-10-19,America/Vancouver,regular,9am - 9pm,open,09:00,21:00,False,library_hours:4:2026-10,c7da7b09c29e863d908c0ed4bc981511a1531f41efd61835468c8095fb556bf3
library_hours:4:2026-10-20,https://hours.library.ubc.ca/#davidlam,vancouver,2026-09-10T23:22:28Z,library_hours:4,4,2026-10-20,America/Vancouver,regular,9am - 9pm,open,09:00,21:00,False,library_hours:4:2026-10,dcbe5b11411214f0ca367f40ad46e56e18f1f264208bc05a47f4d9a0578c9b0f
library_hours:4:2026-10-21,https://hours.library.ubc.ca/#davidlam,vancouver,2026-09-10T23:22:28Z,library_hours:4,4,2026-10-21,America/Vancouver,regular,9am - 9pm,open,09:00,21:00,False,library_hours:4:2026-10,eebdb2d0c19dda4b33c2fc1723c1d0bad038182cfec1ab1882baa06479aa7e3b
library_hours:4:2026-10-22,https://hours.library.ubc.ca/#davidlam,vancouver,2026-09-10T23:22:28Z,library_hours:4,4,2026-10-22,America/Vancouver,regular,9am - 9pm,open,09:00,21:00,False,library_hours:4:2026-10,2d5ee3b4bfeb10ccfae68a6a6e1d88675ecd274851c78ef0ba83270c28b7db1a
library_hours:4:2026-10-23,https://hours.library.ubc.ca/#davidlam,vancouver,2026-09-10T23:22:28Z,library_hours:4,4,2026-10-23,America/Vancouver,regular,9am - 8pm,open,09:00,20:00,False,library_hours:4:2026-10,7b92cb3bf1dca24aa05f840849fb5288e8b8272de73c4dc16e44e88fc5559297
library_hours:4:2026-10-24,https://hours.library.ubc.ca/#davidlam,vancouver,2026-09-10T23:22:28Z,library_hours:4,4,2026-10-24,America/Vancouver,regular,12pm - 5pm,open,12:00,17:00,False,library_hours:4:2026-10,56fbfe9595b991b8678518351d9a99bdced0515838ca618b92c49abf9acc4290
library_hours:4:2026-10-25,https://hours.library.ubc.ca/#davidlam,vancouver,2026-09-10T23:22:28Z,library_hours:4,4,2026-10-25,America/Vancouver,regular,12pm - 5pm,open,12:00,17:00,False,library_hours:4:2026-10,b1a38665f6e8109ee1c0650425ec23f8364c36ca81ba55220b8ed1e416cc0f30
library_hours:4:2026-10-26,https://hours.library.ubc.ca/#davidlam,vancouver,2026-09-10T23:22:28Z,library_hours:4,4,2026-10-26,America/Vancouver,regular,9am - 9pm,open,09:00,21:00,False,library_hours:4:2026-10,b8e660a5d0da45a84e79e43d9335092f4cd7a90240cf4b726a7f4d75caff96a9
library_hours:4:2026-10-27,https://hours.library.ubc.ca/#davidlam,vancouver,2026-09-10T23:22:28Z,library_hours:4,4,2026-10-27,America/Vancouver,regular,9am - 9pm,open,09:00,21:00,False,library_hours:4:2026-10,4d408c7ef9cd2d833a72b2a69759cf4cc4f8f31d5afaf4c7b95ace26b7b03982
library_hours:4:2026-10-28,https://hours.library.ubc.ca/#davidlam,vancouver,2026-09-10T23:22:28Z,library_hours:4,4,2026-10-28,America/Vancouver,regular,9am - 9pm,open,09:00,21:00,False,library_hours:4:2026-10,48f6a57817396b00a7081fd4e0fb1111f3c798a72907e5a96e8dcc4adfd0834d
library_hours:4:2026-10-29,https://hours.library.ubc.ca/#davidlam,vancouver,2026-09-10T23:22:28Z,library_hours:4,4,2026-10-29,America/Vancouver,regular,9am - 9pm,open,09:00,21:00,False,library_hours:4:2026-10,da45ee83b9ffe170be6ff056d3a9112ee14b1a95884d889c35b5e592252b5b83
library_hours:4:2026-10-30,https://hours.library.ubc.ca/#davidlam,vancouver,2026-09-10T23:22:28Z,library_hours:4,4,2026-10-30,America/Vancouver,regular,9am - 8pm,open,09:00,20:00,False,library_hours:4:2026-10,8ebbb4071f7ce4ab2c9d9f001b60bdf827af8a20d2e74c1e7a104dca790674e5
library_hours:4:2026-10-31,https://hours.library.ubc.ca/#davidlam,vancouver,2026-09-10T23:22:28Z,library_hours:4,4,2026-10-31,America/Vancouver,regular,12pm - 5pm,open,12:00,17:00,False,library_hours:4:2026-10,77676534c9e307c3532874848a4db2ea7e7af73dabdf99b3a7cfdf0a30415c62
library_hours:4:2026-11-01,https://hours.library.ubc.ca/#davidlam,vancouver,2026-09-10T23:22:28Z,library_hours:4,4,2026-11-01,America/Vancouver,regular,12pm - 5pm,open,12:00,17:00,False,library_hours:4:2026-11,53a0d6f9e4838c15a3f322da6ed1cc8c38fe72e5d195b1ce2007606cc36b7ab9
library_hours:4:2026-11-02,https://hours.library.ubc.ca/#davidlam,vancouver,2026-09-10T23:22:28Z,library_hours:4,4,2026-11-02,America/Vancouver,regular,9am - 9pm,open,09:00,21:00,False,library_hours:4:2026-11,30477c3193b56ba576d9150ce38591f49310ba57ef5f9e8606c4f539039a3072
library_hours:4:2026-11-03,https://hours.library.ubc.ca/#davidlam,vancouver,2026-09-10T23:22:28Z,library_hours:4,4,2026-11-03,America/Vancouver,regular,9am - 9pm,open,09:00,21:00,False,library_hours:4:2026-11,10c95b3e0c8ef932dbc189dd3d5d77a5a07da48db39a252d5b94475af47500df
library_hours:4:2026-11-04,https://hours.library.ubc.ca/#davidlam,vancouver,2026-09-10T23:22:28Z,library_hours:4,4,2026-11-04,America/Vancouver,regular,9am - 9pm,open,09:00,21:00,False,library_hours:4:2026-11,5dd477dd98042f06e3bfe5846dc83fe8df07cacdc1e0619bf4beef1b5e2bec07
library_hours:4:2026-11-05,https://hours.library.ubc.ca/#davidlam,vancouver,2026-09-10T23:22:28Z,library_hours:4,4,2026-11-05,America/Vancouver,regular,9am - 9pm,open,09:00,21:00,False,library_hours:4:2026-11,8a6545859f911890a196cf5d0b074418ed324a891b173d53eae1b72129f538c2
library_hours:4:2026-11-06,https://hours.library.ubc.ca/#davidlam,vancouver,2026-09-10T23:22:28Z,library_hours:4,4,2026-11-06,America/Vancouver,regular,9am - 8pm,open,09:00,20:00,False,library_hours:4:2026-11,f2300be0974d6b065e79845c3851046e00dca8b2cbae0ab6c8f54897fda9bbc4
library_hours:4:2026-11-07,https://hours.library.ubc.ca/#davidlam,vancouver,2026-09-10T23:22:28Z,library_hours:4,4,2026-11-07,America/Vancouver,regular,12pm - 5pm,open,12:00,17:00,False,library_hours:4:2026-11,0494b0900eaef6f35d71cc9d2ee1585b6f2f32dace0f003e8d324998d57369a6
library_hours:4:2026-11-08,https://hours.library.ubc.ca/#davidlam,vancouver,2026-09-10T23:22:28Z,library_hours:4,4,2026-11-08,America/Vancouver,regular,12pm - 5pm,open,12:00,17:00,False,library_hours:4:2026-11,3728e958008541af6e1933e8d8e0b4bdbbe08426402fa5c9621f8567aaf0fd7d
library_hours:4:2026-11-09,https://hours.library.ubc.ca/#davidlam,vancouver,2026-09-10T23:22:28Z,library_hours:4,4,2026-11-09,America/Vancouver,exception,9am - 5pm,open,09:00,17:00,False,library_hours:4:2026-11,25c03664a3b19aa69a85de9119f482468a5b1d32ef9406f71f7c2263525f8ce6
library_hours:4:2026-11-10,https://hours.library.ubc.ca/#davidlam,vancouver,2026-09-10T23:22:28Z,library_hours:4,4,2026-11-10,America/Vancouver,exception,9am - 5pm,open,09:00,17:00,False,library_hours:4:2026-11,a7a15a58fc45ba8d5cd58adfd7e125c7f45019d21a2f6aa27268416f28b3ef88
library_hours:4:2026-11-11,https://hours.library.ubc.ca/#davidlam,vancouver,2026-09-10T23:22:28Z,library_hours:4,4,2026-11-11,America/Vancouver,holiday,Closed* (Remembrance Day ),closed,,,,library_hours:4:2026-11,644672889daf96e91d4310b7346d5d5fb33c6a59344ddcc75cf8cc2868299a3f
library_hours:4:2026-11-12,https://hours.library.ubc.ca/#davidlam,vancouver,2026-09-10T23:22:28Z,library_hours:4,4,2026-11-12,America/Vancouver,regular,9am - 9pm,open,09:00,21:00,False,library_hours:4:2026-11,e57a98400b67c6b63631a1308f50e7c0830bd849871aaf65856b82363487bda9
library_hours:4:2026-11-13,https://hours.library.ubc.ca/#davidlam,vancouver,2026-09-10T23:22:28Z,library_hours:4,4,2026-11-13,America/Vancouver,regular,9am - 8pm,open,09:00,20:00,False,library_hours:4:2026-11,30cee14b78481b719457e302a994d6b69fbc70b92dcea3acae9595c38819cc9c
library_hours:4:2026-11-14,https://hours.library.ubc.ca/#davidlam,vancouver,2026-09-10T23:22:28Z,library_hours:4,4,2026-11-14,America/Vancouver,regular,12pm - 5pm,open,12:00,17:00,False,library_hours:4:2026-11,0fc472c6ee7d31a64e430e84839ecf31e55f8d1d3336f851deab050256525bb6
library_hours:4:2026-11-15,https://hours.library.ubc.ca/#davidlam,vancouver,2026-09-10T23:22:28Z,library_hours:4,4,2026-11-15,America/Vancouver,regular,12pm - 5pm,open,12:00,17:00,False,library_hours:4:2026-11,75efe6df5ba0d730d28cd9dee0532de9ba90f21f8211f97bfd0af3e9a42a5c60
library_hours:4:2026-11-16,https://hours.library.ubc.ca/#davidlam,vancouver,2026-09-10T23:22:28Z,library_hours:4,4,2026-11-16,America/Vancouver,regular,9am - 9pm,open,09:00,21:00,False,library_hours:4:2026-11,b0e1fcee4ef4ee1cf8577962939bc4e714d5b1df7f9a5410525b4b80265fa0e5
library_hours:4:2026-11-17,https://hours.library.ubc.ca/#davidlam,vancouver,2026-09-10T23:22:28Z,library_hours:4,4,2026-11-17,America/Vancouver,regular,9am - 9pm,open,09:00,21:00,False,library_hours:4:2026-11,8d108b50d5589e03e4f8d71aa8a84d545e55d6d843ee46b0f51d967898c6077f
library_hours:4:2026-11-18,https://hours.library.ubc.ca/#davidlam,vancouver,2026-09-10T23:22:28Z,library_hours:4,4,2026-11-18,America/Vancouver,regular,9am - 9pm,open,09:00,21:00,False,library_hours:4:2026-11,9bf46b0b4f1c5124f11406264bdebccbb90ac27727a047a86256131ebea334f0
library_hours:4:2026-11-19,https://hours.library.ubc.ca/#davidlam,vancouver,2026-09-10T23:22:28Z,library_hours:4,4,2026-11-19,America/Vancouver,regular,9am - 9pm,open,09:00,21:00,False,library_hours:4:2026-11,9246cb88fb845a95f6a81bb7d7c2cc07f1156a683e36815740ed82b40132c2f4
library_hours:4:2026-11-20,https://hours.library.ubc.ca/#davidlam,vancouver,2026-09-10T23:22:28Z,library_hours:4,4,2026-11-20,America/Vancouver,regular,9am - 8pm,open,09:00,20:00,False,library_hours:4:2026-11,8a36fdc5ff166c63a79ae071353f70ef4c1494e216cd943a0630253e6d99139b
library_hours:4:2026-11-21,https://hours.library.ubc.ca/#davidlam,vancouver,2026-09-10T23:22:28Z,library_hours:4,4,2026-11-21,America/Vancouver,regular,12pm - 5pm,open,12:00,17:00,False,library_hours:4:2026-11,61efc43e74ac6b6b28bfb2ea746a22f3afbd1e81ff690c17433221a90a593ac0
library_hours:4:2026-11-22,https://hours.library.ubc.ca/#davidlam,vancouver,2026-09-10T23:22:28Z,library_hours:4,4,2026-11-22,America/Vancouver,regular,12pm - 5pm,open,12:00,17:00,False,library_hours:4:2026-11,de2bfd96eb4307e768c3d50550237fa08beb48f87c0ff3e83843cee5e0a0dccb
library_hours:4:2026-11-23,https://hours.library.ubc.ca/#davidlam,vancouver,2026-09-10T23:22:28Z,library_hours:4,4,2026-11-23,America/Vancouver,regular,9am - 9pm,open,09:00,21:00,False,library_hours:4:2026-11,4259f94beb83f171945a818f59541b260515a4a99b2a9120c3670b338a1e7a40
library_hours:4:2026-11-24,https://hours.library.ubc.ca/#davidlam,vancouver,2026-09-10T23:22:28Z,library_hours:4,4,2026-11-24,America/Vancouver,regular,9am - 9pm,open,09:00,21:00,False,library_hours:4:2026-11,8758ca46ca1af648c255e31fad04cef1beb9ac8808e5ce04636a24eaf0f5c9b1
library_hours:4:2026-11-25,https://hours.library.ubc.ca/#davidlam,vancouver,2026-09-10T23:22:28Z,library_hours:4,4,2026-11-25,America/Vancouver,regular,9am - 9pm,open,09:00,21:00,False,library_hours:4:2026-11,b78ea77b7eb81eb61fd40a9f6c3357703f56c89c67b74a297aff6bb3af69a07b
library_hours:4:2026-11-26,https://hours.library.ubc.ca/#davidlam,vancouver,2026-09-10T23:22:28Z,library_hours:4,4,2026-11-26,America/Vancouver,regular,9am - 9pm,open,09:00,21:00,False,library_hours:4:2026-11,51fbb86e23ab30f0017a779f149a723dd10c411d9645b621699eb621a0c12825
library_hours:4:2026-11-27,https://hours.library.ubc.ca/#davidlam,vancouver,2026-09-10T23:22:28Z,library_hours:4,4,2026-11-27,America/Vancouver,regular,9am - 8pm,open,09:00,20:00,False,library_hours:4:2026-11,6ce4faaa1aeeea857e54383b412b2e50002e9f263f19899b649c3a538b15c2d4
library_hours:4:2026-11-28,https://hours.library.ubc.ca/#davidlam,vancouver,2026-09-10T23:22:28Z,library_hours:4,4,2026-11-28,America/Vancouver,regular,12pm - 5pm,open,12:00,17:00,False,library_hours:4:2026-11,12818812a6fc93cc8570934f63de79b88a3d0e351b028c34d624237650340343
library_hours:4:2026-11-29,https://hours.library.ubc.ca/#davidlam,vancouver,2026-09-10T23:22:28Z,library_hours:4,4,2026-11-29,America/Vancouver,regular,12pm - 5pm,open,12:00,17:00,False,library_hours:4:2026-11,7a9d42efe4b07af312c3bd5534a26825894920fe04a47b196fb9fc0105cdfb58
library_hours:4:2026-11-30,https://hours.library.ubc.ca/#davidlam,vancouver,2026-09-10T23:22:28Z,library_hours:4,4,2026-11-30,America/Vancouver,regular,9am - 9pm,open,09:00,21:00,False,library_hours:4:2026-11,aa517fa02a4a8a208be387b0a0328ce69584809dc1612bf4cee1762c0a943528
library_hours:4:2026-12-01,https://hours.library.ubc.ca/#davidlam,vancouver,2026-09-10T23:22:28Z,library_hours:4,4,2026-12-01,America/Vancouver,regular,9am - 9pm,open,09:00,21:00,False,library_hours:4:2026-12,d4496e7e508595808b57db50992f840282dee0c19a930c9f872a63cf596a9b2e
library_hours:4:2026-12-02,https://hours.library.ubc.ca/#davidlam,vancouver,2026-09-10T23:22:28Z,library_hours:4,4,2026-12-02,America/Vancouver,regular,9am - 9pm,open,09:00,21:00,False,library_hours:4:2026-12,2e06220b39debb8cc20787b6d557939146b61fd9a18eb25d9b0bcdf48dfd2cd9
library_hours:4:2026-12-03,https://hours.library.ubc.ca/#davidlam,vancouver,2026-09-10T23:22:28Z,library_hours:4,4,2026-12-03,America/Vancouver,regular,9am - 9pm,open,09:00,21:00,False,library_hours:4:2026-12,9a66b7b22e8034beb3a669dba7d12ce45c6cba5e5e5229379a2c7a9dca71a488
library_hours:4:2026-12-04,https://hours.library.ubc.ca/#davidlam,vancouver,2026-09-10T23:22:28Z,library_hours:4,4,2026-12-04,America/Vancouver,regular,9am - 8pm,open,09:00,20:00,False,library_hours:4:2026-12,eb85b7df27eb98a00f83e14f309cb746fde2ce2d8b8b1732231ada0390980ec8
library_hours:4:2026-12-05,https://hours.library.ubc.ca/#davidlam,vancouver,2026-09-10T23:22:28Z,library_hours:4,4,2026-12-05,America/Vancouver,regular,12pm - 5pm,open,12:00,17:00,False,library_hours:4:2026-12,b1d535f4429a2c9d2a0ba0c36176ab7e0d51a0f1a25c4cb99c9455f78c6f5767
library_hours:4:2026-12-06,https://hours.library.ubc.ca/#davidlam,vancouver,2026-09-10T23:22:28Z,library_hours:4,4,2026-12-06,America/Vancouver,regular,12pm - 5pm,open,12:00,17:00,False,library_hours:4:2026-12,66ebac76b6539a312174db6a4a2c75a331ed0ee1fad538dc42f6f0b9f6c6fd4a
library_hours:4:2026-12-07,https://hours.library.ubc.ca/#davidlam,vancouver,2026-09-10T23:22:28Z,library_hours:4,4,2026-12-07,America/Vancouver,regular,9am - 9pm,open,09:00,21:00,False,library_hours:4:2026-12,05bb08394c7b3760e486fec8acf945319759451a3b91d5b542f80e9d8c424eba
library_hours:4:2026-12-08,https://hours.library.ubc.ca/#davidlam,vancouver,2026-09-10T23:22:28Z,library_hours:4,4,2026-12-08,America/Vancouver,regular,9am - 9pm,open,09:00,21:00,False,library_hours:4:2026-12,9362e250ad56e11bbf760f4e6e9481086ae47fb88b853634504137e582eacedd
library_hours:4:2026-12-09,https://hours.library.ubc.ca/#davidlam,vancouver,2026-09-10T23:22:28Z,library_hours:4,4,2026-12-09,America/Vancouver,regular,9am - 9pm,open,09:00,21:00,False,library_hours:4:2026-12,5f9ca07553e26d34597d1fb95a9c69752484813535f158e34f1bdcc0a76a358f
library_hours:4:2026-12-10,https://hours.library.ubc.ca/#davidlam,vancouver,2026-09-10T23:22:28Z,library_hours:4,4,2026-12-10,America/Vancouver,regular,9am - 9pm,open,09:00,21:00,False,library_hours:4:2026-12,f5e09e05df0d942b70a571213861c302c6d4666aa947938d3a1ea9e418f9029a
library_hours:4:2026-12-11,https://hours.library.ubc.ca/#davidlam,vancouver,2026-09-10T23:22:28Z,library_hours:4,4,2026-12-11,America/Vancouver,regular,9am - 8pm,open,09:00,20:00,False,library_hours:4:2026-12,7983d24cec2c8424be07b9769b13297027cf46e7f7cc775ca5b84777c10a6408
library_hours:4:2026-12-12,https://hours.library.ubc.ca/#davidlam,vancouver,2026-09-10T23:22:28Z,library_hours:4,4,2026-12-12,America/Vancouver,regular,12pm - 5pm,open,12:00,17:00,False,library_hours:4:2026-12,f1aa69b0ae6b9f9865d99d78698b57a6f117aa4fb761df7c22e16a1ef537e59b
library_hours:4:2026-12-13,https://hours.library.ubc.ca/#davidlam,vancouver,2026-09-10T23:22:28Z,library_hours:4,4,2026-12-13,America/Vancouver,regular,12pm - 5pm,open,12:00,17:00,False,library_hours:4:2026-12,2495cebae3198bf387ba2a8b2b592a1e503953af773b148618cf1ad140f28eb7
library_hours:4:2026-12-14,https://hours.library.ubc.ca/#davidlam,vancouver,2026-09-10T23:22:28Z,library_hours:4,4,2026-12-14,America/Vancouver,regular,9am - 9pm,open,09:00,21:00,False,library_hours:4:2026-12,faf326438bef05c34b0d383ccb38614574fc368917c5b2a13f1c4670b680473f
library_hours:4:2026-12-15,https://hours.library.ubc.ca/#davidlam,vancouver,2026-09-10T23:22:28Z,library_hours:4,4,2026-12-15,America/Vancouver,regular,9am - 9pm,open,09:00,21:00,False,library_hours:4:2026-12,9c61bff859247685ecd77100ebaef38af8b9c7840cf4243711233281fc93b569
library_hours:4:2026-12-16,https://hours.library.ubc.ca/#davidlam,vancouver,2026-09-10T23:22:28Z,library_hours:4,4,2026-12-16,America/Vancouver,regular,9am - 9pm,open,09:00,21:00,False,library_hours:4:2026-12,7de01f6283ca14a36f3c787f81f8050ed1c58353bb3727cb31bf235136a6935b
library_hours:4:2026-12-17,https://hours.library.ubc.ca/#davidlam,vancouver,2026-09-10T23:22:28Z,library_hours:4,4,2026-12-17,America/Vancouver,regular,9am - 9pm,open,09:00,21:00,False,library_hours:4:2026-12,7722dbbf4d8291d93b56b38e127dc2993a74e0e7487187f9ebf6b0e336fbb4cd
library_hours:4:2026-12-18,https://hours.library.ubc.ca/#davidlam,vancouver,2026-09-10T23:22:28Z,library_hours:4,4,2026-12-18,America/Vancouver,regular,9am - 8pm,open,09:00,20:00,False,library_hours:4:2026-12,2d834ba81d6929268db47d053f75725c4b4f65040aebd34a330f542123e663f8
library_hours:4:2026-12-19,https://hours.library.ubc.ca/#davidlam,vancouver,2026-09-10T23:22:28Z,library_hours:4,4,2026-12-19,America/Vancouver,regular,12pm - 5pm,open,12:00,17:00,False,library_hours:4:2026-12,1ca93e0d9b13c20c080117c231b6aa3ec52480a0b67236a65508a943732e06e4
library_hours:4:2026-12-20,https://hours.library.ubc.ca/#davidlam,vancouver,2026-09-10T23:22:28Z,library_hours:4,4,2026-12-20,America/Vancouver,regular,12pm - 5pm,open,12:00,17:00,False,library_hours:4:2026-12,d2bcbfb166ba67f599f88665b7666d9544a9c600fe74b90fb8dca386d666f181
library_hours:4:2026-12-21,https://hours.library.ubc.ca/#davidlam,vancouver,2026-09-10T23:22:28Z,library_hours:4,4,2026-12-21,America/Vancouver,regular,9am - 9pm,open,09:00,21:00,False,library_hours:4:2026-12,25efbeec91a4c84a612b8567b8b8420996706250c668f3d1585aac3bd8af0ea1
library_hours:4:2026-12-22,https://hours.library.ubc.ca/#davidlam,vancouver,2026-09-10T23:22:28Z,library_hours:4,4,2026-12-22,America/Vancouver,regular,9am - 9pm,open,09:00,21:00,False,library_hours:4:2026-12,bdd3de38eb16f6d290d21346adf41d57c05c27a4fe5c7767067a30cacc45131c
library_hours:4:2026-12-23,https://hours.library.ubc.ca/#davidlam,vancouver,2026-09-10T23:22:28Z,library_hours:4,4,2026-12-23,America/Vancouver,holiday,9am - 5pm,open,09:00,17:00,False,library_hours:4:2026-12,979ea82ca9e178a349f0443b8a385bbee543aa561d79424adaf537f09cee827e
library_hours:4:2026-12-24,https://hours.library.ubc.ca/#davidlam,vancouver,2026-09-10T23:22:28Z,library_hours:4,4,2026-12-24,America/Vancouver,holiday,9am - 5pm,open,09:00,17:00,False,library_hours:4:2026-12,e366c34789a932762bc0758b1f9629e593a8d95857daf113cfc3a23ecd9ba644
library_hours:4:2026-12-25,https://hours.library.ubc.ca/#davidlam,vancouver,2026-09-10T23:22:28Z,library_hours:4,4,2026-12-25,America/Vancouver,holiday,Closed*,closed,,,,library_hours:4:2026-12,bedb39047a911709aa5d277617d50414959b2e82e74b0184a82da761c7abf49a
library_hours:4:2026-12-26,https://hours.library.ubc.ca/#davidlam,vancouver,2026-09-10T23:22:28Z,library_hours:4,4,2026-12-26,America/Vancouver,holiday,Closed*,closed,,,,library_hours:4:2026-12,c89f78a17960b94912a184ba5b714e2a953f0f55c5e9cf9f4535af4646eb4d53
library_hours:4:2026-12-27,https://hours.library.ubc.ca/#davidlam,vancouver,2026-09-10T23:22:28Z,library_hours:4,4,2026-12-27,America/Vancouver,holiday,Closed*,closed,,,,library_hours:4:2026-12,ea3e73100f08e1e8da4bc755312d3b8a2e51d0d42e5f5596b3dd9ca988e3b50c
library_hours:4:2026-12-28,https://hours.library.ubc.ca/#davidlam,vancouver,2026-09-10T23:22:28Z,library_hours:4,4,2026-12-28,America/Vancouver,holiday,Closed*,closed,,,,library_hours:4:2026-12,552c7ed14c5dcee4d8658179fb6d81652608fa29a1467c456f9db4b333451fa1
library_hours:4:2026-12-29,https://hours.library.ubc.ca/#davidlam,vancouver,2026-09-10T23:22:28Z,library_hours:4,4,2026-12-29,America/Vancouver,holiday,Closed*,closed,,,,library_hours:4:2026-12,bbe993697b1606fc450388a9ec4fbb2ecc06655671643b1198aef5a5f9279120
library_hours:4:2026-12-30,https://hours.library.ubc.ca/#davidlam,vancouver,2026-09-10T23:22:28Z,library_hours:4,4,2026-12-30,America/Vancouver,holiday,Closed*,closed,,,,library_hours:4:2026-12,85d7556f5fc9b1275996447cd37f8ab2017b131d6cde411c9751b38d188e9a6a
library_hours:4:2026-12-31,https://hours.library.ubc.ca/#davidlam,vancouver,2026-09-10T23:22:28Z,library_hours:4,4,2026-12-31,America/Vancouver,holiday,Closed*,closed,,,,library_hours:4:2026-12,178dce6b503f57a03ec171b9bc51db34a000ca804ae69e8c731ab20cdc82532d
library_hours:6:2026-09-01,https://hours.library.ubc.ca/#ikblc,vancouver,2026-09-10T23:22:28Z,library_hours:6,6,2026-09-01,America/Vancouver,regular,6am - 12am,open,06:00,00:00,True,library_hours:6:2026-09,76b172e8c4b41038d7477ddda8f61c4770ee9e941de4cf0908b3509577683559
library_hours:6:2026-09-02,https://hours.library.ubc.ca/#ikblc,vancouver,2026-09-10T23:22:28Z,library_hours:6,6,2026-09-02,America/Vancouver,regular,6am - 12am,open,06:00,00:00,True,library_hours:6:2026-09,bf64fe1f50d0ec754a708491759706653eb64dfd5f586901e80ecf159a0fe10f
library_hours:6:2026-09-03,https://hours.library.ubc.ca/#ikblc,vancouver,2026-09-10T23:22:28Z,library_hours:6,6,2026-09-03,America/Vancouver,regular,6am - 12am,open,06:00,00:00,True,library_hours:6:2026-09,c4cca24c7707dfe4220c01276c9a541a27ed3173ee89800528d345ef9e36953e
library_hours:6:2026-09-04,https://hours.library.ubc.ca/#ikblc,vancouver,2026-09-10T23:22:28Z,library_hours:6,6,2026-09-04,America/Vancouver,regular,6am - 12am,open,06:00,00:00,True,library_hours:6:2026-09,35a67f23c7a568e5fd82d0a1b50e728e91378b6b87d8e18e3bceaf59f13104f4
library_hours:6:2026-09-05,https://hours.library.ubc.ca/#ikblc,vancouver,2026-09-10T23:22:28Z,library_hours:6,6,2026-09-05,America/Vancouver,regular,6am - 12am,open,06:00,00:00,True,library_hours:6:2026-09,634993f0f2034389455d656c3d698f99a573be7c8358183657cc178a4a2012f8
library_hours:6:2026-09-06,https://hours.library.ubc.ca/#ikblc,vancouver,2026-09-10T23:22:28Z,library_hours:6,6,2026-09-06,America/Vancouver,regular,6am - 12am,open,06:00,00:00,True,library_hours:6:2026-09,4368060f155acf12e492e6dd0a39833cced92ce99fc00cef621b8eb39a7f0722
library_hours:6:2026-09-07,https://hours.library.ubc.ca/#ikblc,vancouver,2026-09-10T23:22:28Z,library_hours:6,6,2026-09-07,America/Vancouver,holiday,6am - 12am (Labour Day),open,06:00,00:00,True,library_hours:6:2026-09,ab90f7f73f86614d9f1e05f302269093c378811e16bbb3e90a6bd475f5307af6
library_hours:6:2026-09-08,https://hours.library.ubc.ca/#ikblc,vancouver,2026-09-10T23:22:28Z,library_hours:6,6,2026-09-08,America/Vancouver,regular,6am - 12am,open,06:00,00:00,True,library_hours:6:2026-09,e7f07276f7e4fb7494386b19a890452a74bbc4e9494e72f3648da903cd2350d3
library_hours:6:2026-09-09,https://hours.library.ubc.ca/#ikblc,vancouver,2026-09-10T23:22:28Z,library_hours:6,6,2026-09-09,America/Vancouver,regular,6am - 12am,open,06:00,00:00,True,library_hours:6:2026-09,5130b5f5ac7ecfd7a411792037a3d4659ac51dd2bc421eb162b94ec214509dd4
library_hours:6:2026-09-10,https://hours.library.ubc.ca/#ikblc,vancouver,2026-09-10T23:22:28Z,library_hours:6,6,2026-09-10,America/Vancouver,regular,6am - 12am,open,06:00,00:00,True,library_hours:6:2026-09,5b2d017ca7dfe9653fb0eca8433e4bfbd1b08df5d7508c3a26e49a67bb3a9de5
library_hours:6:2026-09-11,https://hours.library.ubc.ca/#ikblc,vancouver,2026-09-10T23:22:28Z,library_hours:6,6,2026-09-11,America/Vancouver,regular,6am - 12am,open,06:00,00:00,True,library_hours:6:2026-09,aec78aa484b6e30ebc745f585d5629faaff5f930d1350e0902042c75af6c5ee2
library_hours:6:2026-09-12,https://hours.library.ubc.ca/#ikblc,vancouver,2026-09-10T23:22:28Z,library_hours:6,6,2026-09-12,America/Vancouver,regular,6am - 12am,open,06:00,00:00,True,library_hours:6:2026-09,5cc2e502729dcefd22c7e5312eae7d62786bea4d762cbd3edaae2f4179e9b05d
library_hours:6:2026-09-13,https://hours.library.ubc.ca/#ikblc,vancouver,2026-09-10T23:22:28Z,library_hours:6,6,2026-09-13,America/Vancouver,regular,6am - 12am,open,06:00,00:00,True,library_hours:6:2026-09,d5ce758229ce844e24458a0a387a5b9529b7483583fce678ef2e5acd285be83f
library_hours:6:2026-09-14,https://hours.library.ubc.ca/#ikblc,vancouver,2026-09-10T23:22:28Z,library_hours:6,6,2026-09-14,America/Vancouver,regular,6am - 12am,open,06:00,00:00,True,library_hours:6:2026-09,95aa59fb0d7fc803f051a230de68274cde9d08f65973c582d1561e5bbab8c555
library_hours:6:2026-09-15,https://hours.library.ubc.ca/#ikblc,vancouver,2026-09-10T23:22:28Z,library_hours:6,6,2026-09-15,America/Vancouver,regular,6am - 12am,open,06:00,00:00,True,library_hours:6:2026-09,c7bce2cfd33aa9433b6460c782f6110c03f44d7ac35fdac8c9943abe67d01d45
library_hours:6:2026-09-16,https://hours.library.ubc.ca/#ikblc,vancouver,2026-09-10T23:22:28Z,library_hours:6,6,2026-09-16,America/Vancouver,regular,6am - 12am,open,06:00,00:00,True,library_hours:6:2026-09,f5a9359c3e9f5a7ef84767b165cb2fe1233e36c018e44db2e264aea53ee41b9f
library_hours:6:2026-09-17,https://hours.library.ubc.ca/#ikblc,vancouver,2026-09-10T23:22:28Z,library_hours:6,6,2026-09-17,America/Vancouver,regular,6am - 12am,open,06:00,00:00,True,library_hours:6:2026-09,c09736f97b98c96b6c56289617a4e23cdcea46f7dba12a8d8dd1d51a8597cd9b
library_hours:6:2026-09-18,https://hours.library.ubc.ca/#ikblc,vancouver,2026-09-10T23:22:28Z,library_hours:6,6,2026-09-18,America/Vancouver,regular,6am - 12am,open,06:00,00:00,True,library_hours:6:2026-09,20610861c782c7db887f56ac4b1d5c541d5548379ef8b74e8746d54b6a6d6c8a
library_hours:6:2026-09-19,https://hours.library.ubc.ca/#ikblc,vancouver,2026-09-10T23:22:28Z,library_hours:6,6,2026-09-19,America/Vancouver,regular,6am - 12am,open,06:00,00:00,True,library_hours:6:2026-09,000c7e289663b4088e68119745427b892b8a9ec33f4ff3eba9058ed97402b906
library_hours:6:2026-09-20,https://hours.library.ubc.ca/#ikblc,vancouver,2026-09-10T23:22:28Z,library_hours:6,6,2026-09-20,America/Vancouver,regular,6am - 12am,open,06:00,00:00,True,library_hours:6:2026-09,8ebff973e4506db8d6edeae362e75dda2fea02a563c86826dba4f6c799aa3b7f
library_hours:6:2026-09-21,https://hours.library.ubc.ca/#ikblc,vancouver,2026-09-10T23:22:28Z,library_hours:6,6,2026-09-21,America/Vancouver,regular,6am - 12am,open,06:00,00:00,True,library_hours:6:2026-09,06be9c126f4bea7b439b45c9a7dcfacfb900660ade366690a822f3ce96ee16ac
library_hours:6:2026-09-22,https://hours.library.ubc.ca/#ikblc,vancouver,2026-09-10T23:22:28Z,library_hours:6,6,2026-09-22,America/Vancouver,regular,6am - 12am,open,06:00,00:00,True,library_hours:6:2026-09,1a67ffa185bf077f9d8337cb5c4b0256da8bc625b6caf39837bd9f1acce74b7c
library_hours:6:2026-09-23,https://hours.library.ubc.ca/#ikblc,vancouver,2026-09-10T23:22:28Z,library_hours:6,6,2026-09-23,America/Vancouver,regular,6am - 12am,open,06:00,00:00,True,library_hours:6:2026-09,74f5c8c564ead0a23789a62455f2ff487d48e3c6a0e554704ce5872e42a565dd
library_hours:6:2026-09-24,https://hours.library.ubc.ca/#ikblc,vancouver,2026-09-10T23:22:28Z,library_hours:6,6,2026-09-24,America/Vancouver,regular,6am - 12am,open,06:00,00:00,True,library_hours:6:2026-09,1645f0bec97ff83db3e257462d921c60a25f3f6ebbfa258f72da09343623647b
library_hours:6:2026-09-25,https://hours.library.ubc.ca/#ikblc,vancouver,2026-09-10T23:22:28Z,library_hours:6,6,2026-09-25,America/Vancouver,regular,6am - 12am,open,06:00,00:00,True,library_hours:6:2026-09,b6c6c716e26fa0ad6be38c01517e245de5540bcaf5167f41b0a594a14b80a59c
library_hours:6:2026-09-26,https://hours.library.ubc.ca/#ikblc,vancouver,2026-09-10T23:22:28Z,library_hours:6,6,2026-09-26,America/Vancouver,regular,6am - 12am,open,06:00,00:00,True,library_hours:6:2026-09,32665096c854dd8b032f4c19e23f2bf7001a298d513bee5867cd236f90abbd12
library_hours:6:2026-09-27,https://hours.library.ubc.ca/#ikblc,vancouver,2026-09-10T23:22:28Z,library_hours:6,6,2026-09-27,America/Vancouver,regular,6am - 12am,open,06:00,00:00,True,library_hours:6:2026-09,b9184a6180e46cfa13a94a3863c991e132139e89f74a2ed94be8ed30c41fdc9c
library_hours:6:2026-09-28,https://hours.library.ubc.ca/#ikblc,vancouver,2026-09-10T23:22:28Z,library_hours:6,6,2026-09-28,America/Vancouver,regular,6am - 12am,open,06:00,00:00,True,library_hours:6:2026-09,c12dc8997af10bd3cbc150f93193f1472072f9ebc311d6c306205dd607167d66
library_hours:6:2026-09-29,https://hours.library.ubc.ca/#ikblc,vancouver,2026-09-10T23:22:28Z,library_hours:6,6,2026-09-29,America/Vancouver,regular,6am - 12am,open,06:00,00:00,True,library_hours:6:2026-09,8a75df2268015591015fb26fcd9af42619457f367ab478286dadddb6dfa7bf98
library_hours:6:2026-09-30,https://hours.library.ubc.ca/#ikblc,vancouver,2026-09-10T23:22:28Z,library_hours:6,6,2026-09-30,America/Vancouver,holiday,6am - 12am,open,06:00,00:00,True,library_hours:6:2026-09,1004e29824a6897950aba93c178ee714fa8d3dc44e77871d4afcdb34dfeee53a
library_hours:6:2026-10-01,https://hours.library.ubc.ca/#ikblc,vancouver,2026-09-10T23:22:28Z,library_hours:6,6,2026-10-01,America/Vancouver,regular,6am - 12am,open,06:00,00:00,True,library_hours:6:2026-10,b890bbe71cbe9e29c1ded0f5ed28941c0781b45199d6b8ab61e0d47096446ec5
library_hours:6:2026-10-02,https://hours.library.ubc.ca/#ikblc,vancouver,2026-09-10T23:22:28Z,library_hours:6,6,2026-10-02,America/Vancouver,regular,6am - 12am,open,06:00,00:00,True,library_hours:6:2026-10,11d6ace3dc621d8c3857d480769c249397f7294336d0b69fe2410466ba84d1ff
library_hours:6:2026-10-03,https://hours.library.ubc.ca/#ikblc,vancouver,2026-09-10T23:22:28Z,library_hours:6,6,2026-10-03,America/Vancouver,regular,6am - 12am,open,06:00,00:00,True,library_hours:6:2026-10,4c381d133882956d30ca4f19c7d0501c3818dda47dbc3041e43cf583c4ae1cd3
library_hours:6:2026-10-04,https://hours.library.ubc.ca/#ikblc,vancouver,2026-09-10T23:22:28Z,library_hours:6,6,2026-10-04,America/Vancouver,regular,6am - 12am,open,06:00,00:00,True,library_hours:6:2026-10,f9775319f2b0d9dea64f11b52d9457ec5be42ddac9af975a264c854723656427
library_hours:6:2026-10-05,https://hours.library.ubc.ca/#ikblc,vancouver,2026-09-10T23:22:28Z,library_hours:6,6,2026-10-05,America/Vancouver,regular,6am - 12am,open,06:00,00:00,True,library_hours:6:2026-10,d5f80cecbaff67c9c5a14468dbac0dd224aedf6c473dcee1c5a75f785c64e40e
library_hours:6:2026-10-06,https://hours.library.ubc.ca/#ikblc,vancouver,2026-09-10T23:22:28Z,library_hours:6,6,2026-10-06,America/Vancouver,regular,6am - 12am,open,06:00,00:00,True,library_hours:6:2026-10,00e7df2ed401c3df9e8b9aa5d71fc79593bea47dda9690b7f60085eacc465943
library_hours:6:2026-10-07,https://hours.library.ubc.ca/#ikblc,vancouver,2026-09-10T23:22:28Z,library_hours:6,6,2026-10-07,America/Vancouver,regular,6am - 12am,open,06:00,00:00,True,library_hours:6:2026-10,759a53c55201fc8a39c51a35cf952dbe59959013ce5b6284d7e7bb037cd4ef61
library_hours:6:2026-10-08,https://hours.library.ubc.ca/#ikblc,vancouver,2026-09-10T23:22:28Z,library_hours:6,6,2026-10-08,America/Vancouver,regular,6am - 12am,open,06:00,00:00,True,library_hours:6:2026-10,60d66313a962ec1091168d2cc432660da391b3dbe09e92ad6dbbd8ab05faa9c6
library_hours:6:2026-10-09,https://hours.library.ubc.ca/#ikblc,vancouver,2026-09-10T23:22:28Z,library_hours:6,6,2026-10-09,America/Vancouver,regular,6am - 12am,open,06:00,00:00,True,library_hours:6:2026-10,517046c1cae0e77ef13f23b3fb0dd1037c8bed034a2c6641d33c5fa348d6a8a4
library_hours:6:2026-10-10,https://hours.library.ubc.ca/#ikblc,vancouver,2026-09-10T23:22:28Z,library_hours:6,6,2026-10-10,America/Vancouver,regular,6am - 12am,open,06:00,00:00,True,library_hours:6:2026-10,4b69430ecd9f9d598280ad9494684bd58b25a04e2f1e94eaa36df367842a4727
library_hours:6:2026-10-11,https://hours.library.ubc.ca/#ikblc,vancouver,2026-09-10T23:22:28Z,library_hours:6,6,2026-10-11,America/Vancouver,regular,6am - 12am,open,06:00,00:00,True,library_hours:6:2026-10,62d9038553a170c6d6bfbe588fbc66c16d5ee667db46c96345c613c9ad1d77dc
library_hours:6:2026-10-12,https://hours.library.ubc.ca/#ikblc,vancouver,2026-09-10T23:22:28Z,library_hours:6,6,2026-10-12,America/Vancouver,holiday,6am - 12am,open,06:00,00:00,True,library_hours:6:2026-10,5a88197881ebb46f56df6474d96c1ec5eef6b95c8efed681dbce02d4cdbc36e8
library_hours:6:2026-10-13,https://hours.library.ubc.ca/#ikblc,vancouver,2026-09-10T23:22:28Z,library_hours:6,6,2026-10-13,America/Vancouver,regular,6am - 12am,open,06:00,00:00,True,library_hours:6:2026-10,f718081f81ba0712336c9d2c164c523ad786814caa1bc8b4806f585022629022
library_hours:6:2026-10-14,https://hours.library.ubc.ca/#ikblc,vancouver,2026-09-10T23:22:28Z,library_hours:6,6,2026-10-14,America/Vancouver,regular,6am - 12am,open,06:00,00:00,True,library_hours:6:2026-10,b1b43d7b6da59d8e00daff21c226809c51d919744630e8dd431e61e0fda388cb
library_hours:6:2026-10-15,https://hours.library.ubc.ca/#ikblc,vancouver,2026-09-10T23:22:28Z,library_hours:6,6,2026-10-15,America/Vancouver,regular,6am - 12am,open,06:00,00:00,True,library_hours:6:2026-10,5091bdb5a67bc494584158c95ec4e387fead1526f3bd4165fd131209072871a8
library_hours:6:2026-10-16,https://hours.library.ubc.ca/#ikblc,vancouver,2026-09-10T23:22:28Z,library_hours:6,6,2026-10-16,America/Vancouver,regular,6am - 12am,open,06:00,00:00,True,library_hours:6:2026-10,0a6c5ba98348445556b39226db9157d4ddfc510aae568d135491bcff90efba54
library_hours:6:2026-10-17,https://hours.library.ubc.ca/#ikblc,vancouver,2026-09-10T23:22:28Z,library_hours:6,6,2026-10-17,America/Vancouver,regular,6am - 12am,open,06:00,00:00,True,library_hours:6:2026-10,6df760c22454c0ff0a4e6089bd3791e9e26bd8fb4b7005a53c0dcc5958f70133
library_hours:6:2026-10-18,https://hours.library.ubc.ca/#ikblc,vancouver,2026-09-10T23:22:28Z,library_hours:6,6,2026-10-18,America/Vancouver,regular,6am - 12am,open,06:00,00:00,True,library_hours:6:2026-10,adef9d51b3198df200fb4ea6febba78e89353675b47dd8d752c180e9c00e2cb8
library_hours:6:2026-10-19,https://hours.library.ubc.ca/#ikblc,vancouver,2026-09-10T23:22:28Z,library_hours:6,6,2026-10-19,America/Vancouver,regular,6am - 12am,open,06:00,00:00,True,library_hours:6:2026-10,2f048aeb03e2288b1dc70f8d46f57d025a5375a23dcdb9f8301a194c9d1f193f
library_hours:6:2026-10-20,https://hours.library.ubc.ca/#ikblc,vancouver,2026-09-10T23:22:28Z,library_hours:6,6,2026-10-20,America/Vancouver,regular,6am - 12am,open,06:00,00:00,True,library_hours:6:2026-10,8111a73a0dfa2b13a524365348dd1ed208234f72ff650a6ea87f78b5275f6cf2
library_hours:6:2026-10-21,https://hours.library.ubc.ca/#ikblc,vancouver,2026-09-10T23:22:28Z,library_hours:6,6,2026-10-21,America/Vancouver,regular,6am - 12am,open,06:00,00:00,True,library_hours:6:2026-10,f8ff6a89731604d0a93a81d220aab0f31c3ba07ea2d36b858e0a9abc2e9b56fd
library_hours:6:2026-10-22,https://hours.library.ubc.ca/#ikblc,vancouver,2026-09-10T23:22:28Z,library_hours:6,6,2026-10-22,America/Vancouver,regular,6am - 12am,open,06:00,00:00,True,library_hours:6:2026-10,898ff58c2491ebef1f529ea3305fa9c2c4bef970c9d832e6819bd12bdb931f48
library_hours:6:2026-10-23,https://hours.library.ubc.ca/#ikblc,vancouver,2026-09-10T23:22:28Z,library_hours:6,6,2026-10-23,America/Vancouver,regular,6am - 12am,open,06:00,00:00,True,library_hours:6:2026-10,151177ad3b851280290c7cff879349f1a2c1844fe0ad73dc83b824a5644d9dae
library_hours:6:2026-10-24,https://hours.library.ubc.ca/#ikblc,vancouver,2026-09-10T23:22:28Z,library_hours:6,6,2026-10-24,America/Vancouver,regular,6am - 12am,open,06:00,00:00,True,library_hours:6:2026-10,8357ecbfc89f03c17aa3e0ec1fd71779977fcf54b284167818fe563a6a52a104
library_hours:6:2026-10-25,https://hours.library.ubc.ca/#ikblc,vancouver,2026-09-10T23:22:28Z,library_hours:6,6,2026-10-25,America/Vancouver,regular,6am - 12am,open,06:00,00:00,True,library_hours:6:2026-10,306e1943715f67bf9abf9804d0715b4dc8e75128d9e8ab0bf813815a92934d2d
library_hours:6:2026-10-26,https://hours.library.ubc.ca/#ikblc,vancouver,2026-09-10T23:22:28Z,library_hours:6,6,2026-10-26,America/Vancouver,regular,6am - 12am,open,06:00,00:00,True,library_hours:6:2026-10,f20b95612ab57123a26b60b314148bdd7d2635ff2fee501a57862acd24e23aa3
library_hours:6:2026-10-27,https://hours.library.ubc.ca/#ikblc,vancouver,2026-09-10T23:22:28Z,library_hours:6,6,2026-10-27,America/Vancouver,regular,6am - 12am,open,06:00,00:00,True,library_hours:6:2026-10,87630b5020e5f1ad1d2d6e1d178b6aabae0c23e6fcbc852be4b970b15e6dd1ee
library_hours:6:2026-10-28,https://hours.library.ubc.ca/#ikblc,vancouver,2026-09-10T23:22:28Z,library_hours:6,6,2026-10-28,America/Vancouver,regular,6am - 12am,open,06:00,00:00,True,library_hours:6:2026-10,4c688ebad0a3588c36d952ee4f9c0fda4408bb97365ce2f9dc0721c5bec6430e
library_hours:6:2026-10-29,https://hours.library.ubc.ca/#ikblc,vancouver,2026-09-10T23:22:28Z,library_hours:6,6,2026-10-29,America/Vancouver,regular,6am - 12am,open,06:00,00:00,True,library_hours:6:2026-10,415acb2f6c791a89decad3ff543a1b0d519779d03ec175a916ef9e4c2da29fa6
library_hours:6:2026-10-30,https://hours.library.ubc.ca/#ikblc,vancouver,2026-09-10T23:22:28Z,library_hours:6,6,2026-10-30,America/Vancouver,regular,6am - 12am,open,06:00,00:00,True,library_hours:6:2026-10,2b1705f708bf3b1913f48a09956ba497fafb84eab5ebe3991b7c10e5c94975ec
library_hours:6:2026-10-31,https://hours.library.ubc.ca/#ikblc,vancouver,2026-09-10T23:22:28Z,library_hours:6,6,2026-10-31,America/Vancouver,regular,6am - 12am,open,06:00,00:00,True,library_hours:6:2026-10,f05b8a82f110bf21528aaa67ab30049acd97887bdf0a43159a704ac83e3bac5c
library_hours:6:2026-11-01,https://hours.library.ubc.ca/#ikblc,vancouver,2026-09-10T23:22:28Z,library_hours:6,6,2026-11-01,America/Vancouver,regular,6am - 12am,open,06:00,00:00,True,library_hours:6:2026-11,92ab0470952059388f25059b62dc612131b9f2f1e223b12cd23a65ec059e3f30
library_hours:6:2026-11-02,https://hours.library.ubc.ca/#ikblc,vancouver,2026-09-10T23:22:28Z,library_hours:6,6,2026-11-02,America/Vancouver,regular,6am - 12am,open,06:00,00:00,True,library_hours:6:2026-11,bbe52131d48ff61fcb4905d01e53aebccc1796752c710e61cf018691ee2d45a1
library_hours:6:2026-11-03,https://hours.library.ubc.ca/#ikblc,vancouver,2026-09-10T23:22:28Z,library_hours:6,6,2026-11-03,America/Vancouver,regular,6am - 12am,open,06:00,00:00,True,library_hours:6:2026-11,312935d3a1ad75af909e7f912b75dcc72ceb8adfd502683f1b857cab44e6bfe2
library_hours:6:2026-11-04,https://hours.library.ubc.ca/#ikblc,vancouver,2026-09-10T23:22:28Z,library_hours:6,6,2026-11-04,America/Vancouver,regular,6am - 12am,open,06:00,00:00,True,library_hours:6:2026-11,abe1adbde5f828f91c4f946a7d508e19fe7356de0f915b048d744ba16378dd7d
library_hours:6:2026-11-05,https://hours.library.ubc.ca/#ikblc,vancouver,2026-09-10T23:22:28Z,library_hours:6,6,2026-11-05,America/Vancouver,regular,6am - 12am,open,06:00,00:00,True,library_hours:6:2026-11,29fe0e8af1d151533c8a80d727e6310717035a7127efd6b005e66864b06b6748
library_hours:6:2026-11-06,https://hours.library.ubc.ca/#ikblc,vancouver,2026-09-10T23:22:28Z,library_hours:6,6,2026-11-06,America/Vancouver,regular,6am - 12am,open,06:00,00:00,True,library_hours:6:2026-11,ae29160ed689e168838ca08d1b83f7ccdf840518701f51675773ebeebd40c812
library_hours:6:2026-11-07,https://hours.library.ubc.ca/#ikblc,vancouver,2026-09-10T23:22:28Z,library_hours:6,6,2026-11-07,America/Vancouver,regular,6am - 12am,open,06:00,00:00,True,library_hours:6:2026-11,35fd708d53379dce11c27b88d7d0ccad5f518bdcd80fc8860b7e44aa125bacfe
library_hours:6:2026-11-08,https://hours.library.ubc.ca/#ikblc,vancouver,2026-09-10T23:22:28Z,library_hours:6,6,2026-11-08,America/Vancouver,regular,6am - 12am,open,06:00,00:00,True,library_hours:6:2026-11,cb84adb54711789716bf8d27200a362ff09820d9145dd4c6dc48dc301cae286c
library_hours:6:2026-11-09,https://hours.library.ubc.ca/#ikblc,vancouver,2026-09-10T23:22:28Z,library_hours:6,6,2026-11-09,America/Vancouver,exception,6am - 12am,open,06:00,00:00,True,library_hours:6:2026-11,989fba31ddd8357eb45073775c83cf5ee95c128a8027fdb2a37b8eb7a1cabbfd
library_hours:6:2026-11-10,https://hours.library.ubc.ca/#ikblc,vancouver,2026-09-10T23:22:28Z,library_hours:6,6,2026-11-10,America/Vancouver,exception,6am - 12am,open,06:00,00:00,True,library_hours:6:2026-11,7a3739de5455387f43dffeddee2185ce7f4453cb816f9068ad95ea52074e932b
library_hours:6:2026-11-11,https://hours.library.ubc.ca/#ikblc,vancouver,2026-09-10T23:22:28Z,library_hours:6,6,2026-11-11,America/Vancouver,holiday,6am - 12am,open,06:00,00:00,True,library_hours:6:2026-11,508181be74c137abf84fe99629224873d69e4ba941fd828dcc616b619dbd859a
library_hours:6:2026-11-12,https://hours.library.ubc.ca/#ikblc,vancouver,2026-09-10T23:22:28Z,library_hours:6,6,2026-11-12,America/Vancouver,regular,6am - 12am,open,06:00,00:00,True,library_hours:6:2026-11,db81e3c91b5322aa3a884c21ccd6aa45741ae8ddcec0b7d31040f8f7e33e096a
library_hours:6:2026-11-13,https://hours.library.ubc.ca/#ikblc,vancouver,2026-09-10T23:22:28Z,library_hours:6,6,2026-11-13,America/Vancouver,regular,6am - 12am,open,06:00,00:00,True,library_hours:6:2026-11,e9a2b9ef713684842e29b396855a27fda799ef5686d4187f23abe9f2f79e2757
library_hours:6:2026-11-14,https://hours.library.ubc.ca/#ikblc,vancouver,2026-09-10T23:22:28Z,library_hours:6,6,2026-11-14,America/Vancouver,regular,6am - 12am,open,06:00,00:00,True,library_hours:6:2026-11,eab4754074ae52891348533862ec086e0bdb786d5db0bed9a8381605fd68c789
library_hours:6:2026-11-15,https://hours.library.ubc.ca/#ikblc,vancouver,2026-09-10T23:22:28Z,library_hours:6,6,2026-11-15,America/Vancouver,regular,6am - 12am,open,06:00,00:00,True,library_hours:6:2026-11,43418b91574c5ee3a07fee93c0276cbd6b325439764db6686a4bd9ecda67b1e4
library_hours:6:2026-11-16,https://hours.library.ubc.ca/#ikblc,vancouver,2026-09-10T23:22:28Z,library_hours:6,6,2026-11-16,America/Vancouver,regular,6am - 12am,open,06:00,00:00,True,library_hours:6:2026-11,db7b4e9281cd9306ff465cf34a02370cd6d8603f28971ee8a851c6984d392132
library_hours:6:2026-11-17,https://hours.library.ubc.ca/#ikblc,vancouver,2026-09-10T23:22:28Z,library_hours:6,6,2026-11-17,America/Vancouver,regular,6am - 12am,open,06:00,00:00,True,library_hours:6:2026-11,112391280d9b4c8990ae610ce7512621643583edf462011b77ab3c2c5ec13dd7
library_hours:6:2026-11-18,https://hours.library.ubc.ca/#ikblc,vancouver,2026-09-10T23:22:28Z,library_hours:6,6,2026-11-18,America/Vancouver,regular,6am - 12am,open,06:00,00:00,True,library_hours:6:2026-11,7818e047b87337024e5e93a3a3e8fbead370543476343bf38e616915f920e68d
library_hours:6:2026-11-19,https://hours.library.ubc.ca/#ikblc,vancouver,2026-09-10T23:22:28Z,library_hours:6,6,2026-11-19,America/Vancouver,regular,6am - 12am,open,06:00,00:00,True,library_hours:6:2026-11,a80700b6f7d6db81dd8bd98d0db2bb9d11d57afecfae8ded6fe0afbb0f899a50
library_hours:6:2026-11-20,https://hours.library.ubc.ca/#ikblc,vancouver,2026-09-10T23:22:28Z,library_hours:6,6,2026-11-20,America/Vancouver,regular,6am - 12am,open,06:00,00:00,True,library_hours:6:2026-11,406aabd6ffb31608c3ebf151d72a9a5f5c61931534829f0a6bb177b1dfa452cf
library_hours:6:2026-11-21,https://hours.library.ubc.ca/#ikblc,vancouver,2026-09-10T23:22:28Z,library_hours:6,6,2026-11-21,America/Vancouver,regular,6am - 12am,open,06:00,00:00,True,library_hours:6:2026-11,dd6a267c3385be7c44e714d7aa547d6c1bb76d87d44c3cd496eea355ed48eeb5
library_hours:6:2026-11-22,https://hours.library.ubc.ca/#ikblc,vancouver,2026-09-10T23:22:28Z,library_hours:6,6,2026-11-22,America/Vancouver,regular,6am - 12am,open,06:00,00:00,True,library_hours:6:2026-11,eb353bb446451dc8228d1aceaa4b0ad3f00ae2c722a3cd2769ae9246706155b0
library_hours:6:2026-11-23,https://hours.library.ubc.ca/#ikblc,vancouver,2026-09-10T23:22:28Z,library_hours:6,6,2026-11-23,America/Vancouver,regular,6am - 12am,open,06:00,00:00,True,library_hours:6:2026-11,ae824aa3a8735035f17f19a6d4aaba125f5ea4fde0d2843150baec779da13fd7
library_hours:6:2026-11-24,https://hours.library.ubc.ca/#ikblc,vancouver,2026-09-10T23:22:28Z,library_hours:6,6,2026-11-24,America/Vancouver,regular,6am - 12am,open,06:00,00:00,True,library_hours:6:2026-11,312a235c89d4cad61b0ad7f180383882dde7e77183c7d8fd6cff0e8b4c5194bf
library_hours:6:2026-11-25,https://hours.library.ubc.ca/#ikblc,vancouver,2026-09-10T23:22:28Z,library_hours:6,6,2026-11-25,America/Vancouver,regular,6am - 12am,open,06:00,00:00,True,library_hours:6:2026-11,d484f9e37a9d0cdba7796afb30bb2341a18f2da17606f26449877fbbd8d00a63
library_hours:6:2026-11-26,https://hours.library.ubc.ca/#ikblc,vancouver,2026-09-10T23:22:28Z,library_hours:6,6,2026-11-26,America/Vancouver,regular,6am - 12am,open,06:00,00:00,True,library_hours:6:2026-11,7e98840aa47bc0e904011aebee286018856ba5831fd4a0d392fec60e0e8cb303
library_hours:6:2026-11-27,https://hours.library.ubc.ca/#ikblc,vancouver,2026-09-10T23:22:28Z,library_hours:6,6,2026-11-27,America/Vancouver,regular,6am - 12am,open,06:00,00:00,True,library_hours:6:2026-11,5ba9d75006b2e6df894057ec773c1806c45fe7795bd4cf436154f0f03d41a9d1
library_hours:6:2026-11-28,https://hours.library.ubc.ca/#ikblc,vancouver,2026-09-10T23:22:28Z,library_hours:6,6,2026-11-28,America/Vancouver,regular,6am - 12am,open,06:00,00:00,True,library_hours:6:2026-11,e41c7c79e01b443e8fd1e64ea74454947caebb9e1255ec4827f5a1d0688969fd
library_hours:6:2026-11-29,https://hours.library.ubc.ca/#ikblc,vancouver,2026-09-10T23:22:28Z,library_hours:6,6,2026-11-29,America/Vancouver,regular,6am - 12am,open,06:00,00:00,True,library_hours:6:2026-11,31184116bef5cf057a76548f62eae1368e0bf71cf4d5fe3e63a2e40b0e5b3a26
library_hours:6:2026-11-30,https://hours.library.ubc.ca/#ikblc,vancouver,2026-09-10T23:22:28Z,library_hours:6,6,2026-11-30,America/Vancouver,regular,6am - 12am,open,06:00,00:00,True,library_hours:6:2026-11,3a85a05512837066b08efa7e1e30ed3b853c887c242df9c8f63e8eaad566b33d
library_hours:6:2026-12-01,https://hours.library.ubc.ca/#ikblc,vancouver,2026-09-10T23:22:28Z,library_hours:6,6,2026-12-01,America/Vancouver,regular,6am - 12am,open,06:00,00:00,True,library_hours:6:2026-12,e548b2602108b5285597ae406fc7434d771fc65df993d5c6ae7cff1d74473bbc
library_hours:6:2026-12-02,https://hours.library.ubc.ca/#ikblc,vancouver,2026-09-10T23:22:28Z,library_hours:6,6,2026-12-02,America/Vancouver,regular,6am - 12am,open,06:00,00:00,True,library_hours:6:2026-12,9564f32209535fe51d5e4976c021b53951639cd12551e150d7d705bd466c423f
library_hours:6:2026-12-03,https://hours.library.ubc.ca/#ikblc,vancouver,2026-09-10T23:22:28Z,library_hours:6,6,2026-12-03,America/Vancouver,regular,6am - 12am,open,06:00,00:00,True,library_hours:6:2026-12,ff2ee76b36ce15977d056d015fedbd5ced32577dc4fcfd6df756c3e61dbaaa26
library_hours:6:2026-12-04,https://hours.library.ubc.ca/#ikblc,vancouver,2026-09-10T23:22:28Z,library_hours:6,6,2026-12-04,America/Vancouver,regular,6am - 12am,open,06:00,00:00,True,library_hours:6:2026-12,2eb2621fc981c18d7fc88534a3fd6cc41a3be546000794d133ba42534ee9e8ac
library_hours:6:2026-12-05,https://hours.library.ubc.ca/#ikblc,vancouver,2026-09-10T23:22:28Z,library_hours:6,6,2026-12-05,America/Vancouver,regular,6am - 12am,open,06:00,00:00,True,library_hours:6:2026-12,9a45b7f61cd9552aad4bcb553ca03c2ecf0bc382ccfb7941fc4c63d3599aa4f5
library_hours:6:2026-12-06,https://hours.library.ubc.ca/#ikblc,vancouver,2026-09-10T23:22:28Z,library_hours:6,6,2026-12-06,America/Vancouver,regular,6am - 12am,open,06:00,00:00,True,library_hours:6:2026-12,e96c52d569e04ada591edcb7a49ede904235ca3058e9ccaedefbb3b9f0af179e
library_hours:6:2026-12-07,https://hours.library.ubc.ca/#ikblc,vancouver,2026-09-10T23:22:28Z,library_hours:6,6,2026-12-07,America/Vancouver,regular,6am - 12am,open,06:00,00:00,True,library_hours:6:2026-12,cf317643c04556243909421728385f700d025f07c52252d1cb4600bb1a849c9a
library_hours:6:2026-12-08,https://hours.library.ubc.ca/#ikblc,vancouver,2026-09-10T23:22:28Z,library_hours:6,6,2026-12-08,America/Vancouver,regular,6am - 12am,open,06:00,00:00,True,library_hours:6:2026-12,59f0e8c3e1c499abf975ed52ba9ea60f2e21bee389986aeda72a744a6cc10e1e
library_hours:6:2026-12-09,https://hours.library.ubc.ca/#ikblc,vancouver,2026-09-10T23:22:28Z,library_hours:6,6,2026-12-09,America/Vancouver,regular,6am - 12am,open,06:00,00:00,True,library_hours:6:2026-12,2eb23b0be7ef3a72476dfdffd0772026500ea4143ced3895e0f5e6f132fbcbb8
library_hours:6:2026-12-10,https://hours.library.ubc.ca/#ikblc,vancouver,2026-09-10T23:22:28Z,library_hours:6,6,2026-12-10,America/Vancouver,regular,6am - 12am,open,06:00,00:00,True,library_hours:6:2026-12,c677c769519e8888073b264e6ca126334a3ec4f0a0553721c94f6fb55a98c842
library_hours:6:2026-12-11,https://hours.library.ubc.ca/#ikblc,vancouver,2026-09-10T23:22:28Z,library_hours:6,6,2026-12-11,America/Vancouver,regular,6am - 12am,open,06:00,00:00,True,library_hours:6:2026-12,3a66fad3e3a9834148b7defc98f8add2f259c45a071c8667eababf61a06a09e1
library_hours:6:2026-12-12,https://hours.library.ubc.ca/#ikblc,vancouver,2026-09-10T23:22:28Z,library_hours:6,6,2026-12-12,America/Vancouver,exam,6am - 1am,open,06:00,01:00,True,library_hours:6:2026-12,ec0069bc68f1b5f66984f87ad94150c915718401c8700f53c0d2abbf07ae1d95
library_hours:6:2026-12-13,https://hours.library.ubc.ca/#ikblc,vancouver,2026-09-10T23:22:28Z,library_hours:6,6,2026-12-13,America/Vancouver,exam,6am - 1am,open,06:00,01:00,True,library_hours:6:2026-12,9ca9107477c4092a4993b6b7a09dba628b9b2ad2e185cad293f30bc614dcf668
library_hours:6:2026-12-14,https://hours.library.ubc.ca/#ikblc,vancouver,2026-09-10T23:22:28Z,library_hours:6,6,2026-12-14,America/Vancouver,exam,6am - 1am,open,06:00,01:00,True,library_hours:6:2026-12,ad8ddf7f30ed4f9ef6185df3fe29c674adcb3d3c02c06fefc3493558d93f510c
library_hours:6:2026-12-15,https://hours.library.ubc.ca/#ikblc,vancouver,2026-09-10T23:22:28Z,library_hours:6,6,2026-12-15,America/Vancouver,exam,6am - 1am,open,06:00,01:00,True,library_hours:6:2026-12,7e77364a9bb9b083ff8795db4251536a7702e1b46de9e8a358d835591afcab57
library_hours:6:2026-12-16,https://hours.library.ubc.ca/#ikblc,vancouver,2026-09-10T23:22:28Z,library_hours:6,6,2026-12-16,America/Vancouver,exam,6am - 1am,open,06:00,01:00,True,library_hours:6:2026-12,7b1cc3eb9266af61e911cd8b7002c3a8cf2158e9789a4e2e3151311983dae36d
library_hours:6:2026-12-17,https://hours.library.ubc.ca/#ikblc,vancouver,2026-09-10T23:22:28Z,library_hours:6,6,2026-12-17,America/Vancouver,exam,6am - 1am,open,06:00,01:00,True,library_hours:6:2026-12,0ba7e2cbc987fc25169d79d1b15fe05324861782b617b8ad925b67959227f4be
library_hours:6:2026-12-18,https://hours.library.ubc.ca/#ikblc,vancouver,2026-09-10T23:22:28Z,library_hours:6,6,2026-12-18,America/Vancouver,exam,6am - 1am,open,06:00,01:00,True,library_hours:6:2026-12,89bc8ae29e5b655887e4f21868118882b9d0b58bbc3c02e41d5009c5aa32ea31
library_hours:6:2026-12-19,https://hours.library.ubc.ca/#ikblc,vancouver,2026-09-10T23:22:28Z,library_hours:6,6,2026-12-19,America/Vancouver,exam,6am - 1am,open,06:00,01:00,True,library_hours:6:2026-12,3758454fd0674c26ebf6d8f028da32cc0aab478238d366963a55d35d1e777524
library_hours:6:2026-12-20,https://hours.library.ubc.ca/#ikblc,vancouver,2026-09-10T23:22:28Z,library_hours:6,6,2026-12-20,America/Vancouver,exam,6am - 1am,open,06:00,01:00,True,library_hours:6:2026-12,2583c38da0f73cbb4b4b22c18aaa941657a0e77b7bdc8e0429289e83b7625664
library_hours:6:2026-12-21,https://hours.library.ubc.ca/#ikblc,vancouver,2026-09-10T23:22:28Z,library_hours:6,6,2026-12-21,America/Vancouver,exam,6am - 1am,open,06:00,01:00,True,library_hours:6:2026-12,6d1c4324307acf5c423b5b8b55523d9735bb54cf70e0bb564633c045b1fa0a89
library_hours:6:2026-12-22,https://hours.library.ubc.ca/#ikblc,vancouver,2026-09-10T23:22:28Z,library_hours:6,6,2026-12-22,America/Vancouver,exam,6am - 1am,open,06:00,01:00,True,library_hours:6:2026-12,9f0de458e2e68d9010bc1d65cf20876181ebb38ea68b9a02d0c5de5402504f66
library_hours:6:2026-12-23,https://hours.library.ubc.ca/#ikblc,vancouver,2026-09-10T23:22:28Z,library_hours:6,6,2026-12-23,America/Vancouver,holiday,8am - 8pm,open,08:00,20:00,False,library_hours:6:2026-12,8a93dac1fe16ac7031b40aa3b6213ed7c91c0eeb43eadefdf67dbdfc6dd285b1
library_hours:6:2026-12-24,https://hours.library.ubc.ca/#ikblc,vancouver,2026-09-10T23:22:28Z,library_hours:6,6,2026-12-24,America/Vancouver,holiday,8am - 8pm,open,08:00,20:00,False,library_hours:6:2026-12,c825170b283a01604ba8697afa25f0aa531074269c18c18eb6cdc2bc5bd9c6ed
library_hours:6:2026-12-25,https://hours.library.ubc.ca/#ikblc,vancouver,2026-09-10T23:22:28Z,library_hours:6,6,2026-12-25,America/Vancouver,holiday,8am - 8pm,open,08:00,20:00,False,library_hours:6:2026-12,d8d6b41787c07e7f19cad3d11f1c8b16e2fea19f4efc284b9fbf56e87bb9ab07
library_hours:6:2026-12-26,https://hours.library.ubc.ca/#ikblc,vancouver,2026-09-10T23:22:28Z,library_hours:6,6,2026-12-26,America/Vancouver,holiday,8am - 8pm,open,08:00,20:00,False,library_hours:6:2026-12,95ef16c6e93e143c4f0b2785a0e06bea9d93aeb6f3f7f237def9991993e2d032
library_hours:6:2026-12-27,https://hours.library.ubc.ca/#ikblc,vancouver,2026-09-10T23:22:28Z,library_hours:6,6,2026-12-27,America/Vancouver,holiday,8am - 8pm,open,08:00,20:00,False,library_hours:6:2026-12,56a32cd96d1fb519e28a46a88506dd5d56018d64a8308a2a19b756a52a9adfe5
library_hours:6:2026-12-28,https://hours.library.ubc.ca/#ikblc,vancouver,2026-09-10T23:22:28Z,library_hours:6,6,2026-12-28,America/Vancouver,holiday,8am - 8pm,open,08:00,20:00,False,library_hours:6:2026-12,8aa004dc45433ad0001f7ecf7ca147f200ca4b15844e916c95c1062f05425336
library_hours:6:2026-12-29,https://hours.library.ubc.ca/#ikblc,vancouver,2026-09-10T23:22:28Z,library_hours:6,6,2026-12-29,America/Vancouver,holiday,8am - 8pm,open,08:00,20:00,False,library_hours:6:2026-12,b559dd15a73c0e569eda1feea54cd2910346ae047a5a021dd08acfb1f1b60ecf
library_hours:6:2026-12-30,https://hours.library.ubc.ca/#ikblc,vancouver,2026-09-10T23:22:28Z,library_hours:6,6,2026-12-30,America/Vancouver,holiday,8am - 8pm,open,08:00,20:00,False,library_hours:6:2026-12,c44ae71c37ae6e7a8ec5e9952d6b5e40b99da3c42a473805664ce78a029b519a
library_hours:6:2026-12-31,https://hours.library.ubc.ca/#ikblc,vancouver,2026-09-10T23:22:28Z,library_hours:6,6,2026-12-31,America/Vancouver,holiday,8am - 8pm,open,08:00,20:00,False,library_hours:6:2026-12,d004dd01c2a963bf377facc2d342a935df71224f6efa8c1033f3f5e01d8b8293
library_hours:7:2026-09-01,https://hours.library.ubc.ca/#library,vancouver,2026-09-10T23:22:28Z,library_hours:7,7,2026-09-01,America/Vancouver,exception,10am - 6pm,open,10:00,18:00,False,library_hours:7:2026-09,80f14c5a18de9d6e14feb6de6a083f22ee7500800718f998b45d2c22a5d7a046
library_hours:7:2026-09-02,https://hours.library.ubc.ca/#library,vancouver,2026-09-10T23:22:28Z,library_hours:7,7,2026-09-02,America/Vancouver,exception,10am - 6pm,open,10:00,18:00,False,library_hours:7:2026-09,c1b509eea07155e955b46a7c68835e314629b5b4e82f4be3b5a67b2d1e336ef9
library_hours:7:2026-09-03,https://hours.library.ubc.ca/#library,vancouver,2026-09-10T23:22:28Z,library_hours:7,7,2026-09-03,America/Vancouver,exception,10am - 6pm,open,10:00,18:00,False,library_hours:7:2026-09,838cf07190c4a0daffeff2f854a2b5e8c266a1646bd5e89d95163202132566dc
library_hours:7:2026-09-04,https://hours.library.ubc.ca/#library,vancouver,2026-09-10T23:22:28Z,library_hours:7,7,2026-09-04,America/Vancouver,exception,10am - 6pm,open,10:00,18:00,False,library_hours:7:2026-09,dd0e4a669b324347a2f2b1e71b0818697f2769cd7d7c18be1cad7a0069c7e213
library_hours:7:2026-09-05,https://hours.library.ubc.ca/#library,vancouver,2026-09-10T23:22:28Z,library_hours:7,7,2026-09-05,America/Vancouver,exception,Closed*,closed,,,,library_hours:7:2026-09,0f7c6192bc32a32e86eca573c594e0749fb31e90d154b395bb7f9105cee47bbf
library_hours:7:2026-09-06,https://hours.library.ubc.ca/#library,vancouver,2026-09-10T23:22:28Z,library_hours:7,7,2026-09-06,America/Vancouver,exception,Closed*,closed,,,,library_hours:7:2026-09,3fd3ee25f60163d2e70ef410fe4e7c9cfe2baaac6569d51edd8db0ae0083ed09
library_hours:7:2026-09-07,https://hours.library.ubc.ca/#library,vancouver,2026-09-10T23:22:28Z,library_hours:7,7,2026-09-07,America/Vancouver,holiday,Closed* (Labour Day),closed,,,,library_hours:7:2026-09,0f72badf8f61191396d3985ca03345e1834eb9b3eb22cdbef34e0e50b3b34a86
library_hours:7:2026-09-08,https://hours.library.ubc.ca/#library,vancouver,2026-09-10T23:22:28Z,library_hours:7,7,2026-09-08,America/Vancouver,regular,9am - 10pm,open,09:00,22:00,False,library_hours:7:2026-09,f051d53cab3d450d401d13a0dcf8dc003115b22ffe43042d789caee17bedb6e5
library_hours:7:2026-09-09,https://hours.library.ubc.ca/#library,vancouver,2026-09-10T23:22:28Z,library_hours:7,7,2026-09-09,America/Vancouver,regular,9am - 10pm,open,09:00,22:00,False,library_hours:7:2026-09,c6cade0759b58364fd19b64facb1d91f721b9e76ce040877087e1e201efa7f46
library_hours:7:2026-09-10,https://hours.library.ubc.ca/#library,vancouver,2026-09-10T23:22:28Z,library_hours:7,7,2026-09-10,America/Vancouver,regular,9am - 10pm,open,09:00,22:00,False,library_hours:7:2026-09,b644c609d22e7503be9e0d04812d23971ff8c592d3586f20cd192151e8b95fa7
library_hours:7:2026-09-11,https://hours.library.ubc.ca/#library,vancouver,2026-09-10T23:22:28Z,library_hours:7,7,2026-09-11,America/Vancouver,regular,9am - 6pm,open,09:00,18:00,False,library_hours:7:2026-09,8c8accace1a30674f9d453844002fe86af585efae962bfa34a8fdaf49a799bd1
library_hours:7:2026-09-12,https://hours.library.ubc.ca/#library,vancouver,2026-09-10T23:22:28Z,library_hours:7,7,2026-09-12,America/Vancouver,regular,11am - 6pm,open,11:00,18:00,False,library_hours:7:2026-09,467a024cdda908aedba5b08072696468cff7cc61dd69779865b6190de2390e38
library_hours:7:2026-09-13,https://hours.library.ubc.ca/#library,vancouver,2026-09-10T23:22:28Z,library_hours:7,7,2026-09-13,America/Vancouver,regular,11am - 6pm,open,11:00,18:00,False,library_hours:7:2026-09,01921415cec6bb5c4c10736256e9a5c75af13fb25fb61f12e2ec63df17c0e5db
library_hours:7:2026-09-14,https://hours.library.ubc.ca/#library,vancouver,2026-09-10T23:22:28Z,library_hours:7,7,2026-09-14,America/Vancouver,regular,9am - 10pm,open,09:00,22:00,False,library_hours:7:2026-09,b22085bbf087c87536a8ad4714fabe26a17b75fff96b07686754c52e0af16875
library_hours:7:2026-09-15,https://hours.library.ubc.ca/#library,vancouver,2026-09-10T23:22:28Z,library_hours:7,7,2026-09-15,America/Vancouver,regular,9am - 10pm,open,09:00,22:00,False,library_hours:7:2026-09,610c7879a1247c166cbcd6d76d9b5fbbc73fdb774a9da1b267d539c69719b09c
library_hours:7:2026-09-16,https://hours.library.ubc.ca/#library,vancouver,2026-09-10T23:22:28Z,library_hours:7,7,2026-09-16,America/Vancouver,regular,9am - 10pm,open,09:00,22:00,False,library_hours:7:2026-09,378e7d35d6e25a9dfe1cf4a1404723191b0f899a14578b872a80d8f8b2093fdc
library_hours:7:2026-09-17,https://hours.library.ubc.ca/#library,vancouver,2026-09-10T23:22:28Z,library_hours:7,7,2026-09-17,America/Vancouver,regular,9am - 10pm,open,09:00,22:00,False,library_hours:7:2026-09,16c939beeb13211bc7ebb02810ec2ab80b5ab1eea6f84fade525bfecb5048d8c
library_hours:7:2026-09-18,https://hours.library.ubc.ca/#library,vancouver,2026-09-10T23:22:28Z,library_hours:7,7,2026-09-18,America/Vancouver,regular,9am - 6pm,open,09:00,18:00,False,library_hours:7:2026-09,455bc1aca9f2806e89b636ac1bf7918279530c9df770d1b0f061573d0bafa3be
library_hours:7:2026-09-19,https://hours.library.ubc.ca/#library,vancouver,2026-09-10T23:22:28Z,library_hours:7,7,2026-09-19,America/Vancouver,regular,11am - 6pm,open,11:00,18:00,False,library_hours:7:2026-09,08e5727e889b13cd40ddca05fc3a174c45d39e63fd37df510aedf6a2abe1bd5e
library_hours:7:2026-09-20,https://hours.library.ubc.ca/#library,vancouver,2026-09-10T23:22:28Z,library_hours:7,7,2026-09-20,America/Vancouver,regular,11am - 6pm,open,11:00,18:00,False,library_hours:7:2026-09,cdf95190258fa1c346c54a4941b52544c2d950979e7930922bf98df9eac4fd64
library_hours:7:2026-09-21,https://hours.library.ubc.ca/#library,vancouver,2026-09-10T23:22:28Z,library_hours:7,7,2026-09-21,America/Vancouver,regular,9am - 10pm,open,09:00,22:00,False,library_hours:7:2026-09,35bb1a29afb62e901b8ddc739fd50a19a3ea928b267cff5551b188d9bc57e550
library_hours:7:2026-09-22,https://hours.library.ubc.ca/#library,vancouver,2026-09-10T23:22:28Z,library_hours:7,7,2026-09-22,America/Vancouver,regular,9am - 10pm,open,09:00,22:00,False,library_hours:7:2026-09,efb43a8ed7599c2363a7d8b6eb950b941cf97b6792663dd676a6493c4448243f
library_hours:7:2026-09-23,https://hours.library.ubc.ca/#library,vancouver,2026-09-10T23:22:28Z,library_hours:7,7,2026-09-23,America/Vancouver,regular,9am - 10pm,open,09:00,22:00,False,library_hours:7:2026-09,78455be8d5f8cd307a599b0f18fb1062562481fe5189f23346a0e905c64d00a2
library_hours:7:2026-09-24,https://hours.library.ubc.ca/#library,vancouver,2026-09-10T23:22:28Z,library_hours:7,7,2026-09-24,America/Vancouver,regular,9am - 10pm,open,09:00,22:00,False,library_hours:7:2026-09,dc9892ab1d52f1ef3a43e9ac1fb950cc9ce8000da437007ef21a1a805f75e7e9
library_hours:7:2026-09-25,https://hours.library.ubc.ca/#library,vancouver,2026-09-10T23:22:28Z,library_hours:7,7,2026-09-25,America/Vancouver,regular,9am - 6pm,open,09:00,18:00,False,library_hours:7:2026-09,be5b474c97fdc82cf6b4f206be588abd59a6cda1bfe212db511ceb87c9ccf36c
library_hours:7:2026-09-26,https://hours.library.ubc.ca/#library,vancouver,2026-09-10T23:22:28Z,library_hours:7,7,2026-09-26,America/Vancouver,regular,11am - 6pm,open,11:00,18:00,False,library_hours:7:2026-09,fdbacf6816321866ddd78f1d0275e2334aefa68eeb45c60fad6741f69175539c
library_hours:7:2026-09-27,https://hours.library.ubc.ca/#library,vancouver,2026-09-10T23:22:28Z,library_hours:7,7,2026-09-27,America/Vancouver,regular,11am - 6pm,open,11:00,18:00,False,library_hours:7:2026-09,3ecb0ab0a3bbe1c523ff1364c7affe7baf1114d48fd29426c6bd9bd8be8c5fd5
library_hours:7:2026-09-28,https://hours.library.ubc.ca/#library,vancouver,2026-09-10T23:22:28Z,library_hours:7,7,2026-09-28,America/Vancouver,regular,9am - 10pm,open,09:00,22:00,False,library_hours:7:2026-09,24dc6e696f42b0b9a97573b6cb426fbcda3654b5784f43f484c6e202cc6d36f6
library_hours:7:2026-09-29,https://hours.library.ubc.ca/#library,vancouver,2026-09-10T23:22:28Z,library_hours:7,7,2026-09-29,America/Vancouver,regular,9am - 10pm,open,09:00,22:00,False,library_hours:7:2026-09,63cfe088c45ded1c18c51c92808df78ffe21d811f3d934b9e16b97373b0c67cc
library_hours:7:2026-09-30,https://hours.library.ubc.ca/#library,vancouver,2026-09-10T23:22:28Z,library_hours:7,7,2026-09-30,America/Vancouver,holiday,Closed* (NDTR),closed,,,,library_hours:7:2026-09,7fb3bf433cbe4d01092792073672b0c5adeaf11cee78cabe047bba2402dc04f4
library_hours:7:2026-10-01,https://hours.library.ubc.ca/#library,vancouver,2026-09-10T23:22:28Z,library_hours:7,7,2026-10-01,America/Vancouver,regular,9am - 10pm,open,09:00,22:00,False,library_hours:7:2026-10,894b9af93a698e0e6d59333645a93fc53b79ef2fb1db11fc86fdc0414740b4d7
library_hours:7:2026-10-02,https://hours.library.ubc.ca/#library,vancouver,2026-09-10T23:22:28Z,library_hours:7,7,2026-10-02,America/Vancouver,regular,9am - 6pm,open,09:00,18:00,False,library_hours:7:2026-10,5f75d30a3ebe4484322452f03e4cfe0f9b94a39358a918ff26e8b02775d0d3cc
library_hours:7:2026-10-03,https://hours.library.ubc.ca/#library,vancouver,2026-09-10T23:22:28Z,library_hours:7,7,2026-10-03,America/Vancouver,regular,11am - 6pm,open,11:00,18:00,False,library_hours:7:2026-10,fa08a5cace98f61d90637911ad98c10b3f598eacd602a7de28540d53278d2d81
library_hours:7:2026-10-04,https://hours.library.ubc.ca/#library,vancouver,2026-09-10T23:22:28Z,library_hours:7,7,2026-10-04,America/Vancouver,regular,11am - 6pm,open,11:00,18:00,False,library_hours:7:2026-10,04f221e3b82c700d885e8ffff2278af9dd27082203e909d4fd542209af58ba1f
library_hours:7:2026-10-05,https://hours.library.ubc.ca/#library,vancouver,2026-09-10T23:22:28Z,library_hours:7,7,2026-10-05,America/Vancouver,regular,9am - 10pm,open,09:00,22:00,False,library_hours:7:2026-10,05d266c1dd74c4583fb8ed55a6c2b08672e696809ae27acd3814a82f9e2ce83e
library_hours:7:2026-10-06,https://hours.library.ubc.ca/#library,vancouver,2026-09-10T23:22:28Z,library_hours:7,7,2026-10-06,America/Vancouver,regular,9am - 10pm,open,09:00,22:00,False,library_hours:7:2026-10,3840ee6a28dcba02fe5e88736876a3a871d1276035c40bfabeb4f342e90b5571
library_hours:7:2026-10-07,https://hours.library.ubc.ca/#library,vancouver,2026-09-10T23:22:28Z,library_hours:7,7,2026-10-07,America/Vancouver,regular,9am - 10pm,open,09:00,22:00,False,library_hours:7:2026-10,d6010dab8f20768278cd78358eea501931fecd0fcda3c455170df9cb3dce5fe0
library_hours:7:2026-10-08,https://hours.library.ubc.ca/#library,vancouver,2026-09-10T23:22:28Z,library_hours:7,7,2026-10-08,America/Vancouver,regular,9am - 10pm,open,09:00,22:00,False,library_hours:7:2026-10,b9bb125d9a91faca92ccf43ac4cbc0a4b09e9d60c8dc9d3cafced5503e3f71a3
library_hours:7:2026-10-09,https://hours.library.ubc.ca/#library,vancouver,2026-09-10T23:22:28Z,library_hours:7,7,2026-10-09,America/Vancouver,regular,9am - 6pm,open,09:00,18:00,False,library_hours:7:2026-10,11ec8b7caee8201fb9e3575d7f691939192c2c60994acfe14d69e6fc7d735d3a
library_hours:7:2026-10-10,https://hours.library.ubc.ca/#library,vancouver,2026-09-10T23:22:28Z,library_hours:7,7,2026-10-10,America/Vancouver,regular,11am - 6pm,open,11:00,18:00,False,library_hours:7:2026-10,23a37f43a784c2ce4ac2efd673c4d91f8eefdf706d002f0aef3249aec4e2b6f4
library_hours:7:2026-10-11,https://hours.library.ubc.ca/#library,vancouver,2026-09-10T23:22:28Z,library_hours:7,7,2026-10-11,America/Vancouver,regular,11am - 6pm,open,11:00,18:00,False,library_hours:7:2026-10,7aae19e92ec57d0a1ab1f2a1fe13bfd46f9e0cf24642b5d8420f6fa9fe25206c
library_hours:7:2026-10-12,https://hours.library.ubc.ca/#library,vancouver,2026-09-10T23:22:28Z,library_hours:7,7,2026-10-12,America/Vancouver,holiday,Closed* (Thanksgiving),closed,,,,library_hours:7:2026-10,831a5cabff900bdff595ca16a533e7ecc89733266cf668afc9dc81eb079a3f43
library_hours:7:2026-10-13,https://hours.library.ubc.ca/#library,vancouver,2026-09-10T23:22:28Z,library_hours:7,7,2026-10-13,America/Vancouver,regular,9am - 10pm,open,09:00,22:00,False,library_hours:7:2026-10,fce69e653841aad2336114879e704532845de496606b03507de4a83ae2207df3
library_hours:7:2026-10-14,https://hours.library.ubc.ca/#library,vancouver,2026-09-10T23:22:28Z,library_hours:7,7,2026-10-14,America/Vancouver,regular,9am - 10pm,open,09:00,22:00,False,library_hours:7:2026-10,cbb21ea14c604682dabb9ed8e759b87c9e8c1ff8806f45a02b5d0a817dc1cf37
library_hours:7:2026-10-15,https://hours.library.ubc.ca/#library,vancouver,2026-09-10T23:22:28Z,library_hours:7,7,2026-10-15,America/Vancouver,regular,9am - 10pm,open,09:00,22:00,False,library_hours:7:2026-10,ec9ae8210b371164e1ad9f22165b55f6251914ed921616c0dd2db2425f85fe05
library_hours:7:2026-10-16,https://hours.library.ubc.ca/#library,vancouver,2026-09-10T23:22:28Z,library_hours:7,7,2026-10-16,America/Vancouver,regular,9am - 6pm,open,09:00,18:00,False,library_hours:7:2026-10,fb6a674283c0334e25bd23eb9493c7ba15c9642b472d4cddf7044f91ee5def8a
library_hours:7:2026-10-17,https://hours.library.ubc.ca/#library,vancouver,2026-09-10T23:22:28Z,library_hours:7,7,2026-10-17,America/Vancouver,regular,11am - 6pm,open,11:00,18:00,False,library_hours:7:2026-10,e4bb307febfe19d1f842cb5bfaae5983b1638add2474be640e59e265278ae0a5
library_hours:7:2026-10-18,https://hours.library.ubc.ca/#library,vancouver,2026-09-10T23:22:28Z,library_hours:7,7,2026-10-18,America/Vancouver,regular,11am - 6pm,open,11:00,18:00,False,library_hours:7:2026-10,b265433efb6380093b5491c7f9b17bc5ee771deb162c7a50f4ed679fdaf69b04
library_hours:7:2026-10-19,https://hours.library.ubc.ca/#library,vancouver,2026-09-10T23:22:28Z,library_hours:7,7,2026-10-19,America/Vancouver,regular,9am - 10pm,open,09:00,22:00,False,library_hours:7:2026-10,bc78377914eaf9b47e8657cdaa73b23ea4be4a77bed710f20e4cdae75d193543
library_hours:7:2026-10-20,https://hours.library.ubc.ca/#library,vancouver,2026-09-10T23:22:28Z,library_hours:7,7,2026-10-20,America/Vancouver,regular,9am - 10pm,open,09:00,22:00,False,library_hours:7:2026-10,a1e20e61b1dd98033cabcf6921a409c70b414de2df042010fc9707d2dd092f7f
library_hours:7:2026-10-21,https://hours.library.ubc.ca/#library,vancouver,2026-09-10T23:22:28Z,library_hours:7,7,2026-10-21,America/Vancouver,regular,9am - 10pm,open,09:00,22:00,False,library_hours:7:2026-10,3a79f5d94de141a09c2730148ca6735a3e85a3de7187b6df790133103dc0e75c
library_hours:7:2026-10-22,https://hours.library.ubc.ca/#library,vancouver,2026-09-10T23:22:28Z,library_hours:7,7,2026-10-22,America/Vancouver,regular,9am - 10pm,open,09:00,22:00,False,library_hours:7:2026-10,ba85c0032e1579d61792f37e06a0a40ce58a778af64a1c4a72718078130c3691
library_hours:7:2026-10-23,https://hours.library.ubc.ca/#library,vancouver,2026-09-10T23:22:28Z,library_hours:7,7,2026-10-23,America/Vancouver,regular,9am - 6pm,open,09:00,18:00,False,library_hours:7:2026-10,2d3e6ab3bd9e785c6039e556cb05f1c654aa4cbaa2939c4177977453554aed93
library_hours:7:2026-10-24,https://hours.library.ubc.ca/#library,vancouver,2026-09-10T23:22:28Z,library_hours:7,7,2026-10-24,America/Vancouver,regular,11am - 6pm,open,11:00,18:00,False,library_hours:7:2026-10,f97f813db79a3e8c08042dd8a3fb3ac34daa20b7210a5f6b51f5ac236dc0add7
library_hours:7:2026-10-25,https://hours.library.ubc.ca/#library,vancouver,2026-09-10T23:22:28Z,library_hours:7,7,2026-10-25,America/Vancouver,regular,11am - 6pm,open,11:00,18:00,False,library_hours:7:2026-10,865542a8b11271839f6c2fce21f42cef443981b12b8fd888dd4d7d6d45f704aa
library_hours:7:2026-10-26,https://hours.library.ubc.ca/#library,vancouver,2026-09-10T23:22:28Z,library_hours:7,7,2026-10-26,America/Vancouver,regular,9am - 10pm,open,09:00,22:00,False,library_hours:7:2026-10,9cd6164cd6e8d493c2bde95a7e8762ce381abf3fd511c9a68c64d29dcab6383f
library_hours:7:2026-10-27,https://hours.library.ubc.ca/#library,vancouver,2026-09-10T23:22:28Z,library_hours:7,7,2026-10-27,America/Vancouver,regular,9am - 10pm,open,09:00,22:00,False,library_hours:7:2026-10,6a6f59e10e83889125a060d5f420eff75d962867136150ca90d2c98417d04c48
library_hours:7:2026-10-28,https://hours.library.ubc.ca/#library,vancouver,2026-09-10T23:22:28Z,library_hours:7,7,2026-10-28,America/Vancouver,regular,9am - 10pm,open,09:00,22:00,False,library_hours:7:2026-10,05b4064e44a5f45343da382d8fe7438ee84f116c179fcbd88973323a82fcd5b5
library_hours:7:2026-10-29,https://hours.library.ubc.ca/#library,vancouver,2026-09-10T23:22:28Z,library_hours:7,7,2026-10-29,America/Vancouver,regular,9am - 10pm,open,09:00,22:00,False,library_hours:7:2026-10,c6dad78673a16e0705d01b80698ff4addcbefd98a4f03f1c03f6d5b68785139a
library_hours:7:2026-10-30,https://hours.library.ubc.ca/#library,vancouver,2026-09-10T23:22:28Z,library_hours:7,7,2026-10-30,America/Vancouver,regular,9am - 6pm,open,09:00,18:00,False,library_hours:7:2026-10,a3e20af5a2a0bc26d445ff7d2e88c53ad60d7886a5fddafc27463a4ec7994243
library_hours:7:2026-10-31,https://hours.library.ubc.ca/#library,vancouver,2026-09-10T23:22:28Z,library_hours:7,7,2026-10-31,America/Vancouver,regular,11am - 6pm,open,11:00,18:00,False,library_hours:7:2026-10,c30dd7fcf4f7e1bba0d1477fe4c247f1a4b1d3eca73ce0a08e092dab6cbe9cb2
library_hours:7:2026-11-01,https://hours.library.ubc.ca/#library,vancouver,2026-09-10T23:22:28Z,library_hours:7,7,2026-11-01,America/Vancouver,regular,11am - 6pm,open,11:00,18:00,False,library_hours:7:2026-11,5c7abf90fcb1e66f83761b0fd314a96c67a14bfe83239b45440a95ffebf97377
library_hours:7:2026-11-02,https://hours.library.ubc.ca/#library,vancouver,2026-09-10T23:22:28Z,library_hours:7,7,2026-11-02,America/Vancouver,regular,9am - 10pm,open,09:00,22:00,False,library_hours:7:2026-11,8bd3e0277d07d9b2ea8a59acc204b5039641f70d3c65324b8cd55e2beeb9a941
library_hours:7:2026-11-03,https://hours.library.ubc.ca/#library,vancouver,2026-09-10T23:22:28Z,library_hours:7,7,2026-11-03,America/Vancouver,regular,9am - 10pm,open,09:00,22:00,False,library_hours:7:2026-11,847dbfc25459109b8151b49afb675c99255e7a21aa1cd371fb54c8292739782e
library_hours:7:2026-11-04,https://hours.library.ubc.ca/#library,vancouver,2026-09-10T23:22:28Z,library_hours:7,7,2026-11-04,America/Vancouver,regular,9am - 10pm,open,09:00,22:00,False,library_hours:7:2026-11,127abc8887347bfd818d15a5358c8e57e26fc890dabce378f24f4629f2826c2b
library_hours:7:2026-11-05,https://hours.library.ubc.ca/#library,vancouver,2026-09-10T23:22:28Z,library_hours:7,7,2026-11-05,America/Vancouver,regular,9am - 10pm,open,09:00,22:00,False,library_hours:7:2026-11,4878f31d35431a05e774f5501e0731ac81cba828e6603932a1767e1230954e9d
library_hours:7:2026-11-06,https://hours.library.ubc.ca/#library,vancouver,2026-09-10T23:22:28Z,library_hours:7,7,2026-11-06,America/Vancouver,regular,9am - 6pm,open,09:00,18:00,False,library_hours:7:2026-11,dff165a3bd68c914762c4df41a7c82e4bed0812fc062dea2d0136ea9699583aa
library_hours:7:2026-11-07,https://hours.library.ubc.ca/#library,vancouver,2026-09-10T23:22:28Z,library_hours:7,7,2026-11-07,America/Vancouver,regular,11am - 6pm,open,11:00,18:00,False,library_hours:7:2026-11,16be69c4ec080abf230ba693eab402796dc95cffba6d94af033f4e007d63c2d0
library_hours:7:2026-11-08,https://hours.library.ubc.ca/#library,vancouver,2026-09-10T23:22:28Z,library_hours:7,7,2026-11-08,America/Vancouver,regular,11am - 6pm,open,11:00,18:00,False,library_hours:7:2026-11,efa7155bddaa194d94a8c3c4d5f88a46de53bdd661d824b1b7de245466f2f278
library_hours:7:2026-11-09,https://hours.library.ubc.ca/#library,vancouver,2026-09-10T23:22:28Z,library_hours:7,7,2026-11-09,America/Vancouver,exception,10am - 6pm,open,10:00,18:00,False,library_hours:7:2026-11,8ac8e7f3af0aa99266f258a62402add7bc8627b88f0bfc472596d3631ef92ed0
library_hours:7:2026-11-10,https://hours.library.ubc.ca/#library,vancouver,2026-09-10T23:22:28Z,library_hours:7,7,2026-11-10,America/Vancouver,exception,10am - 6pm,open,10:00,18:00,False,library_hours:7:2026-11,90ba439d558bc62d07179085c3b29280b3c8cde3c2561edef23733242b0f1e21
library_hours:7:2026-11-11,https://hours.library.ubc.ca/#library,vancouver,2026-09-10T23:22:28Z,library_hours:7,7,2026-11-11,America/Vancouver,holiday,Closed* (Remembrance Day ),closed,,,,library_hours:7:2026-11,029714a050b84b5d0b34672e58bc5678946e66e67379d021e5b1d72cfe778d44
library_hours:7:2026-11-12,https://hours.library.ubc.ca/#library,vancouver,2026-09-10T23:22:28Z,library_hours:7,7,2026-11-12,America/Vancouver,regular,9am - 10pm,open,09:00,22:00,False,library_hours:7:2026-11,ef529d7d72d51260aac8dd0bb5847b3b197fe22c199d54bbf581ec3b9b6c74e2
library_hours:7:2026-11-13,https://hours.library.ubc.ca/#library,vancouver,2026-09-10T23:22:28Z,library_hours:7,7,2026-11-13,America/Vancouver,regular,9am - 6pm,open,09:00,18:00,False,library_hours:7:2026-11,b291c610d506a712c5f6e8a1d582508820b0b43f00acc1b94f5ed1b740b245cf
library_hours:7:2026-11-14,https://hours.library.ubc.ca/#library,vancouver,2026-09-10T23:22:28Z,library_hours:7,7,2026-11-14,America/Vancouver,regular,11am - 6pm,open,11:00,18:00,False,library_hours:7:2026-11,17d89301ab86b9023748c6ae47dd46ae555f3933e36cb27acc72a54d3aaa9db4
library_hours:7:2026-11-15,https://hours.library.ubc.ca/#library,vancouver,2026-09-10T23:22:28Z,library_hours:7,7,2026-11-15,America/Vancouver,regular,11am - 6pm,open,11:00,18:00,False,library_hours:7:2026-11,4b21f05f46f8015644d4afefaecacb30acd59997fc1670d2b7d6e55fc481ec94
library_hours:7:2026-11-16,https://hours.library.ubc.ca/#library,vancouver,2026-09-10T23:22:28Z,library_hours:7,7,2026-11-16,America/Vancouver,regular,9am - 10pm,open,09:00,22:00,False,library_hours:7:2026-11,34e74bb5fbf657b1bbb07bfd707a104f094d93710b57d3b3f5f09fc208fd6891
library_hours:7:2026-11-17,https://hours.library.ubc.ca/#library,vancouver,2026-09-10T23:22:28Z,library_hours:7,7,2026-11-17,America/Vancouver,regular,9am - 10pm,open,09:00,22:00,False,library_hours:7:2026-11,66fc37e08e705ea146cda5cb8368db249283b35557c1ed97e187fc783bf9e5ff
library_hours:7:2026-11-18,https://hours.library.ubc.ca/#library,vancouver,2026-09-10T23:22:28Z,library_hours:7,7,2026-11-18,America/Vancouver,regular,9am - 10pm,open,09:00,22:00,False,library_hours:7:2026-11,7514cd24872353fd381df9d28c5481dca54f29ff93ab9a5e43d25989f66cce45
library_hours:7:2026-11-19,https://hours.library.ubc.ca/#library,vancouver,2026-09-10T23:22:28Z,library_hours:7,7,2026-11-19,America/Vancouver,regular,9am - 10pm,open,09:00,22:00,False,library_hours:7:2026-11,21308d793e36ece624836260657b02091a1cc134d54bbec2c3e39869ded982fd
library_hours:7:2026-11-20,https://hours.library.ubc.ca/#library,vancouver,2026-09-10T23:22:28Z,library_hours:7,7,2026-11-20,America/Vancouver,regular,9am - 6pm,open,09:00,18:00,False,library_hours:7:2026-11,4317cd6e4accfe80b887d79312cb980e9976614b5cbdf802b15b9f7a1350bdce
library_hours:7:2026-11-21,https://hours.library.ubc.ca/#library,vancouver,2026-09-10T23:22:28Z,library_hours:7,7,2026-11-21,America/Vancouver,regular,11am - 6pm,open,11:00,18:00,False,library_hours:7:2026-11,6cdf8e11782d8e614cb94157977f14d1fd1e07f768a84d3064eedae4f8aa344e
library_hours:7:2026-11-22,https://hours.library.ubc.ca/#library,vancouver,2026-09-10T23:22:28Z,library_hours:7,7,2026-11-22,America/Vancouver,regular,11am - 6pm,open,11:00,18:00,False,library_hours:7:2026-11,f57da7da8de853605e2f88b549e362045afcec7232618bf3c7608713e29a45ae
library_hours:7:2026-11-23,https://hours.library.ubc.ca/#library,vancouver,2026-09-10T23:22:28Z,library_hours:7,7,2026-11-23,America/Vancouver,regular,9am - 10pm,open,09:00,22:00,False,library_hours:7:2026-11,7f2d6cfe93884dd5b8c83a4ac4c8902de68e3932e5d928971d71cfee342c681b
library_hours:7:2026-11-24,https://hours.library.ubc.ca/#library,vancouver,2026-09-10T23:22:28Z,library_hours:7,7,2026-11-24,America/Vancouver,regular,9am - 10pm,open,09:00,22:00,False,library_hours:7:2026-11,61f85f2094919cf13b9e01d26914f881e995cb3835cb3af1b3e3cfc9376b6567
library_hours:7:2026-11-25,https://hours.library.ubc.ca/#library,vancouver,2026-09-10T23:22:28Z,library_hours:7,7,2026-11-25,America/Vancouver,regular,9am - 10pm,open,09:00,22:00,False,library_hours:7:2026-11,2a0797f8bcd3b432882b943751f6ed80ee31b773370cfd2f0e1350b71f635f53
library_hours:7:2026-11-26,https://hours.library.ubc.ca/#library,vancouver,2026-09-10T23:22:28Z,library_hours:7,7,2026-11-26,America/Vancouver,regular,9am - 10pm,open,09:00,22:00,False,library_hours:7:2026-11,9a77ac36d7618ab35066501e12f5b5b98629caaedfaacbe2b48c09637c3c8fea
library_hours:7:2026-11-27,https://hours.library.ubc.ca/#library,vancouver,2026-09-10T23:22:28Z,library_hours:7,7,2026-11-27,America/Vancouver,regular,9am - 6pm,open,09:00,18:00,False,library_hours:7:2026-11,6477202af7bb3118dcac76ea742c78a0726b40d641d08dee6e6f311246b27a43
library_hours:7:2026-11-28,https://hours.library.ubc.ca/#library,vancouver,2026-09-10T23:22:28Z,library_hours:7,7,2026-11-28,America/Vancouver,regular,11am - 6pm,open,11:00,18:00,False,library_hours:7:2026-11,c5f2b7d3e1b3ef245d3e60df5f0ff99143f08b41566d1b635eef277f2fa35240
library_hours:7:2026-11-29,https://hours.library.ubc.ca/#library,vancouver,2026-09-10T23:22:28Z,library_hours:7,7,2026-11-29,America/Vancouver,regular,11am - 6pm,open,11:00,18:00,False,library_hours:7:2026-11,f1d364a530cb63d6d19e7a922bc46c31c36f9ef5f232e6f51ffe0cddfa470824
library_hours:7:2026-11-30,https://hours.library.ubc.ca/#library,vancouver,2026-09-10T23:22:28Z,library_hours:7,7,2026-11-30,America/Vancouver,regular,9am - 10pm,open,09:00,22:00,False,library_hours:7:2026-11,ee49218f96a85031accc037445c95655ea97a60b57e835304b4d64c1fe32cd37
library_hours:7:2026-12-01,https://hours.library.ubc.ca/#library,vancouver,2026-09-10T23:22:28Z,library_hours:7,7,2026-12-01,America/Vancouver,regular,9am - 10pm,open,09:00,22:00,False,library_hours:7:2026-12,a49a8337e7f34bfd8037aac75223fae7a5a03b26a886e8c0acfd20898d58c399
library_hours:7:2026-12-02,https://hours.library.ubc.ca/#library,vancouver,2026-09-10T23:22:28Z,library_hours:7,7,2026-12-02,America/Vancouver,regular,9am - 10pm,open,09:00,22:00,False,library_hours:7:2026-12,9460a5107a01831853834fe1fd52f79a5f844f1567ceb48ce373a1c262fd6a56
library_hours:7:2026-12-03,https://hours.library.ubc.ca/#library,vancouver,2026-09-10T23:22:28Z,library_hours:7,7,2026-12-03,America/Vancouver,regular,9am - 10pm,open,09:00,22:00,False,library_hours:7:2026-12,047323bf679e71f6ec0ab7aec8d1523ae5f62e6665c72eb91ccc7450103207a1
library_hours:7:2026-12-04,https://hours.library.ubc.ca/#library,vancouver,2026-09-10T23:22:28Z,library_hours:7,7,2026-12-04,America/Vancouver,regular,9am - 6pm,open,09:00,18:00,False,library_hours:7:2026-12,9d8f16d8a51c78a191de6338888a930871f0e515d324651570bbe2f2f7b332d7
library_hours:7:2026-12-05,https://hours.library.ubc.ca/#library,vancouver,2026-09-10T23:22:28Z,library_hours:7,7,2026-12-05,America/Vancouver,regular,11am - 6pm,open,11:00,18:00,False,library_hours:7:2026-12,f2c4c087b8ae0ee0d0be8363bbdd9ff50bf9b2499ec6dcd008a0d0d248ae5f55
library_hours:7:2026-12-06,https://hours.library.ubc.ca/#library,vancouver,2026-09-10T23:22:28Z,library_hours:7,7,2026-12-06,America/Vancouver,regular,11am - 6pm,open,11:00,18:00,False,library_hours:7:2026-12,abec0f7648faad25e49a130e8e4088188e21323ea0dd09697e4ceed25980450d
library_hours:7:2026-12-07,https://hours.library.ubc.ca/#library,vancouver,2026-09-10T23:22:28Z,library_hours:7,7,2026-12-07,America/Vancouver,regular,9am - 10pm,open,09:00,22:00,False,library_hours:7:2026-12,66c87cafb2270547c7a074cc04e32895433800d52a3d2df17e9a587d416e6032
library_hours:7:2026-12-08,https://hours.library.ubc.ca/#library,vancouver,2026-09-10T23:22:28Z,library_hours:7,7,2026-12-08,America/Vancouver,regular,9am - 10pm,open,09:00,22:00,False,library_hours:7:2026-12,b5a7403e34ad1d943db44264844780536317313309e937e0a4bf538c60057b34
library_hours:7:2026-12-09,https://hours.library.ubc.ca/#library,vancouver,2026-09-10T23:22:28Z,library_hours:7,7,2026-12-09,America/Vancouver,regular,9am - 10pm,open,09:00,22:00,False,library_hours:7:2026-12,32f393cd8326979e432dcbf1fe38f793c51d7850539be76939cea89d7506db28
library_hours:7:2026-12-10,https://hours.library.ubc.ca/#library,vancouver,2026-09-10T23:22:28Z,library_hours:7,7,2026-12-10,America/Vancouver,regular,9am - 10pm,open,09:00,22:00,False,library_hours:7:2026-12,da3e460c941128934e4d306f6e17af6aef8f776d15f9de3b10af0b272ab0b654
library_hours:7:2026-12-11,https://hours.library.ubc.ca/#library,vancouver,2026-09-10T23:22:28Z,library_hours:7,7,2026-12-11,America/Vancouver,regular,9am - 6pm,open,09:00,18:00,False,library_hours:7:2026-12,6bb3d27a6f219cb5c87809c4592b20f393ce254d2a02b5c9fa36dfb88edaa60d
library_hours:7:2026-12-12,https://hours.library.ubc.ca/#library,vancouver,2026-09-10T23:22:28Z,library_hours:7,7,2026-12-12,America/Vancouver,regular,11am - 6pm,open,11:00,18:00,False,library_hours:7:2026-12,413ea5a53479c5907bc51193298b91f6f2491ba82bb69d6560c61d9c19954661
library_hours:7:2026-12-13,https://hours.library.ubc.ca/#library,vancouver,2026-09-10T23:22:28Z,library_hours:7,7,2026-12-13,America/Vancouver,regular,11am - 6pm,open,11:00,18:00,False,library_hours:7:2026-12,dd9db9810e47063dec5b4721d43ef3ebdfe96457206da9488150624f5c9461ea
library_hours:7:2026-12-14,https://hours.library.ubc.ca/#library,vancouver,2026-09-10T23:22:28Z,library_hours:7,7,2026-12-14,America/Vancouver,regular,9am - 10pm,open,09:00,22:00,False,library_hours:7:2026-12,8515a03ea323d931825d96214e3e4029a23bc122f405502457b9ffeb2e92a04a
library_hours:7:2026-12-15,https://hours.library.ubc.ca/#library,vancouver,2026-09-10T23:22:28Z,library_hours:7,7,2026-12-15,America/Vancouver,regular,9am - 10pm,open,09:00,22:00,False,library_hours:7:2026-12,2f9e87a06a095e222dff7f5ca74e5f41a1412bb06831cf15ca02886624e0eec2
library_hours:7:2026-12-16,https://hours.library.ubc.ca/#library,vancouver,2026-09-10T23:22:28Z,library_hours:7,7,2026-12-16,America/Vancouver,regular,9am - 10pm,open,09:00,22:00,False,library_hours:7:2026-12,96899414d0bf7c8090513829f02261f92407d70f82de277a789db8efdd4a5196
library_hours:7:2026-12-17,https://hours.library.ubc.ca/#library,vancouver,2026-09-10T23:22:28Z,library_hours:7,7,2026-12-17,America/Vancouver,regular,9am - 10pm,open,09:00,22:00,False,library_hours:7:2026-12,91faa29c8f8c227070fedd29496f5aca67c47cc8cb3672e2f8bfb142497d2864
library_hours:7:2026-12-18,https://hours.library.ubc.ca/#library,vancouver,2026-09-10T23:22:28Z,library_hours:7,7,2026-12-18,America/Vancouver,regular,9am - 6pm,open,09:00,18:00,False,library_hours:7:2026-12,78a17c5fbcc0cb4135725d8a5c91c3d744f3e80e66c6beca8e1dafd3cb8f4e7e
library_hours:7:2026-12-19,https://hours.library.ubc.ca/#library,vancouver,2026-09-10T23:22:28Z,library_hours:7,7,2026-12-19,America/Vancouver,regular,11am - 6pm,open,11:00,18:00,False,library_hours:7:2026-12,3089138e98a83ffb9bbd3a76960d5a8812064957b3fa015f32284e35177ed3c8
library_hours:7:2026-12-20,https://hours.library.ubc.ca/#library,vancouver,2026-09-10T23:22:28Z,library_hours:7,7,2026-12-20,America/Vancouver,regular,11am - 6pm,open,11:00,18:00,False,library_hours:7:2026-12,bde654219f11b8b7ef95a45db64751da9368c252bce9ef0a03fe2b6c2032622e
library_hours:7:2026-12-21,https://hours.library.ubc.ca/#library,vancouver,2026-09-10T23:22:28Z,library_hours:7,7,2026-12-21,America/Vancouver,regular,9am - 10pm,open,09:00,22:00,False,library_hours:7:2026-12,d603711db6a1e6034ee3ef3fd201c780100f9492f1bb58dada0a23e8d1702f2a
library_hours:7:2026-12-22,https://hours.library.ubc.ca/#library,vancouver,2026-09-10T23:22:28Z,library_hours:7,7,2026-12-22,America/Vancouver,regular,9am - 10pm,open,09:00,22:00,False,library_hours:7:2026-12,aafa6f614a17403e6e9ccb1fce98f06657979822bfae129856b1493f26d8ef6c
library_hours:7:2026-12-23,https://hours.library.ubc.ca/#library,vancouver,2026-09-10T23:22:28Z,library_hours:7,7,2026-12-23,America/Vancouver,holiday,10am - 6pm,open,10:00,18:00,False,library_hours:7:2026-12,17b6f51d39fb6cb81bcea750d439d4efea3394c68ba18aa431e5bb174df037aa
library_hours:7:2026-12-24,https://hours.library.ubc.ca/#library,vancouver,2026-09-10T23:22:28Z,library_hours:7,7,2026-12-24,America/Vancouver,holiday,10am - 6pm,open,10:00,18:00,False,library_hours:7:2026-12,a53782718bdafa56802e56a3ed434223002d7af17376fbd21fd7abb29ffff27b
library_hours:7:2026-12-25,https://hours.library.ubc.ca/#library,vancouver,2026-09-10T23:22:28Z,library_hours:7,7,2026-12-25,America/Vancouver,holiday,Closed*,closed,,,,library_hours:7:2026-12,71968f1d937b9455ad178bbbe19218a0a2cc9a784f5549dfddd778d794da11c8
library_hours:7:2026-12-26,https://hours.library.ubc.ca/#library,vancouver,2026-09-10T23:22:28Z,library_hours:7,7,2026-12-26,America/Vancouver,holiday,Closed*,closed,,,,library_hours:7:2026-12,ccd42a7850d5d3a98c4b33fc73eba7fb04d3bd5bd62e2f376d796b2e02d03fc7
library_hours:7:2026-12-27,https://hours.library.ubc.ca/#library,vancouver,2026-09-10T23:22:28Z,library_hours:7,7,2026-12-27,America/Vancouver,holiday,Closed*,closed,,,,library_hours:7:2026-12,8c40fb2acd292d667ff081e0579d1d5d529467f4a8108110a3727c7af68238de
library_hours:7:2026-12-28,https://hours.library.ubc.ca/#library,vancouver,2026-09-10T23:22:28Z,library_hours:7,7,2026-12-28,America/Vancouver,holiday,Closed*,closed,,,,library_hours:7:2026-12,86474ebad5b732d939a8fbd4c5e0b4ce253f39114fab09c757e18e7eda6f575d
library_hours:7:2026-12-29,https://hours.library.ubc.ca/#library,vancouver,2026-09-10T23:22:28Z,library_hours:7,7,2026-12-29,America/Vancouver,holiday,Closed*,closed,,,,library_hours:7:2026-12,aff24babf639c46e6f878bf7383be7150fda7686be6b63532963c5d0b2ada26e
library_hours:7:2026-12-30,https://hours.library.ubc.ca/#library,vancouver,2026-09-10T23:22:28Z,library_hours:7,7,2026-12-30,America/Vancouver,holiday,Closed*,closed,,,,library_hours:7:2026-12,9f390fc0d56935bbf4ff9e8d01ada4921178f260cc5c790d5f1c897adac1f040
library_hours:7:2026-12-31,https://hours.library.ubc.ca/#library,vancouver,2026-09-10T23:22:28Z,library_hours:7,7,2026-12-31,America/Vancouver,holiday,Closed*,closed,,,,library_hours:7:2026-12,76bdddc6c48cd39bc3093e75d5b341493a821b94e947854a5643ae4f373b82d9
