id,category,subcategory,source_id,source_url,api_url,upstream_id,title,content_markdown,content_sha256,campus,audience,source_modified_at,retrieved_at,source_records,links,warnings,markdown_path
prose:workday:133,prose,workday,workday,https://workday.students.ubc.ca/,https://workday.students.ubc.ca/wp-json/wp/v2/pages/133,133,Workday Tutorials,"## About Workday

Log into Workday to complete essential tasks like registering for courses, updating your personal information, paying your tuition, and downloading important documents\.

[Log into Workday](https://myworkday.ubc.ca/)

[UBC student uses Workday on her laptop in a study space with other students in the background](https://student-workday-2024.sites.olt.ubc.ca/files/2024/04/home_workday_intro.jpg)

### [Navigating Workday](https://student-workday-2024.sites.olt.ubc.ca/navigating-workday/)

Find out how to access your personal, financial, and academic records and documents in Workday and the UBC Official Documents tool \(ODMT\)\.

### [Personal information](https://student-workday-2024.sites.olt.ubc.ca/personal-information/ ""Go to tutorials"")

Get details on how to update your personal information in your account, including citizenship status, third\-party authorization, and emergency contacts\.

### [Course registration](https://student-workday-2024.sites.olt.ubc.ca/course-registration/ ""Go to tutorials"")

Learn how to search courses, create a saved schedule, add or drop course sections, and find your registration appointment\.

### [Degree planning](https://student-workday-2024.sites.olt.ubc.ca/degree-planning/ ""Go to tutorials"")

Follow instructions to declare or change your program of study in Workday and review your transfer credits and grades\.

### [Finances](https://student-workday-2024.sites.olt.ubc.ca/finances/)

Learn how to pay your tuition and student fees\.

### [Student documents](https://student-workday-2024.sites.olt.ubc.ca/student-documents/)

Download your Confirmation of Enrolment Letter and more\.

### [UBC advisor contacts](https://student-workday-2024.sites.olt.ubc.ca/ubc-advisor-contacts/ ""Go to tutorials"")

Find your Enrolment Services or Accessibility Advisor in Workday\.",76526dee2ef1d20eb8c8cadcb30e2b1ddbcc4a576f76946028c0eb6a277a7053,,undergraduate_and_shared,2026-05-19T20:07:19+00:00,2026-09-11T05:07:27.466Z,[],"[{""text"": ""Log into Workday"", ""url"": ""https://myworkday.ubc.ca/""}, {""text"": ""UBC student uses Workday on her laptop in a study space with other students in the background"", ""url"": ""https://student-workday-2024.sites.olt.ubc.ca/files/2024/04/home_workday_intro.jpg""}, {""text"": ""Navigating Workday"", ""url"": ""https://student-workday-2024.sites.olt.ubc.ca/navigating-workday/""}, {""text"": ""Personal information"", ""url"": ""https://student-workday-2024.sites.olt.ubc.ca/personal-information/""}, {""text"": ""Course registration"", ""url"": ""https://student-workday-2024.sites.olt.ubc.ca/course-registration/""}, {""text"": ""Degree planning"", ""url"": ""https://student-workday-2024.sites.olt.ubc.ca/degree-planning/""}, {""text"": ""Finances"", ""url"": ""https://student-workday-2024.sites.olt.ubc.ca/finances/""}, {""text"": ""Student documents"", ""url"": ""https://student-workday-2024.sites.olt.ubc.ca/student-documents/""}, {""text"": ""UBC advisor contacts"", ""url"": ""https://student-workday-2024.sites.olt.ubc.ca/ubc-advisor-contacts/""}]",[],prose/workday/markdown/0eca79157237f0b1447179468c3fd24ece3fe18aec2e5f06323eaefae2d9f02b.md
prose:workday:2589,prose,workday,workday,https://workday.students.ubc.ca/alerts/,https://workday.students.ubc.ca/wp-json/wp/v2/pages/2589,2589,Alerts,"## Urgent alert

---

> This is an urgent alert

## Medium alert

---

> Phasellus vitae ex ac enim porttitor bibendum\. Cras feugiat ullamcorper augue, eget rutrum eros commodo et\. Sed porttitor mattis lectus\. Nulla id ipsum sed dui euismod fermentum\.

## General alert

---

> Phasellus vitae ex ac enim porttitor bibendum\. Cras feugiat ullamcorper augue, eget rutrum eros commodo et\. Sed porttitor mattis lectus\. Nulla id ipsum sed dui euismod fermentum\.",81b26bf5477e029ca9ab4d4f60a80772ed9fb8f76f0a37c8ef88683469673ff6,,undergraduate_and_shared,2025-02-18T23:29:58+00:00,2026-09-11T05:07:27.466Z,[],[],[],prose/workday/markdown/28ac03d52ce46db33d18420dc151eeff1f945af36d37b94733bd510adcaf9fda.md
prose:workday:2607,prose,workday,workday,https://workday.students.ubc.ca/personal-information/,https://workday.students.ubc.ca/wp-json/wp/v2/pages/2607,2607,Personal information,"Follow the tutorials to view, add, or change your information in Workday\.

-   [Updating your contact information](https://student-workday-2024.sites.olt.ubc.ca/personal-information/updating-your-contact-information/)
-   [Adding your emergency contacts](https://student-workday-2024.sites.olt.ubc.ca/personal-information/adding-your-emergency-contacts/)
-   [Updating your preferred name](https://student-workday-2024.sites.olt.ubc.ca/personal-information/updating-your-preferred-name/)
-   [Viewing your legal name](https://student-workday-2024.sites.olt.ubc.ca/personal-information/viewing-your-legal-name/)
-   [Updating your pronouns, trans experience, and gender identity](https://student-workday-2024.sites.olt.ubc.ca/personal-information/updating-your-pronouns-trans-experience-and-gender-identity/)
-   [Viewing your date of birth](https://student-workday-2024.sites.olt.ubc.ca/personal-information/viewing-your-date-of-birth/)
-   [Viewing your residency and citizenship](https://student-workday-2024.sites.olt.ubc.ca/personal-information/viewing-your-residency-and-citizenship/)
-   [Adding your Social Insurance Number \(SIN\) or International Tax Number \(ITN\)](https://student-workday-2024.sites.olt.ubc.ca/personal-information/adding-your-social-insurance-number-sin-or-international-tax-number-itn/)
-   [Updating your Indigenous Self\-Identification](https://student-workday-2024.sites.olt.ubc.ca/personal-information/updating-your-indigenous-self-identification/)
-   [Adding your Third Party Authorization](https://student-workday-2024.sites.olt.ubc.ca/personal-information/adding-your-third-party-authorization/)
-   [Viewing and managing your student and worker profiles](https://student-workday-2024.sites.olt.ubc.ca/personal-information/viewing-and-managing-your-student-and-worker-profiles/)",9c098fc6c93d8a69b089ee6d72a1db0af71a25e8a059a299dc1a1760f9be2693,,undergraduate_and_shared,2026-07-30T21:30:51+00:00,2026-09-11T05:07:27.466Z,[],"[{""text"": ""Updating your contact information"", ""url"": ""https://student-workday-2024.sites.olt.ubc.ca/personal-information/updating-your-contact-information/""}, {""text"": ""Adding your emergency contacts"", ""url"": ""https://student-workday-2024.sites.olt.ubc.ca/personal-information/adding-your-emergency-contacts/""}, {""text"": ""Updating your preferred name"", ""url"": ""https://student-workday-2024.sites.olt.ubc.ca/personal-information/updating-your-preferred-name/""}, {""text"": ""Viewing your legal name"", ""url"": ""https://student-workday-2024.sites.olt.ubc.ca/personal-information/viewing-your-legal-name/""}, {""text"": ""Updating your pronouns, trans experience, and gender identity"", ""url"": ""https://student-workday-2024.sites.olt.ubc.ca/personal-information/updating-your-pronouns-trans-experience-and-gender-identity/""}, {""text"": ""Viewing your date of birth"", ""url"": ""https://student-workday-2024.sites.olt.ubc.ca/personal-information/viewing-your-date-of-birth/""}, {""text"": ""Viewing your residency and citizenship"", ""url"": ""https://student-workday-2024.sites.olt.ubc.ca/personal-information/viewing-your-residency-and-citizenship/""}, {""text"": ""Adding your Social Insurance Number (SIN) or International Tax Number (ITN)"", ""url"": ""https://student-workday-2024.sites.olt.ubc.ca/personal-information/adding-your-social-insurance-number-sin-or-international-tax-number-itn/""}, {""text"": ""Updating your Indigenous Self-Identification"", ""url"": ""https://student-workday-2024.sites.olt.ubc.ca/personal-information/updating-your-indigenous-self-identification/""}, {""text"": ""Adding your Third Party Authorization"", ""url"": ""https://student-workday-2024.sites.olt.ubc.ca/personal-information/adding-your-third-party-authorization/""}, {""text"": ""Viewing and managing your student and worker profiles"", ""url"": ""https://student-workday-2024.sites.olt.ubc.ca/personal-information/viewing-and-managing-your-student-and-worker-profiles/""}]",[],prose/workday/markdown/129b1dd45141d36b65f41781f8d9d5a7612677fea8ba70bba853219eca2d473a.md
prose:workday:2708,prose,workday,workday,https://workday.students.ubc.ca/degree-planning/,https://workday.students.ubc.ca/wp-json/wp/v2/pages/2708,2708,Degree planning,"Follow the tutorials to navigate program or degree changes in Workday\.

-   [Viewing your academic progress report](https://student-workday-2024.sites.olt.ubc.ca/degree-planning/viewing-your-academic-progress-report/)
-   [Creating an Evaluated Academic Requirements report](https://student-workday-2024.sites.olt.ubc.ca/degree-planning/evaluate-your-academic-requirements/)
-   [Declaring or changing your primary major, honours, or specialization](https://student-workday-2024.sites.olt.ubc.ca/degree-planning/declaring-or-changing-your-primary-major-honours-or-specialization/)
-   [Adding a program of study \(second major or minor\)](https://student-workday-2024.sites.olt.ubc.ca/home-page/adding-a-program-of-study-second-major-or-minor/)
-   [Removing your program of study \(second major or minor\)](https://student-workday-2024.sites.olt.ubc.ca/degree-planning/removing-your-program-of-study-second-major-or-minor/)
-   [Viewing your grades and academic record](https://student-workday-2024.sites.olt.ubc.ca/degree-planning/viewing-your-grades-and-academic-record/)
-   [Viewing your transfer credit or high school and AP/IB Credit](https://student-workday-2024.sites.olt.ubc.ca/degree-planning/viewing-your-transfer-credit-or-high-school-and-ap-ib-credit/)
-   [Applying for graduation or program completion](https://student-workday-2024.sites.olt.ubc.ca/degree-planning/applying-for-graduation-or-program-completion/)
-   [Downloading your program completion letter](https://student-workday-2024.sites.olt.ubc.ca/student-documents/downloading-your-program-completion-letter/)
-   [Applying for a Standing Deferred or Supplemental exam](https://student-workday-2024.sites.olt.ubc.ca/degree-planning/applying-for-a-standing-deferred-or-supplemental-exam/)
-   [Viewing your final exam schedule](https://student-workday-2024.sites.olt.ubc.ca/degree-planning/viewing-your-exam-schedule/)",1da0c9345b68f4127870cccb4c221076f97cbb00000046b7fcf27591e274fe79,,undergraduate_and_shared,2026-05-27T21:59:54+00:00,2026-09-11T05:07:27.466Z,[],"[{""text"": ""Viewing your academic progress report"", ""url"": ""https://student-workday-2024.sites.olt.ubc.ca/degree-planning/viewing-your-academic-progress-report/""}, {""text"": ""Creating an Evaluated Academic Requirements report"", ""url"": ""https://student-workday-2024.sites.olt.ubc.ca/degree-planning/evaluate-your-academic-requirements/""}, {""text"": ""Declaring or changing your primary major, honours, or specialization"", ""url"": ""https://student-workday-2024.sites.olt.ubc.ca/degree-planning/declaring-or-changing-your-primary-major-honours-or-specialization/""}, {""text"": ""Adding a program of study (second major or minor)"", ""url"": ""https://student-workday-2024.sites.olt.ubc.ca/home-page/adding-a-program-of-study-second-major-or-minor/""}, {""text"": ""Removing your program of study (second major or minor)"", ""url"": ""https://student-workday-2024.sites.olt.ubc.ca/degree-planning/removing-your-program-of-study-second-major-or-minor/""}, {""text"": ""Viewing your grades and academic record"", ""url"": ""https://student-workday-2024.sites.olt.ubc.ca/degree-planning/viewing-your-grades-and-academic-record/""}, {""text"": ""Viewing your transfer credit or high school and AP/IB Credit"", ""url"": ""https://student-workday-2024.sites.olt.ubc.ca/degree-planning/viewing-your-transfer-credit-or-high-school-and-ap-ib-credit/""}, {""text"": ""Applying for graduation or program completion"", ""url"": ""https://student-workday-2024.sites.olt.ubc.ca/degree-planning/applying-for-graduation-or-program-completion/""}, {""text"": ""Downloading your program completion letter"", ""url"": ""https://student-workday-2024.sites.olt.ubc.ca/student-documents/downloading-your-program-completion-letter/""}, {""text"": ""Applying for a Standing Deferred or Supplemental exam"", ""url"": ""https://student-workday-2024.sites.olt.ubc.ca/degree-planning/applying-for-a-standing-deferred-or-supplemental-exam/""}, {""text"": ""Viewing your final exam schedule"", ""url"": ""https://student-workday-2024.sites.olt.ubc.ca/degree-planning/viewing-your-exam-schedule/""}]",[],prose/workday/markdown/8e00cd6041df5bb221b1aa150228d901a0c84a87669bef0ea343fd1463017eb9.md
prose:workday:2719,prose,workday,workday,https://workday.students.ubc.ca/course-registration/,https://workday.students.ubc.ca/wp-json/wp/v2/pages/2719,2719,Course registration,"Prepare for course registration in Workday with the following tutorials\.

-   [Viewing the course schedule](https://student-workday-2024.sites.olt.ubc.ca/course-registration/viewing-the-course-schedule/)
-   [Viewing your registration appointment](https://student-workday-2024.sites.olt.ubc.ca/course-registration/viewing-your-registration-appointment/)
-   [Finding Credit/D/Fail courses](https://student-workday-2024.sites.olt.ubc.ca/course-registration/finding-credit-d-fail-courses/)
-   [Resolving a hold on your record](https://student-workday-2024.sites.olt.ubc.ca/course-registration/resolving-a-hold-on-your-record/)

**Saved schedules**

-   [Creating, viewing, and registering from a saved schedule](https://student-workday-2024.sites.olt.ubc.ca/course-registration/creating-viewing-and-registering-from-a-saved-schedule/)
-   [Troubleshooting saved schedules](https://student-workday-2024.sites.olt.ubc.ca/course-registration/managing-a-saved-schedule/)

**Managing registration**

-   [Registering for an individual course section](https://student-workday-2024.sites.olt.ubc.ca/course-registration/registering-for-individual-course-sections/)
-   [Swapping, dropping, or withdrawing from a course](https://student-workday-2024.sites.olt.ubc.ca/course-registration/swapping-dropping-or-withdrawing-from-a-course/)
-   [Troubleshooting course registration](https://student-workday-2024.sites.olt.ubc.ca/course-registration/troubleshooting-your-course-registration/)

**Waitlists**

-   [Understanding course waitlists](https://student-workday-2024.sites.olt.ubc.ca/course-registration/understanding-course-waitlists/)
-   [Joining, viewing, and registering from course waitlists](https://student-workday-2024.sites.olt.ubc.ca/course-registration/joining-viewing-and-registering-from-course-waitlists/)",6e4a7680c798c5548898a8e820297a7a0dc7a17c7965928d017933a21795efb5,,undergraduate_and_shared,2026-06-26T22:06:59+00:00,2026-09-11T05:07:27.466Z,[],"[{""text"": ""Viewing the course schedule"", ""url"": ""https://student-workday-2024.sites.olt.ubc.ca/course-registration/viewing-the-course-schedule/""}, {""text"": ""Viewing your registration appointment"", ""url"": ""https://student-workday-2024.sites.olt.ubc.ca/course-registration/viewing-your-registration-appointment/""}, {""text"": ""Finding Credit/D/Fail courses"", ""url"": ""https://student-workday-2024.sites.olt.ubc.ca/course-registration/finding-credit-d-fail-courses/""}, {""text"": ""Resolving a hold on your record"", ""url"": ""https://student-workday-2024.sites.olt.ubc.ca/course-registration/resolving-a-hold-on-your-record/""}, {""text"": ""Creating, viewing, and registering from a saved schedule"", ""url"": ""https://student-workday-2024.sites.olt.ubc.ca/course-registration/creating-viewing-and-registering-from-a-saved-schedule/""}, {""text"": ""Troubleshooting saved schedules"", ""url"": ""https://student-workday-2024.sites.olt.ubc.ca/course-registration/managing-a-saved-schedule/""}, {""text"": ""Registering for an individual course section"", ""url"": ""https://student-workday-2024.sites.olt.ubc.ca/course-registration/registering-for-individual-course-sections/""}, {""text"": ""Swapping, dropping, or withdrawing from a course"", ""url"": ""https://student-workday-2024.sites.olt.ubc.ca/course-registration/swapping-dropping-or-withdrawing-from-a-course/""}, {""text"": ""Troubleshooting course registration"", ""url"": ""https://student-workday-2024.sites.olt.ubc.ca/course-registration/troubleshooting-your-course-registration/""}, {""text"": ""Understanding course waitlists"", ""url"": ""https://student-workday-2024.sites.olt.ubc.ca/course-registration/understanding-course-waitlists/""}, {""text"": ""Joining, viewing, and registering from course waitlists"", ""url"": ""https://student-workday-2024.sites.olt.ubc.ca/course-registration/joining-viewing-and-registering-from-course-waitlists/""}]",[],prose/workday/markdown/d532b9c9e2cdbeb05d5699740a7c808f7dacd53506290a34d56a8d1c37d9de6e.md
prose:workday:2723,prose,workday,workday,https://workday.students.ubc.ca/finances/,https://workday.students.ubc.ca/wp-json/wp/v2/pages/2723,2723,Finances,"Manage your tuition, student fees, and other financial tasks\.

-   [Viewing your financial account activity: Tuition amount and payments](https://student-workday-2024.sites.olt.ubc.ca/finances/viewing-your-financial-account-activity-tuition-amount-and-payments/)
-   Paying your tuition and student fees with:
    -   [Pre\-Authorized Debit](https://student-workday-2024.sites.olt.ubc.ca/finances/paying-your-tuition-and-student-fees-in-touchnet-pre-authorized-debit/)
    -   [Credit card and signature debit card](https://student-workday-2024.sites.olt.ubc.ca/finances/paying-your-tuition-and-student-fees-in-touchnet-credit-card-and-signature-debit-card-payment/)
    -   [TransferMate](https://student-workday-2024.sites.olt.ubc.ca/finances/paying-your-tuition-and-student-fees-in-touchnet-transfermate-payment/)
-   [Downloading your proof of tuition payment \(Account Statement\)](https://student-workday-2024.sites.olt.ubc.ca/finances/downloading-your-proof-of-tuition-payment-account-statement/)
-   [Setting up your direct deposit](https://student-workday-2024.sites.olt.ubc.ca/finances/setting-up-your-direct-deposit/)
-   Awards
    -   [Reviewing your UBC award offers](https://student-workday-2024.sites.olt.ubc.ca/finances/reviewing-your-ubc-award-offers/)
    -   [Viewing your award payments](https://student-workday-2024.sites.olt.ubc.ca/finances/viewing-your-award-payments/)
    -   [Applying to the UBC Bursary Program](https://student-workday-2024.sites.olt.ubc.ca/finances/applying-to-the-ubc-bursary-program/)
-   [Resolving a hold on your academic record](https://student-workday-2024.sites.olt.ubc.ca/course-registration/resolving-a-hold-on-your-record/)
-   [Applying for a U\-Pass exemption](https://student-workday-2024.sites.olt.ubc.ca/finances/applying-for-a-u-pass-exemption/)
-   [Downloading your tax forms](https://student-workday-2024.sites.olt.ubc.ca/finances/downloading-your-tax-forms/)",8c03f92859f6aa4e6b5a669c93a7ad81ab879636a6f1a67fc43fe9a774e8590d,,undergraduate_and_shared,2026-09-10T21:24:38+00:00,2026-09-11T05:07:27.466Z,[],"[{""text"": ""Viewing your financial account activity: Tuition amount and payments"", ""url"": ""https://student-workday-2024.sites.olt.ubc.ca/finances/viewing-your-financial-account-activity-tuition-amount-and-payments/""}, {""text"": ""Pre-Authorized Debit"", ""url"": ""https://student-workday-2024.sites.olt.ubc.ca/finances/paying-your-tuition-and-student-fees-in-touchnet-pre-authorized-debit/""}, {""text"": ""Credit card and signature debit card"", ""url"": ""https://student-workday-2024.sites.olt.ubc.ca/finances/paying-your-tuition-and-student-fees-in-touchnet-credit-card-and-signature-debit-card-payment/""}, {""text"": ""TransferMate"", ""url"": ""https://student-workday-2024.sites.olt.ubc.ca/finances/paying-your-tuition-and-student-fees-in-touchnet-transfermate-payment/""}, {""text"": ""Downloading your proof of tuition payment (Account Statement)"", ""url"": ""https://student-workday-2024.sites.olt.ubc.ca/finances/downloading-your-proof-of-tuition-payment-account-statement/""}, {""text"": ""Setting up your direct deposit"", ""url"": ""https://student-workday-2024.sites.olt.ubc.ca/finances/setting-up-your-direct-deposit/""}, {""text"": ""Reviewing your UBC award offers"", ""url"": ""https://student-workday-2024.sites.olt.ubc.ca/finances/reviewing-your-ubc-award-offers/""}, {""text"": ""Viewing your award payments"", ""url"": ""https://student-workday-2024.sites.olt.ubc.ca/finances/viewing-your-award-payments/""}, {""text"": ""Applying to the UBC Bursary Program"", ""url"": ""https://student-workday-2024.sites.olt.ubc.ca/finances/applying-to-the-ubc-bursary-program/""}, {""text"": ""Resolving a hold on your academic record"", ""url"": ""https://student-workday-2024.sites.olt.ubc.ca/course-registration/resolving-a-hold-on-your-record/""}, {""text"": ""Applying for a U-Pass exemption"", ""url"": ""https://student-workday-2024.sites.olt.ubc.ca/finances/applying-for-a-u-pass-exemption/""}, {""text"": ""Downloading your tax forms"", ""url"": ""https://student-workday-2024.sites.olt.ubc.ca/finances/downloading-your-tax-forms/""}]",[],prose/workday/markdown/2cbf67d070b501da8302717971cff0d224102e63c8ff86c514ce794df9c69513.md
prose:workday:2767,prose,workday,workday,https://workday.students.ubc.ca/logging-into-workday/,https://workday.students.ubc.ca/wp-json/wp/v2/pages/2767,2767,Logging into Workday,"## About Workday

UBC students use the Workday student information system to access student records, including the following:

-   Course schedule and registration
-   Grades
-   Awards
-   Tuition summary and payment
-   Exam schedule
-   Transcripts
-   Transfer credits
-   Your personal and contact information

## UBC applicants

If you’re an undergraduate applicant who has just applied to UBC, please log into the [Applicant Service Centre](https://myapplication.ubc.ca/) to access your application status and information\.

## Former students and alumni

Your access to Workday will expire approximately 18 months after you become an inactive student \(e\.g\. after graduation or last registration activity\)\. To order a transcript or replacement document, or download a tax form, log in to the [UBC Online Document tool](https://ubc.appiancloud.com/suite/sites/ubc-official-documents) \(ODMT\) with your CWL\.

## How to login to Workday

Log in to Workday at [myworkday\.ubc\.ca](http://myworkday.ubc.ca/) with your Campus\-wide Login \(CWL\)\. 

If you don’t have a Student CWL, you can create one after accepting your offer and receiving a student number\. You can [set up a Student CWL](https://it.ubc.ca/services/accounts-passwords/campus-wide-login-cwl/how-create-account) through UBC IT\. If you do not have Multi\-factor Authentication set up, [follow instructions](https://it.ubc.ca/services/accounts-passwords/multi-factor-authentication-mfa#getting-started) online, then log into Workday\.

## How to change or reset your CWL password

You can change your CWL password after logging in to your [Campus\-Wide Login \(CWL\) myAccount](https://www.myaccount.ubc.ca/myAccount/login.xhtml)\. You can also [reset your CWL password](https://www.myaccount.ubc.ca/myAccount/forgot/forgotPassword.xhtml) if needed through the website\.

For more information, read the [UBC IT article](https://it.ubc.ca/services/accounts-passwords/campus-wide-login-cwl/problems-your-cwl) for instructions and troubleshooting support\.

## If you forgot your student number or CWL username

Your UBCcard has your student number printed on it, which is an 8\-digit number\. If you’ve lost your UBCcard, you can [request a new card](https://ubccard.ubc.ca/card-renewals-lost-stolen-cards/loststolen-cards?login)\.

If you forgot your CWL username, you can start the [account recovery process](https://www.myaccount.ubc.ca/myAccount/forgot/forgotLogin.xhtml) or contact [UBC IT](https://it.ubc.ca/services/accounts-passwords/campus-wide-login-cwl/problems-your-cwl)\.",6d3a1ce1b471dcbcfeeae2bd586f9f362de7331cc7f37e188d77a31dd15dd628,,undergraduate_and_shared,2025-10-23T22:58:59+00:00,2026-09-11T05:07:27.466Z,[],"[{""text"": ""Applicant Service Centre"", ""url"": ""https://myapplication.ubc.ca/""}, {""text"": ""UBC Online Document tool"", ""url"": ""https://ubc.appiancloud.com/suite/sites/ubc-official-documents""}, {""text"": ""myworkday.ubc.ca"", ""url"": ""http://myworkday.ubc.ca/""}, {""text"": ""set up a Student CWL"", ""url"": ""https://it.ubc.ca/services/accounts-passwords/campus-wide-login-cwl/how-create-account""}, {""text"": ""follow instructions"", ""url"": ""https://it.ubc.ca/services/accounts-passwords/multi-factor-authentication-mfa#getting-started""}, {""text"": ""Campus-Wide Login (CWL) myAccount"", ""url"": ""https://www.myaccount.ubc.ca/myAccount/login.xhtml""}, {""text"": ""reset your CWL password"", ""url"": ""https://www.myaccount.ubc.ca/myAccount/forgot/forgotPassword.xhtml""}, {""text"": ""UBC IT article"", ""url"": ""https://it.ubc.ca/services/accounts-passwords/campus-wide-login-cwl/problems-your-cwl""}, {""text"": ""request a new card"", ""url"": ""https://ubccard.ubc.ca/card-renewals-lost-stolen-cards/loststolen-cards?login""}, {""text"": ""account recovery process"", ""url"": ""https://www.myaccount.ubc.ca/myAccount/forgot/forgotLogin.xhtml""}, {""text"": ""UBC IT"", ""url"": ""https://it.ubc.ca/services/accounts-passwords/campus-wide-login-cwl/problems-your-cwl""}]",[],prose/workday/markdown/11baddb918f0cf9e615ed3378cf842a2a589c472a9c3d04b633c1c9501bd4b0b.md
prose:workday:2892,prose,workday,workday,https://workday.students.ubc.ca/personal-information/updating-your-contact-information/,https://workday.students.ubc.ca/wp-json/wp/v2/pages/2892,2892,Updating your contact information,"To receive emergency updates and other important information from UBC, please check that your contact information is up\-to\-date and accurate on Workday\.

## How your information will be used

**Your privacy matters\. Here are some important things to know about your information in Workday:**

-   All contact information is kept private and will not be visible to anyone other than staff and faculty\. 
-   Your contact email will be used by UBC administrative offices for UBC business purposes or to send you university\-related communications\.
-   If you’re a student working for UBC, your contact information will be updated automatically on both your student and employee profile\.

## How to add or edit your contact information

### Go to your personal information in Workday

1.  Log into your Workday account at [myworkday\.ubc\.ca](http://myworkday.ubc.ca/)\. 
2.  Select “Personal” in the navigation bar on the left\. 
3.  Select “Personal Information”\. 
4.  In the “Change” menu, select the “Home Contact Information” button\. 

### Add or update your contact information

1.  Use the following buttons to make changes:
    -   The pencil icon allows you to edit your information\.
    -   The “X” icon allows you to delete your information\.
    -   The “Add” button allows you to add new information\.
2.  Click the “Submit” button\.

Note: Please monitor your primary email address, as not all UBC communications are sent to secondary email addresses\.

### Update your contact information

1.  Click the “Edit” button to update your contact information\.
2.  Read the information in blue text\.
3.  Use the following buttons to make your changes:
    -   **Pencil icon**: edit your information\. 
    -   **“Add” button**: add new information\.
    -   **“X” icon**: delete your information\. If you haven’t added any contact information yet, you’ll receive an error\.
4.  Click the orange “Submit” button to save your edits\.

> Reminder: Please ensure you have also entered [emergency contact details](https://student-workday-2024.sites.olt.ubc.ca/personal-information/adding-your-emergency-contacts/), so that UBC knows who to contact in the event of an emergency affecting you\.",ea27c2c9de463525695d3ac3d6b2c2e4b074bb19546b3e007bc139cd5b849f46,,undergraduate_and_shared,2026-05-27T19:10:04+00:00,2026-09-11T05:07:27.466Z,[],"[{""text"": ""myworkday.ubc.ca"", ""url"": ""http://myworkday.ubc.ca/""}, {""text"": ""emergency contact details"", ""url"": ""https://student-workday-2024.sites.olt.ubc.ca/personal-information/adding-your-emergency-contacts/""}]",[],prose/workday/markdown/e8cb917f96f67b7a92922aff0643729d861b38c42eff0555564bc4685cb6a698.md
prose:workday:2910,prose,workday,workday,https://workday.students.ubc.ca/personal-information/updating-your-pronouns-trans-experience-and-gender-identity/,https://workday.students.ubc.ca/wp-json/wp/v2/pages/2910,2910,"Updating your pronouns, trans experience, and gender identity","## Important information about pronouns and gender identity in Workday

-   Adding this information in Workday is optional and you can change or remove your information at any time\. 
-   If you are a student who also works at UBC, you may need to add your gender identity for health benefits\. 
-   The pronouns you select in Workday will be listed on your profile under your name\. Professors, advisors, and Student Services staff will be able to view this information\.
-   Your trans experience will not be visible to professors, advisors, or Student Services staff\.
-   Your gender identity will only be visible to Student Services staff who require it for UBC purposes\.

## How to add or update your pronouns, trans experience, and gender identity

### First, go to your Profile in Workday

1.  Log into your Workday account at [myworkday\.ubc\.ca](http://myworkday.ubc.ca/)\. 
2.  On the Workday home screen, click your user icon in the top right corner\.
3.  Click the “View Profile” button in the pop\-up menu\.

[Image](https://student-workday-2024.sites.olt.ubc.ca/files/2024/04/home_view-profile.png)

### Next, go to your personal information

1.  Once you’re in your profile, click the “Personal” tab in the left menu\.
2.  Click the “Personal Information” tab on the top menu\.

[Image](https://student-workday-2024.sites.olt.ubc.ca/files/2024/04/Personal_Personal-information-940x644.jpg)

### Update your personal information

1.  Click the “Edit” button to show the fields that can be updated:
    -   Pronouns
    -   Trans Experience
    -   Gender Identity

> Your date of birth and citizenship cannot be updated in Workday\. You must contact [Enrolment Services](https://students.ubc.ca/about-student-services/enrolment-services-advisors) for changes to this information\.

2.  Read the information for students in blue and green text at the top of the view\. It explains how your information will be accessed and also offers additional details to help you make your updates accurately\.

[Image](https://student-workday-2024.sites.olt.ubc.ca/files/2024/05/Pronouns_Change-My-Personal-Information_Message.jpg)

3.  Click the pencil icon to update your information:
    -   Edit your trans experience, if applicable\. 
    -   Update your gender identity if the information listed is not accurate\.
    -   Select your pronouns\. You can only select one option from the list\.

[Image](https://student-workday-2024.sites.olt.ubc.ca/files/2024/04/Pronouns_Change-Personal-Information_Edit.jpg)

4.  For your pronoun selection, click the check mark icon on the right of the dropdown list to save your pronoun selection\.

[Image](https://student-workday-2024.sites.olt.ubc.ca/files/2024/04/Pronouns_Change-Personal-Information_Pronouns-Dropdown-940x677.jpg)

5.  Click the orange “Submit” button to save your changes\.

[Image](https://student-workday-2024.sites.olt.ubc.ca/files/2024/04/Pronouns_Change-Pesronal-Information_Submit.jpg)

## View your changes 

The changes will now be visible on your profile\. Your pronouns will be listed below your name and will be visible to professors, advisors, and Student Services staff\.

[Image](https://student-workday-2024.sites.olt.ubc.ca/files/2024/04/Pronouns_Profile_Pronouns.png)",1cd9aee81e1851e6b002c3ce81692ec0530f0240ccbd19691401eefee2a34ad0,,undergraduate_and_shared,2024-07-09T17:56:04+00:00,2026-09-11T05:07:27.466Z,[],"[{""text"": ""myworkday.ubc.ca"", ""url"": ""http://myworkday.ubc.ca/""}, {""text"": ""Image"", ""url"": ""https://student-workday-2024.sites.olt.ubc.ca/files/2024/04/home_view-profile.png""}, {""text"": ""Image"", ""url"": ""https://student-workday-2024.sites.olt.ubc.ca/files/2024/04/Personal_Personal-information-940x644.jpg""}, {""text"": ""Enrolment Services"", ""url"": ""https://students.ubc.ca/about-student-services/enrolment-services-advisors""}, {""text"": ""Image"", ""url"": ""https://student-workday-2024.sites.olt.ubc.ca/files/2024/05/Pronouns_Change-My-Personal-Information_Message.jpg""}, {""text"": ""Image"", ""url"": ""https://student-workday-2024.sites.olt.ubc.ca/files/2024/04/Pronouns_Change-Personal-Information_Edit.jpg""}, {""text"": ""Image"", ""url"": ""https://student-workday-2024.sites.olt.ubc.ca/files/2024/04/Pronouns_Change-Personal-Information_Pronouns-Dropdown-940x677.jpg""}, {""text"": ""Image"", ""url"": ""https://student-workday-2024.sites.olt.ubc.ca/files/2024/04/Pronouns_Change-Pesronal-Information_Submit.jpg""}, {""text"": ""Image"", ""url"": ""https://student-workday-2024.sites.olt.ubc.ca/files/2024/04/Pronouns_Profile_Pronouns.png""}]",[],prose/workday/markdown/d4420a02fcec303795805eccd6334289c9013acba79bfbb762809ad164ceb752.md
prose:workday:2939,prose,workday,workday,https://workday.students.ubc.ca/personal-information/viewing-your-legal-name/,https://workday.students.ubc.ca/wp-json/wp/v2/pages/2939,2939,Viewing your legal name,"If you wish to be known by a different legal name on your UBC student records, please contact [Enrolment Services](https://students.ubc.ca/about-student-services/enrolment-services-advisors) to [change your legal name](https://students.ubc.ca/enrolment/records/changing-name-student-record/)\. You will not be able to edit your legal name in Workday\.

## How to view your legal name in Workday

### First, go to your Profile in Workday

1.  Log into your Workday account at [myworkday\.ubc\.ca](http://myworkday.ubc.ca/)\. 
2.  On the Workday home screen, click your user icon in the top right corner\.
3.  Click the “View Profile” button in the pop\-up menu\.

[Image](https://student-workday-2024.sites.olt.ubc.ca/files/2024/04/home_view-profile.png)

### Next, go to your personal information

1.  Once you’re in your profile, click the “Personal” tab on the left menu\. 
2.  Click the “Names” tab in the top menu\. Your legal name will be listed first, followed by your preferred name\.

[Image](https://student-workday-2024.sites.olt.ubc.ca/files/2024/04/Personal-Information_viewing-your-legal-name.jpg)

## Additional resources

-   [Updating your preferred name](https://student-workday-2024.sites.olt.ubc.ca/personal-information/updating-your-preferred-name/)
-   [Adding or changing your contact information](https://student-workday-2024.sites.olt.ubc.ca/personal-information/adding-changing-your-contact-information/)",4343347429bdad1e293cd9703cdaf0cbb66c785b2283086cdd8b838eb9d0e9b1,,undergraduate_and_shared,2025-01-15T22:18:10+00:00,2026-09-11T05:07:27.466Z,[],"[{""text"": ""Enrolment Services"", ""url"": ""https://students.ubc.ca/about-student-services/enrolment-services-advisors""}, {""text"": ""change your legal name"", ""url"": ""https://students.ubc.ca/enrolment/records/changing-name-student-record/""}, {""text"": ""myworkday.ubc.ca"", ""url"": ""http://myworkday.ubc.ca/""}, {""text"": ""Image"", ""url"": ""https://student-workday-2024.sites.olt.ubc.ca/files/2024/04/home_view-profile.png""}, {""text"": ""Image"", ""url"": ""https://student-workday-2024.sites.olt.ubc.ca/files/2024/04/Personal-Information_viewing-your-legal-name.jpg""}, {""text"": ""Updating your preferred name"", ""url"": ""https://student-workday-2024.sites.olt.ubc.ca/personal-information/updating-your-preferred-name/""}, {""text"": ""Adding or changing your contact information"", ""url"": ""https://student-workday-2024.sites.olt.ubc.ca/personal-information/adding-changing-your-contact-information/""}]",[],prose/workday/markdown/a220f20074dc4f297ac9617fce377fd12e462c6b4681e31f70c4b1bf975814ed.md
prose:workday:2943,prose,workday,workday,https://workday.students.ubc.ca/personal-information/adding-your-emergency-contacts/,https://workday.students.ubc.ca/wp-json/wp/v2/pages/2943,2943,Adding your emergency contacts,"## Important information about emergency contacts

-   All UBC students must add emergency contact information in Workday\. 
-   If you are a student who works for UBC,  you will need to add emergency contacts in both your student and employee Workday profiles\.
-   The “Third party user” record on the “Friends and Family” tab is not used for third\-party authorization for UBC business processes\. Find out how to [add a third\-party authorization](https://student-workday-2024.sites.olt.ubc.ca/personal-information/adding-your-third-party-authorization/)\.

## How to add or change an emergency contact

### First, go to your Profile in Workday

1.  Log into your Workday account at [myworkday\.ubc\.ca](http://myworkday.ubc.ca/)\. 
2.  On the Workday home screen, click your user icon in the top right corner\.
3.  Click the “View Profile” button in the pop\-up menu\.

[Image](https://student-workday-2024.sites.olt.ubc.ca/files/2024/04/home_view-profile.png)

### Next, navigate to your contact information

1.  In the Profile, click the “Contact” tab on the left menu\.
2.  Click the “Friends and Family” tab in the top menu\. 

[Image](https://student-workday-2024.sites.olt.ubc.ca/files/2024/04/Personal-Information_adding-your-emergency-contact_navigate-to-contact-info.jpg)

### Add your emergency contact information

1.  Click the white “Add” button\.
2.  In the pop\-up menu, choose ‘Emergency Contact’ as the “Relationship Type”\.  
      
    Do not select a relationship type other than ‘Emergency Contact’, as they will not be allowed for UBC purposes\.

[Image](https://student-workday-2024.sites.olt.ubc.ca/files/2024/04/Personal-Information_adding-emergency-contact_add-your-friends-and-family.jpg)

3.  Do not check the “Is Third Party User” box\. In Workday, this does not mean third\-party authorization and will not be considered as an authorized third party for UBC business\. Find out how to [add third\-party authorization](https://student-workday-2024.sites.olt.ubc.ca/personal-information/adding-your-third-party-authorization/)\.

[Image](https://student-workday-2024.sites.olt.ubc.ca/files/2024/04/Personal-Information_adding-emergency-contact_third-party-authorization.jpg)

4.  Enter the name of your emergency contact in the name fields\.
5.  Click the “Contact Information” tab next to “Name” and add their contact information in the fields\.

[Image](https://student-workday-2024.sites.olt.ubc.ca/files/2024/05/Adding-emergency-contact_contact-information-tab.jpeg)

6.  Click the orange “OK” button to save your emergency contact information in Workday\.",a4a03cf25be1e603b92c88512b98ad35f2cf5f979d28b3c5f89e172b5380c65e,,undergraduate_and_shared,2026-08-13T22:31:58+00:00,2026-09-11T05:07:27.466Z,[],"[{""text"": ""add a third-party authorization"", ""url"": ""https://student-workday-2024.sites.olt.ubc.ca/personal-information/adding-your-third-party-authorization/""}, {""text"": ""myworkday.ubc.ca"", ""url"": ""http://myworkday.ubc.ca/""}, {""text"": ""Image"", ""url"": ""https://student-workday-2024.sites.olt.ubc.ca/files/2024/04/home_view-profile.png""}, {""text"": ""Image"", ""url"": ""https://student-workday-2024.sites.olt.ubc.ca/files/2024/04/Personal-Information_adding-your-emergency-contact_navigate-to-contact-info.jpg""}, {""text"": ""Image"", ""url"": ""https://student-workday-2024.sites.olt.ubc.ca/files/2024/04/Personal-Information_adding-emergency-contact_add-your-friends-and-family.jpg""}, {""text"": ""add third-party authorization"", ""url"": ""https://student-workday-2024.sites.olt.ubc.ca/personal-information/adding-your-third-party-authorization/""}, {""text"": ""Image"", ""url"": ""https://student-workday-2024.sites.olt.ubc.ca/files/2024/04/Personal-Information_adding-emergency-contact_third-party-authorization.jpg""}, {""text"": ""Image"", ""url"": ""https://student-workday-2024.sites.olt.ubc.ca/files/2024/05/Adding-emergency-contact_contact-information-tab.jpeg""}]",[],prose/workday/markdown/bca728e145e34a43e01ea86d5ae23809e012fc6177362a90ee522f0a79f766cf.md
prose:workday:2949,prose,workday,workday,https://workday.students.ubc.ca/personal-information/adding-your-third-party-authorization/,https://workday.students.ubc.ca/wp-json/wp/v2/pages/2949,2949,Adding your third-party authorization,"If you want to give someone permission to access your academic or financial record, or to pick\-up documents on your behalf, you can grant them third\-party authorization\. 

Learn more about [third\-party authorization](https://students.ubc.ca/enrolment/records/third-party-authorization/)\. 

> – You may enter up to three authorized third parties\.  
> – Authorized third parties can contact UBC for your information but cannot act on your behalf \(e\.g\. order transcripts, request refunds\)\.  
> – You must complete every field in the third\-party authorization form\. You can choose which permissions to grant to your third party

## How to add or change third\-party authorizations

### Go to your personal information in Workday

1.  Log into your Workday account at [myworkday\.ubc\.ca](http://myworkday.ubc.ca/)\. 
2.  Click your user icon in the top right corner, then click the “View Profile” button\.   
    [Image](https://student-workday-2024.sites.olt.ubc.ca/files/2026/02/Profile_box.png)
3.  In your profile, click the “Personal” menu item under “Summary”\. **Do** **not** select “Personal” in the left sidebar\.  
    [Image](https://student-workday-2024.sites.olt.ubc.ca/files/2026/02/Personal_box.png)
4.   Click the “Additional Data” tab in the top menu\.   
    

### Add or update your third\-party authorizations

1.  Scroll down to find the “Third Party Authorization” section\. 
2.  Click the “Edit” button\. 
3.  Read the instructions and terms of use for third\-party authorizations\. 
4.  Fill out all fields in this section\. You do not have to grant your third\-party all permissions, but you do need to input a response in each field\. 
    -   The “Authorization code” is a code you create and share with your third\-party contact so UBC can verify their identity\. This can be a word, a number, or any combination of letters, numbers or symbols\. 
5.  Click the “OK” button to save your third\-party authorization information\.",d054cb746b6aaf2e520c6d725a400e399d5990f6192b8bb955ca95311f17c361,,undergraduate_and_shared,2026-09-10T22:25:41+00:00,2026-09-11T05:07:27.466Z,[],"[{""text"": ""third-party authorization"", ""url"": ""https://students.ubc.ca/enrolment/records/third-party-authorization/""}, {""text"": ""myworkday.ubc.ca"", ""url"": ""http://myworkday.ubc.ca/""}, {""text"": ""Image"", ""url"": ""https://student-workday-2024.sites.olt.ubc.ca/files/2026/02/Profile_box.png""}, {""text"": ""Image"", ""url"": ""https://student-workday-2024.sites.olt.ubc.ca/files/2026/02/Personal_box.png""}]",[],prose/workday/markdown/f4dc7003e7646be2dc8436866fe7f0b7669584be738890d8e22706fdfb93c482.md
prose:workday:2953,prose,workday,workday,https://workday.students.ubc.ca/personal-information/viewing-your-date-of-birth/,https://workday.students.ubc.ca/wp-json/wp/v2/pages/2953,2953,Viewing your date of birth,"## Changing your date of birth in Workday

To change your date of birth, you must contact [Enrolment Services](https://students.ubc.ca/about-student-services/enrolment-services-advisors)\. You cannot change this information in Workday\.

## How to view your date of birth

### First, go to your Profile in Workday

1.  Log into your Workday account at [myworkday\.ubc\.ca](http://myworkday.ubc.ca/)\. 
2.  On the Workday home screen, click your user icon in the top right corner\.
3.  Click the “View Profile” button in the pop\-up menu\.

[Image](https://student-workday-2024.sites.olt.ubc.ca/files/2024/04/home_view-profile.png)

### Next, go to your personal information

1.  Click the “Personal” tab on the left menu\. 
2.  Click the “Personal Information” tab on the top menu\. Your date of birth will be displayed in this view\.

[Image](https://student-workday-2024.sites.olt.ubc.ca/files/2024/04/Personal_Personal-information-940x644.jpg)",035482551e525dd11923784c09f80d55c0b1ed13ad5c65f848ae8163b8840eff,,undergraduate_and_shared,2024-07-09T17:56:40+00:00,2026-09-11T05:07:27.466Z,[],"[{""text"": ""Enrolment Services"", ""url"": ""https://students.ubc.ca/about-student-services/enrolment-services-advisors""}, {""text"": ""myworkday.ubc.ca"", ""url"": ""http://myworkday.ubc.ca/""}, {""text"": ""Image"", ""url"": ""https://student-workday-2024.sites.olt.ubc.ca/files/2024/04/home_view-profile.png""}, {""text"": ""Image"", ""url"": ""https://student-workday-2024.sites.olt.ubc.ca/files/2024/04/Personal_Personal-information-940x644.jpg""}]",[],prose/workday/markdown/61df655fe2902962be52efd287ddb4e66e1161b82e1355674e99f828f9b65103.md
prose:workday:2955,prose,workday,workday,https://workday.students.ubc.ca/personal-information/viewing-your-residency-and-citizenship/,https://workday.students.ubc.ca/wp-json/wp/v2/pages/2955,2955,Viewing your residency and citizenship,"## About your residency status

Your UBC tuition and student fees are determined based on your residency status in Canada\. This is shown on your Student Profile Summary in Workday as a status of Canadian “Resident” or “Nonresident”\.

Learn whether you’ll have to pay [international or domestic tuition fees](https://you.ubc.ca/financial-planning/tuition-fees) depending on your status\.

## Changing your citizenship or residency in Workday

To change your citizenship status or residency you must contact [Enrolment Services](https://students.ubc.ca/about-student-services/enrolment-services-advisors) and be prepared to present your citizenship and/or residency documents\. You cannot change this information in Workday\. 

## How to view your residency status

### First, go to your Profile in Workday

1.  Log into your Workday account at [myworkday\.ubc\.ca](http://myworkday.ubc.ca/)\. 
2.  On the Workday home screen, click your user icon in the top right corner\.
3.  Click the “View Profile” button in the pop\-up menu\.

[Image](https://student-workday-2024.sites.olt.ubc.ca/files/2024/04/home_view-profile.png)

### Next, go to your summary

Once you’re in your profile, click the “Summary” tab in the left menu\. Your residency status will be displayed in this view\. 

[Image](https://student-workday-2024.sites.olt.ubc.ca/files/2024/04/Personal-Information_viewing-your-residency-and-citizenship-status_viewing-summary.png)

## How to view your citizenship status

### First, go to your Profile in Workday

1.  Log into your Workday account at [myworkday\.ubc\.ca](http://myworkday.ubc.ca/)\. 
2.  On the Workday home screen, click your user icon in the top right corner\.
3.  Click the “View Profile” button in the pop\-up menu\.

[Image](https://student-workday-2024.sites.olt.ubc.ca/files/2024/04/home_view-profile.png)

### Next, go to your personal information

1.  Once you’re in your profile, click the “Personal” tab in the left menu\.
2.  Click the “Personal Information” tab on the top menu\. Your citizenship status will be displayed in this view\.  

[Image](https://student-workday-2024.sites.olt.ubc.ca/files/2024/04/Personal_Personal-information.jpg)",4431f0dfc4fed952060ef99b8a41a011cda3aef78f61526afd8d3e040b6f0975,,undergraduate_and_shared,2024-07-09T17:57:22+00:00,2026-09-11T05:07:27.466Z,[],"[{""text"": ""international or domestic tuition fees"", ""url"": ""https://you.ubc.ca/financial-planning/tuition-fees""}, {""text"": ""Enrolment Services"", ""url"": ""https://students.ubc.ca/about-student-services/enrolment-services-advisors""}, {""text"": ""myworkday.ubc.ca"", ""url"": ""http://myworkday.ubc.ca/""}, {""text"": ""Image"", ""url"": ""https://student-workday-2024.sites.olt.ubc.ca/files/2024/04/home_view-profile.png""}, {""text"": ""Image"", ""url"": ""https://student-workday-2024.sites.olt.ubc.ca/files/2024/04/Personal-Information_viewing-your-residency-and-citizenship-status_viewing-summary.png""}, {""text"": ""Image"", ""url"": ""https://student-workday-2024.sites.olt.ubc.ca/files/2024/04/Personal_Personal-information.jpg""}]",[],prose/workday/markdown/6cb51a9d8df19a2c75d4d43fdf353423d0c2b13badc4eb6e013f5af54fe05a54.md
prose:workday:2960,prose,workday,workday,https://workday.students.ubc.ca/personal-information/updating-your-preferred-name/,https://workday.students.ubc.ca/wp-json/wp/v2/pages/2960,2960,Updating your preferred name,"## Important information about preferred names

-   Your preferred first and last names will be used for your [UBC Card](https://ubccard.ubc.ca/), Canvas account, and class lists\.
-   If you do not add a preferred name, your preferred name will be your legal name\.
-   If you have not enrolled in UBC since 2021, you may not have access to Workday\. In this case, you will not be able to update your name on your student record through Workday\. Please contact [Enrolment Services](https://students.ubc.ca/about-student-services/enrolment-services-advisors) for assistance instead\.

## How to update your preferred names 

### First, go to your Profile in Workday

1.  Log into your Workday account at [myworkday\.ubc\.ca](http://myworkday.ubc.ca/)\. 
2.  On the Workday home screen, click your user icon in the top right corner\.
3.  Click the “View Profile” button in the pop up menu\.

[Image](https://student-workday-2024.sites.olt.ubc.ca/files/2024/04/home_view-profile.png)

### Next, go to your personal information

1.  Click the “Personal” tab in the left menu\. 
2.  Click the “Names” tab in the top menu\. Your legal name and preferred name will be shown in this view\.

[Image](https://student-workday-2024.sites.olt.ubc.ca/files/2024/05/Updating-your-preferred-name_go-to-personal-information.jpeg)

### Change your preferred name

1.  Click the “Edit” button in the right column of the table showing your preferred name\. A new window will appear\.

[Image](https://student-workday-2024.sites.olt.ubc.ca/files/2024/05/Updating-your-preferred-name_Edit-preferred-name.jpeg)

2.  Edit your preferred name:
    -   Uncheck the “Use Legal Name as Preferred Name” box\.
    -   Enter a preferred first and last name\. You must enter a last name even if it is the same as your legal last name\. All names can only include English or French characters\. 
    -   Do not enter a comment in the “enter your comment” field\.
    -   Click the orange “Submit” button to save your changes\.

[Image](https://student-workday-2024.sites.olt.ubc.ca/files/2024/05/Personal-Information_updating-your-preferred-name_change-your-preferred-name.jpg)

### View your changes 

View your changes by [going to your Workday profile](https://workday.students.ubc.ca/personal-information/updating-your-preferred-name/#workday-view-profile)\. Your updated name will be shown at the top of the left panel\.

You can also view your name change history on this page\.

[Image](https://student-workday-2024.sites.olt.ubc.ca/files/2024/05/Personal-Information_updating-your-preferred-name_view-your-changes.jpg)

## Commonly encountered problems

You can only use English and French characters in your preferred name\. If characters from other languages are selected, your preferred name process will be canceled and it will not be updated on your record\.",b4cb2e8a23dea08e0b411a3c171280bbba420448fd16d17345a60c436641872d,,undergraduate_and_shared,2024-07-15T20:41:49+00:00,2026-09-11T05:07:27.466Z,[],"[{""text"": ""UBC Card"", ""url"": ""https://ubccard.ubc.ca/""}, {""text"": ""Enrolment Services"", ""url"": ""https://students.ubc.ca/about-student-services/enrolment-services-advisors""}, {""text"": ""myworkday.ubc.ca"", ""url"": ""http://myworkday.ubc.ca/""}, {""text"": ""Image"", ""url"": ""https://student-workday-2024.sites.olt.ubc.ca/files/2024/04/home_view-profile.png""}, {""text"": ""Image"", ""url"": ""https://student-workday-2024.sites.olt.ubc.ca/files/2024/05/Updating-your-preferred-name_go-to-personal-information.jpeg""}, {""text"": ""Image"", ""url"": ""https://student-workday-2024.sites.olt.ubc.ca/files/2024/05/Updating-your-preferred-name_Edit-preferred-name.jpeg""}, {""text"": ""Image"", ""url"": ""https://student-workday-2024.sites.olt.ubc.ca/files/2024/05/Personal-Information_updating-your-preferred-name_change-your-preferred-name.jpg""}, {""text"": ""going to your Workday profile"", ""url"": ""https://workday.students.ubc.ca/personal-information/updating-your-preferred-name/#workday-view-profile""}, {""text"": ""Image"", ""url"": ""https://student-workday-2024.sites.olt.ubc.ca/files/2024/05/Personal-Information_updating-your-preferred-name_view-your-changes.jpg""}]",[],prose/workday/markdown/1535092619fc1ffdd2f254d12314301febadf645f133bd0d22dd9baaf6dfe0dc.md
prose:workday:2966,prose,workday,workday,https://workday.students.ubc.ca/personal-information/adding-your-social-insurance-number-sin-or-international-tax-number-itn/,https://workday.students.ubc.ca/wp-json/wp/v2/pages/2966,2966,Adding your Social Insurance Number (SIN) or Individual Tax Number (ITN),"> If you have a previous student or employee record at UBC, you may see an alert indicating that the national identifier \(SIN\) you entered is already in use\. This is expected\. Please dismiss the alert, ensure all required fields are completed, and then submit your update\.

If you’re a former student or alumni who can’t log into Workday, contact [Enrolment Services](https://students.ubc.ca/about-student-services/enrolment-services-advisors/) for support with adding or updating your SIN or ITN\. Learn more about a [Social Insurance Number \(SIN\)](https://students.ubc.ca/finances/taxes/social-insurance-number-sin/) or [Individual Tax Number \(ITN\)](https://students.ubc.ca/finances/taxes/individual-tax-number-itn/)\.

## **How to add or edit your SIN or ITN**

### **Go to your personal information in Workday**

1\. Log into your Workday account at [myworkday\.ubc\.ca](http://myworkday.ubc.ca/)\.  
2\. Click the user icon in the top right corner, then click the “View Profile” button\.

[Select the view profile icon on right side of the screen](https://student-workday-2024.sites.olt.ubc.ca/files/2026/02/Profile_box-293x300.png)

3\. In your profile, click the “Personal” tab\. Do not select the “Personal” menu category from the left sidebar\.

[Select Personal under Summary, not from side bar navigation](https://student-workday-2024.sites.olt.ubc.ca/files/2026/02/Personal_box-768x485.png)

4\. Click the “IDs” tab in the top menu\.

### **Add or update your SIN or ITN**

1.  Click the “Edit” button\.
2.  To update your SIN, click the plus sign in the top left of the “National IDs” table **OR** to update your ITN, click the plus sign in the top left of the “Government IDs” table\.
3.  Complete the required fields:
    -   Click the “Country” box and enter “Canada”\.
    -   Click the “ID type” box and enter “Social Insurance Number” or “Individual Tax Number”\. Add your ID number\.
        -   For a SIN, add your number in the “Add/Edit ID” box\.
        -   For an ITN, add your ID number in the “Identification \#” box\.
    -   Update the “Issued Date” and “Expiration Date” boxes\.
4.   Please check that the information is correct before proceeding, since you will not be able to see your SIN or ITN numbers in full through your Workday profile\.
5.  Click the “Submit” button\.

### **View your changes**

You can view your changes and confirm that your SIN or ITN has been added to your record by returning to your IDs view on your “Personal” tab in your profile\.

You will see that you have a SIN or ITN on record\. However, your number will not be shown on screen\. Instead, you will see “XXX XXX XXX”\.

## **If you have questions**

If you have questions about adding your Social Insurance Number or Individual Tax Number contact [Enrolment Services](https://students.ubc.ca/about-student-services/enrolment-services-advisors/)\.",4adacc3ebbb42c9ca72335ba9c2bb9fa16d91edc9693f08c0a13e0a6a99af9b2,,undergraduate_and_shared,2026-02-13T22:15:50+00:00,2026-09-11T05:07:27.466Z,[],"[{""text"": ""Enrolment Services"", ""url"": ""https://students.ubc.ca/about-student-services/enrolment-services-advisors/""}, {""text"": ""Social Insurance Number (SIN)"", ""url"": ""https://students.ubc.ca/finances/taxes/social-insurance-number-sin/""}, {""text"": ""Individual Tax Number (ITN)"", ""url"": ""https://students.ubc.ca/finances/taxes/individual-tax-number-itn/""}, {""text"": ""myworkday.ubc.ca"", ""url"": ""http://myworkday.ubc.ca/""}, {""text"": ""Select the view profile icon on right side of the screen"", ""url"": ""https://student-workday-2024.sites.olt.ubc.ca/files/2026/02/Profile_box-293x300.png""}, {""text"": ""Select Personal under Summary, not from side bar navigation"", ""url"": ""https://student-workday-2024.sites.olt.ubc.ca/files/2026/02/Personal_box-768x485.png""}]",[],prose/workday/markdown/7e51aeb575d3da43b2c36b6c988845a7356a5a7967d5d36e445992c2014c453b.md
prose:workday:3002,prose,workday,workday,https://workday.students.ubc.ca/course-registration/viewing-the-course-schedule/,https://workday.students.ubc.ca/wp-json/wp/v2/pages/3002,3002,Viewing the course schedule,"## How to view the course schedule

### Go to your Academics app

1.  Log into your Workday account at [myworkday\.ubc\.ca](http://myworkday.ubc.ca/)\. 
2.  Select “Student” in the navigation bar on the left\. 
3.  Select “Academics”\. 

### Find course sections

1.  Select the “Registration &amp; Courses” tab in the top menu\.  
2.  Click the “Find Course Sections” link in the “Registration” menu to the right\. 

#### Select the academic term or session

In the pop\-up menu, select the Term or Session you want to find course sections for:  

1.  Click the “Start Date within” field\.  
2.  If you are exploring courses for the upcoming year, select “Future Periods”\. 
    -   Make sure you choose the correct campus \(i\.e\., UBC\-O for the Okanagan campus, UBC\-V for the Vancouver campus\)\. 
3.  For Winter registration, each Term must be selected individually\. 
    -   Select one or both Winter Term 1 and/or Winter Term 2 \.
    -   **Do not** choose the option that combines Winter Term 1 and Winter Term 2 as it will not display the courses\. 

[find course sections](https://student-workday-2024.sites.olt.ubc.ca/files/2026/02/view-course-schedule-768x510.png)

4\. For Summer registration, select the applicable Academic Session\.

#### Select your academic level

1.  Click the “Academic Level” field\. 
2.  Select ‘Undergraduate’ \(e\.g\. bachelor’s degree programs\) or ‘Graduate’ \(e\.g\. master’s degree and PhD programs\) from the list\.   
    -   **Do not** select “Academic Level Not Applicable”\. This will result in an error\. 
3.  Click the “OK” button\. 

#### **Filter your search results**

1.  To narrow your results, select the filters on the left menu\. You can filter by campus, course level, course subject, number of credits, delivery mode, and instructional format\.   
2.  Click the box next to the filter you want to apply\. Your search results will be automatically updated\.

#### View course details and drop and withdrawal deadlines

Click the arrow beside the course section to view course section details and **drop and withdrawal deadlines**\. You can view details of all course sections by clicking “Expand All”\. Learn more about the [add/drop deadline](https://students.ubc.ca/enrolment/registration/course-change-dates/) and [tuition refund dates](https://students.ubc.ca/finances/tuition-fees/tuition-refunds/)\.

[Image](https://student-workday-2024.sites.olt.ubc.ca/files/2026/04/viewing-course-schedule-add-drop-dates.png)

### Additional resources

-   [Creating a saved schedule](https://student-workday-2024.sites.olt.ubc.ca/course-registration/creating-a-saved-schedule/)
-   [Registering in courses from a saved schedule](https://student-workday-2024.sites.olt.ubc.ca/course-registration/registering-in-courses-from-a-saved-schedule/)
-   [Registering for individual course sections](https://student-workday-2024.sites.olt.ubc.ca/course-registration/registering-for-individual-course-sections/)",a3547fc08a0c170a69cbffdaf116de8c0d3b6d72205e7866239139ada1ae343e,,undergraduate_and_shared,2026-04-22T23:49:01+00:00,2026-09-11T05:07:27.466Z,[],"[{""text"": ""myworkday.ubc.ca"", ""url"": ""http://myworkday.ubc.ca/""}, {""text"": ""find course sections"", ""url"": ""https://student-workday-2024.sites.olt.ubc.ca/files/2026/02/view-course-schedule-768x510.png""}, {""text"": ""add/drop deadline"", ""url"": ""https://students.ubc.ca/enrolment/registration/course-change-dates/""}, {""text"": ""tuition refund dates"", ""url"": ""https://students.ubc.ca/finances/tuition-fees/tuition-refunds/""}, {""text"": ""Image"", ""url"": ""https://student-workday-2024.sites.olt.ubc.ca/files/2026/04/viewing-course-schedule-add-drop-dates.png""}, {""text"": ""Creating a saved schedule"", ""url"": ""https://student-workday-2024.sites.olt.ubc.ca/course-registration/creating-a-saved-schedule/""}, {""text"": ""Registering in courses from a saved schedule"", ""url"": ""https://student-workday-2024.sites.olt.ubc.ca/course-registration/registering-in-courses-from-a-saved-schedule/""}, {""text"": ""Registering for individual course sections"", ""url"": ""https://student-workday-2024.sites.olt.ubc.ca/course-registration/registering-for-individual-course-sections/""}]",[],prose/workday/markdown/cb0e35a1e836f1aa2d08a2a0e57e68c47a43c3abc95fe2b5f53e5c4790bc2b17.md
prose:workday:3009,prose,workday,workday,https://workday.students.ubc.ca/course-registration/resolving-a-hold-on-your-record/,https://workday.students.ubc.ca/wp-json/wp/v2/pages/3009,3009,Resolving a hold on your record,"> **Reminder:**  
> – A hold on your record may block you from registering in courses or receiving a transcript or parchment\.      
> — Please note that a “Missing Direct Deposit Bank Account” hold will not prevent you from registering in courses or receiving a transcript or parchment\.  
> – Check and resolve your holds before your registration appointment to avoid any issues registering in courses\.  

## How to resolve a hold on your record

### Go to your action items and holds in Workday

1.  Log into your Workday account at [myworkday\.ubc\.ca](http://myworkday.ubc.ca/)\.   
2.  Click your user icon in the **top right corner,** then click the “View Profile” button\.
3.  In your profile, click the “Action Items and Holds” tab\. 
4.  View your current holds in the “Active Holds” tab in the top menu

### Resolve your hold

Complete the action items listed in your Active Hold under “Resolution Instructions”\. For example, you may have to pay overdue tuition and fees, or you may need to see an [Enrolment Services Advisor](https://students.ubc.ca/about-student-services/enrolment-services-advisors/) or [Academic Advisor](https://students.ubc.ca/enrolment/academic-learning-resources/academic-advising/) before registering in courses

### Confirm that your hold has been removed

If you’re able to complete the actions, your hold may be resolved automatically\. Depending on the type of hold, processing times can vary\. To verify this, visit the “Action Items and Holds” page and click the “Resolved Holds” tab\.

## If you need additional support

Contact your [Enrolment Services Advisor](https://students.ubc.ca/about-student-services/enrolment-services-advisors) if you need help with understanding  a hold on your academic record\. Learn how to find your [Enrolment Services Advisor’s contact information](https://student-workday-2024.sites.olt.ubc.ca/ubc-advisor-contacts/finding-your-enrolment-services-advisors-contact-information/) in Workday\.",f80204e11c2c5353da411cbfe0dcffe517cde72455288cd21a5e851613e1aa16,,undergraduate_and_shared,2026-09-10T22:14:19+00:00,2026-09-11T05:07:27.466Z,[],"[{""text"": ""myworkday.ubc.ca"", ""url"": ""http://myworkday.ubc.ca/""}, {""text"": ""Enrolment Services Advisor"", ""url"": ""https://students.ubc.ca/about-student-services/enrolment-services-advisors/""}, {""text"": ""Academic Advisor"", ""url"": ""https://students.ubc.ca/enrolment/academic-learning-resources/academic-advising/""}, {""text"": ""Enrolment Services Advisor"", ""url"": ""https://students.ubc.ca/about-student-services/enrolment-services-advisors""}, {""text"": ""Enrolment Services Advisor’s contact information"", ""url"": ""https://student-workday-2024.sites.olt.ubc.ca/ubc-advisor-contacts/finding-your-enrolment-services-advisors-contact-information/""}]",[],prose/workday/markdown/b1be7507a8e6444d86930eacec01abf944dfa0083a135e64ec530376247bc727.md
prose:workday:3091,prose,workday,workday,https://workday.students.ubc.ca/personal-information/updating-your-indigenous-self-identification/,https://workday.students.ubc.ca/wp-json/wp/v2/pages/3091,3091,Updating your Indigenous Self-Identification,"## Important information about Indigenous Self\-Identification

-   The information you submit when you apply to UBC will automatically be added to your Workday profile\.
-   Self\-identification information can only be viewed by certain UBC staff\. 
-   The Indigenous Self\-Identification is only visible on Workday for students who are Canadian citizens\.
-   If you are not a Canadian citizen, you must contact [Enrolment Services](https://students.ubc.ca/about-student-services/enrolment-services-advisors) to update your information\.

## How to edit your Indigenous Self\-Identification 

### First, go to your Profile in Workday

1.  Log into your Workday account at [myworkday\.ubc\.ca](http://myworkday.ubc.ca/)\. 
2.  On the Workday home screen, click your user icon in the top right corner\.
3.  Click the “View Profile” button in the pop\-up menu\.

[Image](https://student-workday-2024.sites.olt.ubc.ca/files/2024/04/home_view-profile.png)

### Next, go to your personal information

1.  Once you’re in your profile, click the “Personal” tab on the left menu\. 
2.  Click the “Additional Data” tab in the top menu\. This will display the current information on your record\. 

[Image](https://student-workday-2024.sites.olt.ubc.ca/files/2024/05/Indigenous-Self-Identification_personal-view-940x475.jpg)

### Update your personal information

1.  Click the white “Edit” button under “Indigenous Self\-Identification”\.  
    
    [Image](https://student-workday-2024.sites.olt.ubc.ca/files/2024/05/Indigenous-Self-Identification_go-to-edit.jpg)
    
2.  You will be brought to a page titled “Edit Additional Data”\. Update the 3 fields under “Indigenous Self\-Identification”\.
3.  Click the orange “OK” button to save your changes\. Your self\-identification information will be saved in your Workday Profile\.  
    
    [Image](https://student-workday-2024.sites.olt.ubc.ca/files/2024/05/Indigenous-Self-Identification_update-your-information-940x573.jpg)",0bb48ac49abd1ac4156709a8d1ff66fc2c5eaef304e883cb90984ded29f1d699,,undergraduate_and_shared,2024-07-09T17:58:45+00:00,2026-09-11T05:07:27.466Z,[],"[{""text"": ""Enrolment Services"", ""url"": ""https://students.ubc.ca/about-student-services/enrolment-services-advisors""}, {""text"": ""myworkday.ubc.ca"", ""url"": ""http://myworkday.ubc.ca/""}, {""text"": ""Image"", ""url"": ""https://student-workday-2024.sites.olt.ubc.ca/files/2024/04/home_view-profile.png""}, {""text"": ""Image"", ""url"": ""https://student-workday-2024.sites.olt.ubc.ca/files/2024/05/Indigenous-Self-Identification_personal-view-940x475.jpg""}, {""text"": ""Image"", ""url"": ""https://student-workday-2024.sites.olt.ubc.ca/files/2024/05/Indigenous-Self-Identification_go-to-edit.jpg""}, {""text"": ""Image"", ""url"": ""https://student-workday-2024.sites.olt.ubc.ca/files/2024/05/Indigenous-Self-Identification_update-your-information-940x573.jpg""}]",[],prose/workday/markdown/e2d41530da9f5bd31daa1a9999eb90e2ca69105406193ead3b2ae25ac6fdd272.md
prose:workday:3096,prose,workday,workday,https://workday.students.ubc.ca/degree-planning/adding-a-program-of-study-second-major-or-minor/,https://workday.students.ubc.ca/wp-json/wp/v2/pages/3096,3096,Adding a program of study (second major or minor),"## About adding a program of study 

You will only be able to self\-declare in Workday if you meet the program entry requirements\.  

This tutorial covers how to add a second major or a minor program, if you are eligible to do so\. If you haven’t done so yet, find out how to [declare a major or specialization\.](https://student-workday-2024.sites.olt.ubc.ca/degree-planning/declaring-or-changing-your-primary-major-honours-or-specialization/)

## How to add your program of study

### First, go to your Profile in Workday

1.  Log into your Workday account at [myworkday\.ubc\.ca](http://myworkday.ubc.ca/)\. 
2.  On the Workday home screen, click your user icon in the top right corner\.
3.  Click the “View Profile” button in the pop\-up menu\.

[Image](https://student-workday-2024.sites.olt.ubc.ca/files/2024/04/home_view-profile.png)

### Next, go to your Academics Overview

1.  Click the “Academics” tab in the left menu\.
2.  By default, you’ll be viewing the information under the “Overview” tab in the top menu\.
3.  Click the orange  “Add Program of Study” button at the bottom\.

[Image](https://student-workday-2024.sites.olt.ubc.ca/files/2024/05/Adding-a-program-of-study_academic-overview-940x314.jpg)

### Add your program of study

1.  In the pop\-up window, search the options to find the program of study you’d like to add\. You can add a second major or a minor program, if your degree allows it\. 
2.  Select the program you want by clicking the circle to the left of the program name in the drop\-down menu\.
3.  Your primary program of study will show up in the “Bundled With” column\. If you have more than one major, all second majors and/or minors must be bundled with the primary program of study\.
4.  In the “Expected Completion Date” column, enter the same completion date as your primary program of study\.
5.  **Do not** change the “Declare Date”, as it will show the current date\.
6.  Click the “Submit” button to save your changes\. 

[Image](https://student-workday-2024.sites.olt.ubc.ca/files/2024/05/Adding-a-program-of-study_add-your-program-940x262.jpg)

### Confirm your changes

After declaring your program, it will show up under your academics overview\. Follow the [previous instructions above](https://workday.students.ubc.ca/degree-planning/adding-a-program-of-study-second-major-or-minor/#academics-overview) to go to your academics overview\. 

## Commonly encountered problems

If you do not see your updated program of study in your academics overview, you may have changed your declare date\.  A request will automatically be sent to a UBC administrator to correct the date before you can update your program again\. 

You will not be able to make any other program changes until this request is resolved\. 

### Faculty approvals

Some Faculties need to approve the change in the system for you to add a program of study\.

If you do not see your program of study change immediately, it may be because your change requires approval and a request has been sent to a UBC administrator\. You will not be able to make any other program changes until your request has been approved or denied\.

You will receive a notification in Workday if your request is denied\. Click on the “Notifications” bell icon in the menu bar to view the details\.

## Additional resources

-   [Declaring or changing your primary major, honours, or specialization](https://student-workday-2024.sites.olt.ubc.ca/degree-planning/declaring-or-changing-your-primary-major-honours-or-specialization/)
-   [Removing a program of study \(second major or minor\)](https://student-workday-2024.sites.olt.ubc.ca/degree-planning/removing-your-program-of-study-second-major-or-minor/)",a8aafe585e224e8883ab183ea5f8c9c10a7b3488a1ff6685746751cff6ba0701,,undergraduate_and_shared,2025-02-27T18:06:23+00:00,2026-09-11T05:07:27.466Z,[],"[{""text"": ""declare a major or specialization."", ""url"": ""https://student-workday-2024.sites.olt.ubc.ca/degree-planning/declaring-or-changing-your-primary-major-honours-or-specialization/""}, {""text"": ""myworkday.ubc.ca"", ""url"": ""http://myworkday.ubc.ca/""}, {""text"": ""Image"", ""url"": ""https://student-workday-2024.sites.olt.ubc.ca/files/2024/04/home_view-profile.png""}, {""text"": ""Image"", ""url"": ""https://student-workday-2024.sites.olt.ubc.ca/files/2024/05/Adding-a-program-of-study_academic-overview-940x314.jpg""}, {""text"": ""Image"", ""url"": ""https://student-workday-2024.sites.olt.ubc.ca/files/2024/05/Adding-a-program-of-study_add-your-program-940x262.jpg""}, {""text"": ""previous instructions above"", ""url"": ""https://workday.students.ubc.ca/degree-planning/adding-a-program-of-study-second-major-or-minor/#academics-overview""}, {""text"": ""Declaring or changing your primary major, honours, or specialization"", ""url"": ""https://student-workday-2024.sites.olt.ubc.ca/degree-planning/declaring-or-changing-your-primary-major-honours-or-specialization/""}, {""text"": ""Removing a program of study (second major or minor)"", ""url"": ""https://student-workday-2024.sites.olt.ubc.ca/degree-planning/removing-your-program-of-study-second-major-or-minor/""}]",[],prose/workday/markdown/a9b5e6073e63f3d2b848033ccea07f346e6a65b12f47f4b96e42f4ef8975de34.md
prose:workday:3100,prose,workday,workday,https://workday.students.ubc.ca/degree-planning/removing-your-program-of-study-second-major-or-minor/,https://workday.students.ubc.ca/wp-json/wp/v2/pages/3100,3100,Removing your program of study (second major or minor),"## About removing your program of study

If you are no longer completing your minor or second major, you can follow the instructions below to drop the secondary program from your record\.

You cannot use this process to drop your primary program\.  If you want to stop your studies at UBC or drop the primary program you are currently enrolled in, contact an advisor in your program or faculty to discuss your options\.

## How to remove a program of study

### First, go to your Profile in Workday

1.  Log into your Workday account at [myworkday\.ubc\.ca](http://myworkday.ubc.ca/)\. 
2.  On the Workday home screen, click your user icon in the top right corner\.
3.  Click the “View Profile” button in the pop\-up menu\.

[Image](https://student-workday-2024.sites.olt.ubc.ca/files/2024/04/home_view-profile.png)

###  Next, go to your academics overview

1.  Click the “Academics” tab in the left menu\.
2.  By default, you’ll be viewing the information under the “Overview” tab in the top menu\.

[Image](https://student-workday-2024.sites.olt.ubc.ca/files/2024/05/Removing-your-program-of-study_go-to-academic-overview.jpg)

### Remove your program of study

1.  You should see a table with your program of study details\. Click on the white “Request” button next to the program you want to remove\. 
2.  Select “Remove Program of Study” from the drop\-down list\.   
    
    [Image](https://student-workday-2024.sites.olt.ubc.ca/files/2024/05/Removing-your-program-of-study_request.jpg)
    
3.  In the “Remove Program of Study” window, find the program to remove and check its box\.  
4.  Check the “Confirm” box\. 
5.  Click the orange “Submit” button at the bottom of the page to save your changes\. 

[Image](https://student-workday-2024.sites.olt.ubc.ca/files/2024/05/Removing-your-program-of-study_remove-your-study.jpg)

### Confirm your changes

Review your academics overview to confirm that your program has been removed\. Follow the [previous instructions above](https://workday.students.ubc.ca/degree-planning/removing-your-program-of-study-second-major-or-minor/#academics-overview) to go to your academics overview\. 

The status for the program of study will change to “Discontinued” when your program is successfully removed\. 

[Image](https://student-workday-2024.sites.olt.ubc.ca/files/2024/05/Removing-your-program-of-study_confirmation-940x276.jpg)

## Faculty approvals

Some faculties need to approve the change in the system for you to remove a program of study\.

If you do not see your program of study change immediately, it is because your change requires approval and a request has been sent to a UBC administrator\. You will not be able to make any other program changes until your request has been approved or denied\.

You will receive a notification in Workday if your request is denied\. Click on the “Notifications” bell icon in the menu bar to view the details\. 

[Image](https://student-workday-2024.sites.olt.ubc.ca/files/2024/05/5-Remove-Program_Not-Approved_Notification.jpg)

## Additional resources

-   [Declaring your major, honours, or specialization](https://student-workday-2024.sites.olt.ubc.ca/degree-planning/declaring-or-changing-your-primary-major-honours-or-specialization/)
-   [Adding a program of study \(second major or minor\)](https://student-workday-2024.sites.olt.ubc.ca/home-page/adding-a-program-of-study-second-major-or-minor/)",e76765d7391bad4adbd9b23e996814637a6d0ec00325f00f9aa49bf6ffdbfe68,,undergraduate_and_shared,2025-02-27T18:06:26+00:00,2026-09-11T05:07:27.466Z,[],"[{""text"": ""myworkday.ubc.ca"", ""url"": ""http://myworkday.ubc.ca/""}, {""text"": ""Image"", ""url"": ""https://student-workday-2024.sites.olt.ubc.ca/files/2024/04/home_view-profile.png""}, {""text"": ""Image"", ""url"": ""https://student-workday-2024.sites.olt.ubc.ca/files/2024/05/Removing-your-program-of-study_go-to-academic-overview.jpg""}, {""text"": ""Image"", ""url"": ""https://student-workday-2024.sites.olt.ubc.ca/files/2024/05/Removing-your-program-of-study_request.jpg""}, {""text"": ""Image"", ""url"": ""https://student-workday-2024.sites.olt.ubc.ca/files/2024/05/Removing-your-program-of-study_remove-your-study.jpg""}, {""text"": ""previous instructions above"", ""url"": ""https://workday.students.ubc.ca/degree-planning/removing-your-program-of-study-second-major-or-minor/#academics-overview""}, {""text"": ""Image"", ""url"": ""https://student-workday-2024.sites.olt.ubc.ca/files/2024/05/Removing-your-program-of-study_confirmation-940x276.jpg""}, {""text"": ""Image"", ""url"": ""https://student-workday-2024.sites.olt.ubc.ca/files/2024/05/5-Remove-Program_Not-Approved_Notification.jpg""}, {""text"": ""Declaring your major, honours, or specialization"", ""url"": ""https://student-workday-2024.sites.olt.ubc.ca/degree-planning/declaring-or-changing-your-primary-major-honours-or-specialization/""}, {""text"": ""Adding a program of study (second major or minor)"", ""url"": ""https://student-workday-2024.sites.olt.ubc.ca/home-page/adding-a-program-of-study-second-major-or-minor/""}]",[],prose/workday/markdown/4726162a86152f597268fac01b4b72df11104b22aa87ed73ac839bb1f3390b7a.md
prose:workday:3317,prose,workday,workday,https://workday.students.ubc.ca/student-documents/,https://workday.students.ubc.ca/wp-json/wp/v2/pages/3317,3317,Student documents,"Learn how to request important academic records or documents\.

-   [Downloading your Confirmation of Enrolment Letter](https://student-workday-2024.sites.olt.ubc.ca/student-documents/downloading-your-confirmation-of-enrolment-letter/)
-   [Downloading your program completion letter](https://student-workday-2024.sites.olt.ubc.ca/student-documents/downloading-your-program-completion-letter/)
-   [Ordering and downloading transcripts](https://student-workday-2024.sites.olt.ubc.ca/student-documents/ordering-a-transcript/)
-   [Ordering a parchment \(diploma\) or certified copy](https://workday.students.ubc.ca/student-documents/ordering-a-parchment-diploma-or-certified-copy/)
-   [Viewing your profile notes](https://student-workday-2024.sites.olt.ubc.ca/student-documents/viewing-your-profile-notes/)",6d062bacdeb8072508d5060bbb4d5e03d8f8d4d6814d90190e7208c16002ceec,,undergraduate_and_shared,2026-07-30T21:38:05+00:00,2026-09-11T05:07:27.466Z,[],"[{""text"": ""Downloading your Confirmation of Enrolment Letter"", ""url"": ""https://student-workday-2024.sites.olt.ubc.ca/student-documents/downloading-your-confirmation-of-enrolment-letter/""}, {""text"": ""Downloading your program completion letter"", ""url"": ""https://student-workday-2024.sites.olt.ubc.ca/student-documents/downloading-your-program-completion-letter/""}, {""text"": ""Ordering and downloading transcripts"", ""url"": ""https://student-workday-2024.sites.olt.ubc.ca/student-documents/ordering-a-transcript/""}, {""text"": ""Ordering a parchment (diploma) or certified copy"", ""url"": ""https://workday.students.ubc.ca/student-documents/ordering-a-parchment-diploma-or-certified-copy/""}, {""text"": ""Viewing your profile notes"", ""url"": ""https://student-workday-2024.sites.olt.ubc.ca/student-documents/viewing-your-profile-notes/""}]",[],prose/workday/markdown/049736451b79bf8240760f70e5e61f13e0a287bfa4f96dd2e61e41764d99e668.md
prose:workday:3337,prose,workday,workday,https://workday.students.ubc.ca/ubc-advisor-contacts/,https://workday.students.ubc.ca/wp-json/wp/v2/pages/3337,3337,UBC advisor contacts,"Search for your advisor information in your Workday account\.

-   [Finding your Enrolment Services Advisor’s contact information](https://student-workday-2024.sites.olt.ubc.ca/ubc-advisor-contacts/finding-your-enrolment-services-advisors-contact-information/)
-   [Finding your Accessibility Advisor’s contact information](https://student-workday-2024.sites.olt.ubc.ca/ubc-advisor-contacts/finding-your-accessibility-advisors-contact-information/)",227a08e0c89be9ab457e763f00239986cd65b1c1cf4a0840ecf7c777b546401b,,undergraduate_and_shared,2024-05-17T22:14:06+00:00,2026-09-11T05:07:27.466Z,[],"[{""text"": ""Finding your Enrolment Services Advisor’s contact information"", ""url"": ""https://student-workday-2024.sites.olt.ubc.ca/ubc-advisor-contacts/finding-your-enrolment-services-advisors-contact-information/""}, {""text"": ""Finding your Accessibility Advisor’s contact information"", ""url"": ""https://student-workday-2024.sites.olt.ubc.ca/ubc-advisor-contacts/finding-your-accessibility-advisors-contact-information/""}]",[],prose/workday/markdown/199aea20aa4835075601d3e3301133ccd0e91e9b65497c14e28430e9511af3ee.md
prose:workday:3347,prose,workday,workday,https://workday.students.ubc.ca/degree-planning/viewing-your-transfer-credit-or-high-school-and-ap-ib-credit/,https://workday.students.ubc.ca/wp-json/wp/v2/pages/3347,3347,Viewing your transfer credit or high school and AP/IB Credit,"## About transfer credit

You will only have access to the “Transfer Credit” page in Workday if you have been awarded transfer credit\. Learn more about [transfer credit terms](https://students.ubc.ca/enrolment/registration/transfer-credits/transfer-credit-terms)\.

The following transfer credits are shown in Workday:

-   “Credit from Coursework” refers to transfer credit from other post\-secondary institutions\. 
-   “Credit from Exams” refers to transfer credit from high school and AP or IB coursework\. 

## How to check your transfer credit 

### First, go to your Profile in Workday

1.  Log into your Workday account at [myworkday\.ubc\.ca](http://myworkday.ubc.ca/)\. 
2.  On the Workday home screen, click your user icon in the top right corner\.
3.  Click the “View Profile” button in the pop\-up menu\.

[Image](https://student-workday-2024.sites.olt.ubc.ca/files/2024/04/home_view-profile.png)

### Next, go to your transfer credit

1.  Once you’re in your profile, click the “Academics” tab in the left menu\. 
2.  In the “Academics” page, click the “Transfer Credit” tab in the top menu\. You will only see this tab in the menu if you have been awarded transfer credit\. 

[Image](https://student-workday-2024.sites.olt.ubc.ca/files/2024/05/Degree-Planning_viewing-your-transfer-credits_go-to-your-transfer-credits.jpg)

### Review your transfer credit

#### Credit from coursework

On the “Transfer Credit” page, under “Credit from Coursework”, you’ll find a table showing the UBC courses and credits you’ve received credit for, along with details of the post\-secondary course and institution where you earned the credits\. 

[Image](https://student-workday-2024.sites.olt.ubc.ca/files/2024/05/Degree-Planning_viewing-your-transfer-credits_credit-from-coursework.jpg)

#### First\-year credit from high school and AP/IB 

On the “Transfer Credit” page, scroll down to “Credit from Exams”\. You’ll find a table showing the UBC courses and credits you’ve received credit for, along with details about the class or high school program where you earned those credits\. 

Find out which Advanced Placement, British\-patterned education, and International Baccalaureate courses are eligible for [first\-year credit](https://you.ubc.ca/applying-ubc/applied/first-year-credit/) at UBC\.

[Image](https://student-workday-2024.sites.olt.ubc.ca/files/2024/05/Degree-Planning_viewing-your-transfer-credits_first-year-credit-from-high-school.jpg)

## Commonly encountered problems

If you have transfer credits but can’t access the “Transfer Credit” page, or you’re missing transfer credits, contact your [Enrolment Services Advisor](https://students.ubc.ca/about-student-services/enrolment-services-advisors)\.",cbe50127a1b91304275050ad2aa88aaa1fc02c69de98a6a02223215f1ea70297,,undergraduate_and_shared,2025-02-27T18:06:33+00:00,2026-09-11T05:07:27.466Z,[],"[{""text"": ""transfer credit terms"", ""url"": ""https://students.ubc.ca/enrolment/registration/transfer-credits/transfer-credit-terms""}, {""text"": ""myworkday.ubc.ca"", ""url"": ""http://myworkday.ubc.ca/""}, {""text"": ""Image"", ""url"": ""https://student-workday-2024.sites.olt.ubc.ca/files/2024/04/home_view-profile.png""}, {""text"": ""Image"", ""url"": ""https://student-workday-2024.sites.olt.ubc.ca/files/2024/05/Degree-Planning_viewing-your-transfer-credits_go-to-your-transfer-credits.jpg""}, {""text"": ""Image"", ""url"": ""https://student-workday-2024.sites.olt.ubc.ca/files/2024/05/Degree-Planning_viewing-your-transfer-credits_credit-from-coursework.jpg""}, {""text"": ""first-year credit"", ""url"": ""https://you.ubc.ca/applying-ubc/applied/first-year-credit/""}, {""text"": ""Image"", ""url"": ""https://student-workday-2024.sites.olt.ubc.ca/files/2024/05/Degree-Planning_viewing-your-transfer-credits_first-year-credit-from-high-school.jpg""}, {""text"": ""Enrolment Services Advisor"", ""url"": ""https://students.ubc.ca/about-student-services/enrolment-services-advisors""}]",[],prose/workday/markdown/a2095cd92efbf154f7cb785bfd6f4411016a25ade10306fd06946e5b9cc72085.md
prose:workday:3354,prose,workday,workday,https://workday.students.ubc.ca/degree-planning/viewing-your-grades-and-academic-record/,https://workday.students.ubc.ca/wp-json/wp/v2/pages/3354,3354,Viewing your grades and academic record,"## About your grades and academic record

In Workday, there are 2 different places to find your grades depending on the academic period: 

-   The “View My Grades” page will show you your grades for a specific academic term\. 
-   The “View my Academic Record” page will display your grades for all terms, your cumulative average, your academic standing\. and your Class Standing \(year level\) at the start of the academic period\.

If you don’t see a grade for a course, your professor hasn’t submitted it yet\. 

Visit the UBC Academic Calendar to learn more about [grades](https://vancouver.calendar.ubc.ca/campus-wide-policies-and-regulations/grading-practices/introduction) and [standings](https://vancouver.calendar.ubc.ca/campus-wide-policies-and-regulations/grading-practices/standings)\. 

## How to view your grades and academic record

### Go to your Academics app 

1.   Log into your Workday account at [myworkday\.ubc\.ca](http://myworkday.ubc.ca/)\. 
2.  Select “Student” in the navigation bar on the left\. 
3.  Select “Academics”\. 

### View your grades

1.  On the right, in the “Academic Records” menu, click the “View My Grades” link\.

[Image](https://student-workday-2024.sites.olt.ubc.ca/files/2024/05/Degree-Planning_view-your-grades.jpg)

2.  In the pop\-up window, select the academic year and session you want to see your grades for\.
    -   The “Student Record” field should be filled in automatically with your name and program\. You should not need to change this field unless you have multiple academic records\.
    -   For example, if you are an undergraduate dual degree student, you may need to select the student record for the degree program you want to view\.
3.  Click the orange “OK” button to display your grades\. 

[Image](https://student-workday-2024.sites.olt.ubc.ca/files/2024/05/Degree-Planning_viewing-your-grades_view-your-grades-pop-up-window.jpg)

4.  You’ll be brought to the “View My Grades” page\. Your grades for the selected academic year and session will be listed in a table\.  You can find your Academic Period Average and Cumulative Average under the table\.
    -   Your **Academic Period Average** shows you the average grade you received for the academic period listed\.
    -   Your **Cumulative Average** shows your average grade for all the courses you’ve completed in the academic record you selected in step 2\. 

[Image](https://student-workday-2024.sites.olt.ubc.ca/files/2024/05/Degree-Planning_viewing-your-grades_view-your-averages-1.jpg)

### View your academic record

1.  Follow the [steps above](https://workday.students.ubc.ca/degree-planning/viewing-your-grades-and-academic-record/#go-to-academics-app) to go to the Academics app\. You will be on the “Academics” page by default\.  
2.  On the right, in the “Academic Records” menu, click the “View My Academic Record” link\.

[Image](https://student-workday-2024.sites.olt.ubc.ca/files/2024/05/Degree-Planning_viewing-your-grades_go-to-view-your-academic-record-940x369.jpg)

3.  You will be taken to the “View My Academic Record” page\. Here, under “Coursework”, you will see a list of your academic sessions\. 
4.  Click the arrow icon on the left of the session you want to view to expand the description\. You will see your courses and grades for the period listed in a table\.  
      
    Below the table, you will also see:
    -   **Your Academic Period** **Totals**, including your grade average for the academic year and the number of credits used to calculate your average\.
    -   **Your Cumulative Average**, which is the average grade of all the courses you’ve completed since you started at UBC\.
    -   **Your Academic Standing**, which reflects your performance in your program\. You may see “Good Academic Standing”, “Academic Probation”, or “Failed Standing”\. Learn more about your [academic standing](https://vancouver.calendar.ubc.ca/faculties-colleges-and-schools/faculty-land-and-food-systems/academic-regulations/year-promotion-and-academic-standing)\. Honours for outstanding academic performance will be listed here as well\. 
    -   Y**our Class Standing at Start of Period**, which reflects your year level at the beginning of the academic period\.

[Image](https://student-workday-2024.sites.olt.ubc.ca/files/2024/05/View-your-grades_Academic-Period-Totals-1.jpg)

## Additional resources

-   [Viewing your academic progress report](https://student-workday-2024.sites.olt.ubc.ca/degree-planning/viewing-your-academic-progress-report/)
-   [Ordering your transcript](https://student-workday-2024.sites.olt.ubc.ca/student-documents/ordering-a-transcript/)",bf9b21f7cd4476deb44070971d0f7a0dc83d4463de03a53a1cc1a21a233a466f,,undergraduate_and_shared,2026-08-11T18:56:06+00:00,2026-09-11T05:07:27.466Z,[],"[{""text"": ""grades"", ""url"": ""https://vancouver.calendar.ubc.ca/campus-wide-policies-and-regulations/grading-practices/introduction""}, {""text"": ""standings"", ""url"": ""https://vancouver.calendar.ubc.ca/campus-wide-policies-and-regulations/grading-practices/standings""}, {""text"": ""myworkday.ubc.ca"", ""url"": ""http://myworkday.ubc.ca/""}, {""text"": ""Image"", ""url"": ""https://student-workday-2024.sites.olt.ubc.ca/files/2024/05/Degree-Planning_view-your-grades.jpg""}, {""text"": ""Image"", ""url"": ""https://student-workday-2024.sites.olt.ubc.ca/files/2024/05/Degree-Planning_viewing-your-grades_view-your-grades-pop-up-window.jpg""}, {""text"": ""Image"", ""url"": ""https://student-workday-2024.sites.olt.ubc.ca/files/2024/05/Degree-Planning_viewing-your-grades_view-your-averages-1.jpg""}, {""text"": ""steps above"", ""url"": ""https://workday.students.ubc.ca/degree-planning/viewing-your-grades-and-academic-record/#go-to-academics-app""}, {""text"": ""Image"", ""url"": ""https://student-workday-2024.sites.olt.ubc.ca/files/2024/05/Degree-Planning_viewing-your-grades_go-to-view-your-academic-record-940x369.jpg""}, {""text"": ""academic standing"", ""url"": ""https://vancouver.calendar.ubc.ca/faculties-colleges-and-schools/faculty-land-and-food-systems/academic-regulations/year-promotion-and-academic-standing""}, {""text"": ""Image"", ""url"": ""https://student-workday-2024.sites.olt.ubc.ca/files/2024/05/View-your-grades_Academic-Period-Totals-1.jpg""}, {""text"": ""Viewing your academic progress report"", ""url"": ""https://student-workday-2024.sites.olt.ubc.ca/degree-planning/viewing-your-academic-progress-report/""}, {""text"": ""Ordering your transcript"", ""url"": ""https://student-workday-2024.sites.olt.ubc.ca/student-documents/ordering-a-transcript/""}]",[],prose/workday/markdown/e10113f7ef58a705f5daf54e39fe2d8cda420a5a7ee3b5be7bd6a04f15e9b335.md
prose:workday:3357,prose,workday,workday,https://workday.students.ubc.ca/degree-planning/viewing-your-academic-progress-report/,https://workday.students.ubc.ca/wp-json/wp/v2/pages/3357,3357,Viewing your academic progress report,"For additional support with navigating or understanding your Academic Progress Report, contact [Academic advising](https://students.ubc.ca/enrolment/academic-learning-resources/academic-advising/)

## How to find your Academic Progress Report 

### Go to your Academics app in Workday

1.  Log into your Workday account at [myworkday\.ubc\.ca](http://myworkday.ubc.ca/)\. 
2.  Select “Student” in the navigation bar on the left\. 
3.  Select “Academics”\.

### View Academic Progress Report

Click “View My Academic Progress” to view:

-   The academic requirements for each of your programs, including your degree and any specializations  
-   The courses you are registered in or have completed, and how they are being used to meet your requirements  
-   The academic requirements you have not yet completed 
-   Your unused registrations, also known as courses you have registered in that cannot be used to meet your program requirements 
-   Your cumulative average 
-   Academic progress wheel\(s\) for your program\(s\) of study, if in use by your home faculty or school 

#### Academic progress wheel\*

-   The Academic Progress Wheel will show you the percentage of academic requirements you have completed for your program\. There may be one wheel for each program of study\. A program of study can be a major, honours, or minor\. For example, if you are completing both a major and a minor, you may see two progress wheels\.  

-   If you are completing a Co\-op program, you may see a progress wheel tracking your Co\-op requirements\. The wheel will remain at 0% throughout your Co\-op terms but will be updated to show 100% completion after you complete your final work term, indicating that you have fulfilled the Co\-op requirement\. 

\*  Academic Progress Wheel\(s\) may be visible for your program\(s\) of study, if in use by your home faculty or school\. 

### View your overall academic progress

In the “Overall Academic Progress” section, you can see the total number of credits you need to complete your degree \(known as your “Credits Defined”\)\. You can also see your completed credits \(known as your “Credits Satisfying”\), your credits in progress, and the number of credits remaining to complete your program\.  

Please note that Bachelor of Applied Science, Vancouver and Bachelor of Music, Vancouver will not see the “Overall Academic Progress” section\. 

1.  Hover over the magnifying glass in the “Overall Academic Progress” in the first column of the “Overall Academic Progress” table\. Three dots will appear\.  
2.  Click on the three dots to open the “Actions” menu and view the details of your “Total Academic Requirement Assignment”\. This is the number of credits you must complete in total for the program to graduate\. 

[Image](https://student-workday-2024.sites.olt.ubc.ca/files/2024/05/Viewing-your-academic-progress_total-academic-requirement-e1767635677904.jpg)

### Review your credits in progress

To see how the courses you’re currently registered in fulfill the academic requirements of your program:

1.  Click on the down arrow beside the “Credits in Progress” number to open the  drop\-down menu\.  
2.  Click “View Details” on the drop\-down menu\. 
3.  A pop\-up window will appear, listing the courses you’re currently registered in, their academic period, and the academic requirements they meet for your program\. 

[Image](https://student-workday-2024.sites.olt.ubc.ca/files/2024/05/Viewing-your-academic-progress_credits-remaining-e1767635573272.jpg)

[Image](https://student-workday-2024.sites.olt.ubc.ca/files/2024/05/Viewing-your-academic-progress_credits-pop-up-e1767635060700.jpg)

### Review your completed credits

To see how the courses you’ve completed fulfill the academic requirements of your program: 

1.  Click on the down arrow beside the “Credits Satisfying” number to open the drop\-down menu in the “Overall academic progress” table\. 
2.  Click “View Details” on the drop\-down menu\. 
3.  A pop\-up window will appear, listing the credits you’ve completed already, including their academic period, grade, and the academic requirements they’ve met for your program\. 

[Image](https://student-workday-2024.sites.olt.ubc.ca/files/2024/05/Viewing-your-academic-progress_review-completed-credits-e1767635432227.jpg)

[Image](https://student-workday-2024.sites.olt.ubc.ca/files/2024/05/Viewing-your-academic-progress_view-completed-credits-pop-up-e1767635321349.jpg)

## Understanding your program requirements

Requirements for certain programs may vary depending on what year you enrolled in your program\. The requirements you see match the version of requirements on the [UBC Academic Calendar](https://vancouver.calendar.ubc.ca/faculties-colleges-and-schools) that you must follow to complete your program\.  

## About unused registrations 

Unused registrations are courses you have registered in or transfer credit that cannot be used to meet your program requirements\.  

If you have unused registrations, you will see an arrow next to the number\. Click the arrow and a pop\-up window listing the details for your unused registrations will appear\.  

The “Reason” column will explain why a course cannot be used to meet your requirements\. Here are some of the reasons you may see:

-   **In Excess:** This course would meet a requirement you have already fulfilled\.  
-   **Didn’t Match:** This course falls outside of the academic requirements for your program of study\. 
-   **Didn’t Satisfy:** You did not earn credit for this course, or it did not meet any requirement for your program\(s\) of study\.  

## Additional resources

If you want to find out what your progress would be if you transferred to a new program, you can [evaluate your academic requirements](https://student-workday-2024.sites.olt.ubc.ca/degree-planning/evaluate-your-academic-requirements/)\.",7f217ccaeb3eb518b3c8073aec138ff7dce5d7dc2e4c83e901ece2a06073e116,,undergraduate_and_shared,2026-06-12T20:53:51+00:00,2026-09-11T05:07:27.466Z,[],"[{""text"": ""Academic advising"", ""url"": ""https://students.ubc.ca/enrolment/academic-learning-resources/academic-advising/""}, {""text"": ""myworkday.ubc.ca"", ""url"": ""http://myworkday.ubc.ca/""}, {""text"": ""Image"", ""url"": ""https://student-workday-2024.sites.olt.ubc.ca/files/2024/05/Viewing-your-academic-progress_total-academic-requirement-e1767635677904.jpg""}, {""text"": ""Image"", ""url"": ""https://student-workday-2024.sites.olt.ubc.ca/files/2024/05/Viewing-your-academic-progress_credits-remaining-e1767635573272.jpg""}, {""text"": ""Image"", ""url"": ""https://student-workday-2024.sites.olt.ubc.ca/files/2024/05/Viewing-your-academic-progress_credits-pop-up-e1767635060700.jpg""}, {""text"": ""Image"", ""url"": ""https://student-workday-2024.sites.olt.ubc.ca/files/2024/05/Viewing-your-academic-progress_review-completed-credits-e1767635432227.jpg""}, {""text"": ""Image"", ""url"": ""https://student-workday-2024.sites.olt.ubc.ca/files/2024/05/Viewing-your-academic-progress_view-completed-credits-pop-up-e1767635321349.jpg""}, {""text"": ""UBC Academic Calendar"", ""url"": ""https://vancouver.calendar.ubc.ca/faculties-colleges-and-schools""}, {""text"": ""evaluate your academic requirements"", ""url"": ""https://student-workday-2024.sites.olt.ubc.ca/degree-planning/evaluate-your-academic-requirements/""}]",[],prose/workday/markdown/a4f39cc391a4be8cd9d45980d37f6fb0067ee6433d7390fc0198298a41df99cf.md
prose:workday:3449,prose,workday,workday,https://workday.students.ubc.ca/degree-planning/declaring-or-changing-your-primary-major-honours-or-specialization/,https://workday.students.ubc.ca/wp-json/wp/v2/pages/3449,3449,"Declaring or changing your primary major, honours, or specialization","## About declaring or changing your major

You will only be able to self\-declare your major in Workday if you meet the program entry requirements\.  

You cannot use the steps below to change your degree program\. For example, you cannot change from a Bachelor of Science to a Bachelor of Arts, or from a Bachelor of Arts in Vancouver to a Bachelor of Arts in the Okanagan\. To change your degree program, speak to an [Enrolment Services Advisor](https://students.ubc.ca/about-student-services/enrolment-services-advisors)\.

### When to use this process: 

-   To declare your primary major, honours, or specialization in your program\.
-   To change your primary major, honours, or specialization to another one\. For example, changing a Bachelor of Arts Major in Psychology to a Bachelor of Arts Major in Sociology\.

## How to declare your primary major

### First, go to your Profile in Workday

1.  Log into your Workday account at [myworkday\.ubc\.ca](http://myworkday.ubc.ca/)\. 
2.  On the Workday home screen, click your user icon in the top right corner\.
3.  Click the “View Profile” button in the pop\-up menu\.

[Image](https://student-workday-2024.sites.olt.ubc.ca/files/2024/04/home_view-profile.png)

###  Next, go to your academics overview

1.  Click the “Academics” tab in the left menu\.
2.  By default, you’ll be viewing the information under the “Overview” tab in the top menu\.

[Image](https://student-workday-2024.sites.olt.ubc.ca/files/2024/05/Declaring-your-major_go-to-academic-overview.jpg)

### Change your program of study

1.  You should see a table with your program of study details\. Click on the white “Request” button in the row of your current primary program of study\.  
    
    [Image](https://student-workday-2024.sites.olt.ubc.ca/files/2024/05/Declaring-your-major_change-program-of-study_request-1-940x242.jpg)
    
2.  In the pop\-up window, remove your current program of study from the “New Program of Study” box by clicking the ‘x’ next to the program name\. This way, you will not need to re\-enter your expected completion date and other details\.  
    
    [Image](https://student-workday-2024.sites.olt.ubc.ca/files/2024/05/Declaring-your-major_change-your-program_remove-current-program.jpg)
    

3.  Search for the program you want to declare as your major or specialization in the “New Program of Study” box\. Make sure you include your degree \(for example, B\.A\.\) in the name of the new primary program of study\. The degree’s initials must also include a period after the letters\. For example, if you are searching for a Bachelor of Arts, type “B\.A\.” not “BA”\.  
    
    [Image](https://student-workday-2024.sites.olt.ubc.ca/files/2024/05/Declaring-your-major_change-your-program_declare-new-major.jpg)
    
4.  Select the program you want from the drop\-down menu\.
5.  If you have bundled programs on your record, such as second majors or minors, you will need to remove your current program of study from the “Bundled With” box by clicking the ‘x’ next to the program name\. Then, enter your new primary program of study in the “Bundled With” field on the same line as your secondary program\.  
    
    [Image](https://student-workday-2024.sites.olt.ubc.ca/files/2024/05/Declaring-your-major_change-your-program_bundled-with-major-1-940x157.jpg)
    
6.  After selecting your primary program of study, click the checkbox in the “Is Primary” column\.
7.  Enter your Expected Completion Date in the right column if it is not automatically populated\. Use the same Expected Completion Date you see on your current primary program of study\. Your Faculty can change this date later if necessary\. You are **not required** to graduate by this date\.
8.  **Do not** change the “Declare Date”, as it will show your current date\.
9.  Click the “Submit” button to save your changes\.   
    
    [Image](https://student-workday-2024.sites.olt.ubc.ca/files/2024/05/Declaring-your-major_change-your-program_submit-new-program-940x230.jpg)
    

### Confirm your changes

Follow the [previous instructions above](https://workday.students.ubc.ca/degree-planning/declaring-or-changing-your-primary-major-honours-or-specialization/#academic-overview) to go to your academics overview\. 

After declaring your new program, it will show up under your academics overview\. The status will show “In Progress”\. 

Your previous primary program of study will also be listed in your academics overview\. The status for this program will show “Discontinued”\.

[Image](https://student-workday-2024.sites.olt.ubc.ca/files/2024/05/Declaring-your-major_view-new-major-940x223.jpg)

## Errors and Alerts 

You may come across errors and alert messages when declaring your major: 

-   You may not meet the program entry requirements or you aren’t allowed to self\-declare your selected program\. Contact your faculty or department\.
-   You may not have filled out all required fields\. For example, if you do not enter an “Expected Completion Date”, you will not be able to declare your major\. 

[Image](https://student-workday-2024.sites.olt.ubc.ca/files/2024/05/Declaring-your-major_errors-940x222.jpg)

## Additional resources

-   [Adding a program of study \(second major or minor\)](https://student-workday-2024.sites.olt.ubc.ca/home-page/adding-a-program-of-study-second-major-or-minor/)
-   [Removing a program of study \(second major or minor\)](https://student-workday-2024.sites.olt.ubc.ca/degree-planning/removing-your-program-of-study-second-major-or-minor/)",5950a7ace37535ddd078ad2a744ca5684bbb2ea845911155eb7306cabc96a737,,undergraduate_and_shared,2025-02-27T18:06:06+00:00,2026-09-11T05:07:27.466Z,[],"[{""text"": ""Enrolment Services Advisor"", ""url"": ""https://students.ubc.ca/about-student-services/enrolment-services-advisors""}, {""text"": ""myworkday.ubc.ca"", ""url"": ""http://myworkday.ubc.ca/""}, {""text"": ""Image"", ""url"": ""https://student-workday-2024.sites.olt.ubc.ca/files/2024/04/home_view-profile.png""}, {""text"": ""Image"", ""url"": ""https://student-workday-2024.sites.olt.ubc.ca/files/2024/05/Declaring-your-major_go-to-academic-overview.jpg""}, {""text"": ""Image"", ""url"": ""https://student-workday-2024.sites.olt.ubc.ca/files/2024/05/Declaring-your-major_change-program-of-study_request-1-940x242.jpg""}, {""text"": ""Image"", ""url"": ""https://student-workday-2024.sites.olt.ubc.ca/files/2024/05/Declaring-your-major_change-your-program_remove-current-program.jpg""}, {""text"": ""Image"", ""url"": ""https://student-workday-2024.sites.olt.ubc.ca/files/2024/05/Declaring-your-major_change-your-program_declare-new-major.jpg""}, {""text"": ""Image"", ""url"": ""https://student-workday-2024.sites.olt.ubc.ca/files/2024/05/Declaring-your-major_change-your-program_bundled-with-major-1-940x157.jpg""}, {""text"": ""Image"", ""url"": ""https://student-workday-2024.sites.olt.ubc.ca/files/2024/05/Declaring-your-major_change-your-program_submit-new-program-940x230.jpg""}, {""text"": ""previous instructions above"", ""url"": ""https://workday.students.ubc.ca/degree-planning/declaring-or-changing-your-primary-major-honours-or-specialization/#academic-overview""}, {""text"": ""Image"", ""url"": ""https://student-workday-2024.sites.olt.ubc.ca/files/2024/05/Declaring-your-major_view-new-major-940x223.jpg""}, {""text"": ""Image"", ""url"": ""https://student-workday-2024.sites.olt.ubc.ca/files/2024/05/Declaring-your-major_errors-940x222.jpg""}, {""text"": ""Adding a program of study (second major or minor)"", ""url"": ""https://student-workday-2024.sites.olt.ubc.ca/home-page/adding-a-program-of-study-second-major-or-minor/""}, {""text"": ""Removing a program of study (second major or minor)"", ""url"": ""https://student-workday-2024.sites.olt.ubc.ca/degree-planning/removing-your-program-of-study-second-major-or-minor/""}]",[],prose/workday/markdown/c2c9d6f0198e676d584f71f98d1ea2d139a613eb3bd54e83df4f5f4cf1b36995.md
prose:workday:3466,prose,workday,workday,https://workday.students.ubc.ca/student-documents/downloading-your-confirmation-of-enrolment-letter/,https://workday.students.ubc.ca/wp-json/wp/v2/pages/3466,3466,Downloading your Confirmation of Enrolment Letter,"A Confirmation of Enrolment Letter—also known as a Proof of Enrolment or Verification of Enrolment—is an official document showing that you are currently registered at UBC\.

## Access the UBC Official Documents tool \(ODMT\)

UBC students can download Confirmation of Enrolment Letters from the [UBC Official Documents tool](https://ubc.appiancloud.com/suite/sites/ubc-official-documents) \(ODMT\) or through Workday:

1.  Log into your Workday account at [myworkday\.ubc\.ca](http://myworkday.ubc.ca/)\. 
2.  Select “Student” in the navigation bar on the left\.
3.  Select “Academics”\.
4.  In the “Transcripts and Enrolment/Completion Letters” menu, click the “UBC Official Documents” link to go to the UBC Official Documents tool \(ODMT\)\.

### How to download your Confirmation of Enrolment Letter 

1.  Select “Confirmation of Enrolment Letter” in the “Order Options” menu\.
2.  Select the academic session\.
3.  Click the “Request Letter \(PDF\)” button\.
4.  Wait a few seconds before clicking the “Generate Letter \(PDF\)” button\.
5.  Click the “PDF” icon to download\.",e9eed6966013a5ca83efeccedb6d983aa08cf9975c5790cb92d7904420c6c371,,undergraduate_and_shared,2026-07-28T18:58:12+00:00,2026-09-11T05:07:27.466Z,[],"[{""text"": ""UBC Official Documents tool"", ""url"": ""https://ubc.appiancloud.com/suite/sites/ubc-official-documents""}, {""text"": ""myworkday.ubc.ca"", ""url"": ""http://myworkday.ubc.ca/""}]",[],prose/workday/markdown/f15af5b5e2192ae61363894e6340dcea170ae99cf2644bde6ea283bc07a0d859.md
prose:workday:3470,prose,workday,workday,https://workday.students.ubc.ca/ubc-advisor-contacts/finding-your-enrolment-services-advisors-contact-information/,https://workday.students.ubc.ca/wp-json/wp/v2/pages/3470,3470,Finding your Enrolment Services Advisor’s contact information,"## About Enrolment Services Advisors

If you are an undergraduate student in a degree program on the UBC Vancouver campus, you’re assigned a dedicated [Enrolment Services Advisor](https://students.ubc.ca/about-student-services/enrolment-services-advisors) \(ES Advisor\) to help you navigate finances, registration, and more at UBC\. If you don’t have an assigned advisor, they’re still available to help\.

If you are a graduate student, please contact your [program advisor](https://www.grad.ubc.ca/current-students/program-advising)\.

## How to find your assigned ES Advisor

### Go to your Academics app

1.  Log into your Workday account at [myworkday\.ubc\.ca](http://myworkday.ubc.ca/)\. 
2.  Select “Student” in the navigation bar on the left\. 
3.  Select “Academics”\. 

### Find your ES Advisor

Click the “Support” tab in the Academics App to view your ES Advisor and their contact information\.

[Image](https://student-workday-2024.sites.olt.ubc.ca/files/2024/05/Finding-your-enrolment-services-advisor_support-page.jpg)",f5a45f1b3891fa6938e774690b68cb7934037e423508b5b96bb1249eb25c2b13,,undergraduate_and_shared,2026-05-06T18:12:03+00:00,2026-09-11T05:07:27.466Z,[],"[{""text"": ""Enrolment Services Advisor"", ""url"": ""https://students.ubc.ca/about-student-services/enrolment-services-advisors""}, {""text"": ""program advisor"", ""url"": ""https://www.grad.ubc.ca/current-students/program-advising""}, {""text"": ""myworkday.ubc.ca"", ""url"": ""http://myworkday.ubc.ca/""}, {""text"": ""Image"", ""url"": ""https://student-workday-2024.sites.olt.ubc.ca/files/2024/05/Finding-your-enrolment-services-advisor_support-page.jpg""}]",[],prose/workday/markdown/12629775e4dbfbd8351c4d57ffe728c7ec05c856ea6a1e9336f641bd6499c748.md
prose:workday:3479,prose,workday,workday,https://workday.students.ubc.ca/ubc-advisor-contacts/finding-your-accessibility-advisors-contact-information/,https://workday.students.ubc.ca/wp-json/wp/v2/pages/3479,3479,Finding your Accessibility Advisor’s contact information,"## About Accessibility Advising

Accessibility Advisors facilitate disability\-related accommodations and programming initiatives designed to remove barriers for students with disabilities and ongoing medical conditions\. Learn how to [register with the Centre for Accessibility](https://students.ubc.ca/about-student-services/centre-for-accessibility)\.

## How to find your Accessibility Advisor

### Go to your Academics app

1.  Log into your Workday account at [myworkday\.ubc\.ca](http://myworkday.ubc.ca/)\. 
2.  Select “Student” in the navigation bar on the left\. 
3.  Select “Academics”\. 

### Find your Accessibility Advisor

Click the “Support” tab in the Academics App to view your Accessibility Advisor and their contact information\.

[Image](https://student-workday-2024.sites.olt.ubc.ca/files/2024/05/Finding-your-accessibility-advisor_support-page.jpg)",cc31e57f7c9aded1b17cc49b458750482e3bbdfd0a4713e598fb27bd81000227,,undergraduate_and_shared,2026-05-06T18:17:21+00:00,2026-09-11T05:07:27.466Z,[],"[{""text"": ""register with the Centre for Accessibility"", ""url"": ""https://students.ubc.ca/about-student-services/centre-for-accessibility""}, {""text"": ""myworkday.ubc.ca"", ""url"": ""http://myworkday.ubc.ca/""}, {""text"": ""Image"", ""url"": ""https://student-workday-2024.sites.olt.ubc.ca/files/2024/05/Finding-your-accessibility-advisor_support-page.jpg""}]",[],prose/workday/markdown/450c57b9d832ecbf46633c16d606b8d401af23ff76d033a98bba1ab4c8b2169c.md
prose:workday:3513,prose,workday,workday,https://workday.students.ubc.ca/course-registration/viewing-your-registration-appointment/,https://workday.students.ubc.ca/wp-json/wp/v2/pages/3513,3513,Viewing your registration appointment,"## How to view your registration appointment

### Go to your Academics app

1.   Log into your Workday account at [myworkday\.ubc\.ca](http://myworkday.ubc.ca/)\. 
2.  Select “Student” in the navigation bar on the left\. 
3.  Select “Academics”\. 

### Go to your registration appointment

1.  Click the “Registration &amp; Courses” tab in the top menu\.
2.  Your registration appointment date and time will be listed on the right side of the table\. 

> Please note:  
> – Your Workday account may show both a registration appointment **start time and end time**\. While the start time indicates the start of your personal registration period, the end time simply refers to the period when general enrolment begins\. It has no relevance to your registration timeline\.  
> – If you are enrolled in more than one program, you will be assigned two registration appointments\. For example, an undergraduate dual degree student would register in courses for **both** programs on the earliest listed registration appointment date\.  
> – **Your registration date and time may change**, so please check your registration appointment in Workday regularly for updates\. 

## Next steps

To prepare for your course registration, you can [view the course schedule](https://student-workday-2024.sites.olt.ubc.ca/course-registration/viewing-the-course-schedule/) and [create a saved schedule](https://student-workday-2024.sites.olt.ubc.ca/course-registration/creating-a-saved-schedule/)\. 

When your registration appointment opens, you can [register from a saved schedule](https://student-workday-2024.sites.olt.ubc.ca/course-registration/registering-in-courses-from-a-saved-schedule/) or [register for individual course sections](https://student-workday-2024.sites.olt.ubc.ca/course-registration/registering-for-individual-course-sections/)\.",4a90afee506994fa1a51e090ad6b6e8f8603e2e7fda20e34b4c2132b41442ee4,,undergraduate_and_shared,2026-04-22T23:49:30+00:00,2026-09-11T05:07:27.466Z,[],"[{""text"": ""myworkday.ubc.ca"", ""url"": ""http://myworkday.ubc.ca/""}, {""text"": ""view the course schedule"", ""url"": ""https://student-workday-2024.sites.olt.ubc.ca/course-registration/viewing-the-course-schedule/""}, {""text"": ""create a saved schedule"", ""url"": ""https://student-workday-2024.sites.olt.ubc.ca/course-registration/creating-a-saved-schedule/""}, {""text"": ""register from a saved schedule"", ""url"": ""https://student-workday-2024.sites.olt.ubc.ca/course-registration/registering-in-courses-from-a-saved-schedule/""}, {""text"": ""register for individual course sections"", ""url"": ""https://student-workday-2024.sites.olt.ubc.ca/course-registration/registering-for-individual-course-sections/""}]",[],prose/workday/markdown/8138bf87857f02bdfad80ed896c42a4d524dff7f5c641d885c0799d0194db999.md
prose:workday:3515,prose,workday,workday,https://workday.students.ubc.ca/course-registration/registering-for-individual-course-sections/,https://workday.students.ubc.ca/wp-json/wp/v2/pages/3515,3515,Registering for individual course sections,"> This function will not be available in Workday until your [registration appointment](https://student-workday-2024.sites.olt.ubc.ca/course-registration/viewing-your-registration-appointment/) opens\.

There are two primary ways you can register for courses in Workday:

1.  [Create a saved schedule](https://student-workday-2024.sites.olt.ubc.ca/course-registration/creating-a-saved-schedule/) and register all your courses at once\.
2.  Register for individual courses one at a time\.

This page explains how you can register for a specific course after your registration opens\. Prior to your registration appointment, you can create a saved schedule and register for multiple courses at once when your registration is open\. 

## How to register for individual course sections 

### Find course sections

Follow the instructions to [view the course schedule](https://student-workday-2024.sites.olt.ubc.ca/course-registration/viewing-the-course-schedule/)\.

### Select a course section

1.  When you find a course you want to register for, click the course title link\.  
    
    [Image](https://student-workday-2024.sites.olt.ubc.ca/files/2024/05/Register-for-individual-course_select-course-section-940x373.jpg)
    
2.  On the “View Course Section” page, review the course description for eligibility requirements, prerequisites, or corequisites to confirm that you are eligible to register\.   
    

### Register in the course section 

1.  Click the “Register” button at the bottom of the page\. 
    -   The button will only appear after your registration appointment when registration has opened for you\. 
    -   If registration is not yet open for you, you can add this course to a saved schedule by clicking the “Add to Saved Schedule” button\. 
2.  On the “Register for Course Section” page, review the selected course section\.
3.  Select the course section you want to register for\. You may see more than one option\. 
4.  Ensure you have selected all activities required for the course \(e\.g\. tutorials, seminars, laboratories, etc\.\)\. 
5.  Click the “Register” button to register in the individual course section\. 
6.  If you do not want to register in the course section, cancel the registration by clicking the “Cancel” button\. 

[Image](https://student-workday-2024.sites.olt.ubc.ca/files/2024/05/Register-for-individual-courses_review-course-section-1.jpg)

### Confirm your registration

A summary page will appear to confirm that you have registered successfully\.  This page will include information about the course section you registered in\.

Click the white “View Registered Courses” button at the bottom of the page to view your full list of registered courses\. You can also click the white “View Student Account” button to view your account summary, where you can review your financial information, like your tuition\.

## Common issues

If you do not see a “Register” button, it may be because registration is not yet open to you\. Check your [registration appointment](https://student-workday-2024.sites.olt.ubc.ca/course-registration/viewing-your-registration-appointment/)\.

If registration for a course section is unsuccessful, find out why:

-   Read the course description for eligibility requirements, prerequisites or corequisites\. 
-   Use the Troubleshoot Registration tool located in the Registration &amp; Courses tab in the Academics app\. Learn more about [troubleshooting course registration](https://student-workday-2024.sites.olt.ubc.ca/course-registration/troubleshooting-your-course-registration/)\. 
-   Under some circumstances during the registration process, the system will automatically guide you to the Registration Troubleshooting tool\. Follow the prompts to troubleshoot your registration\. 

## Additional resources

-   [Registering from a saved schedule](https://student-workday-2024.sites.olt.ubc.ca/course-registration/registering-in-courses-from-a-saved-schedule/)
-   [Dropping a course](https://student-workday-2024.sites.olt.ubc.ca/course-registration/dropping-a-course/)
-   [Swapping a course](https://student-workday-2024.sites.olt.ubc.ca/course-registration/swapping-a-course/)
-   [Withdrawing from a course](https://student-workday-2024.sites.olt.ubc.ca/course-registration/withdrawing-from-a-course/)
-   [Troubleshooting your course registration](https://student-workday-2024.sites.olt.ubc.ca/course-registration/troubleshooting-your-course-registration/)",0ee78bb95f0b429c55d55233adec151ef24ae43cafd0bf67a9c7f0393119a560,,undergraduate_and_shared,2026-06-26T17:12:31+00:00,2026-09-11T05:07:27.466Z,[],"[{""text"": ""registration appointment"", ""url"": ""https://student-workday-2024.sites.olt.ubc.ca/course-registration/viewing-your-registration-appointment/""}, {""text"": ""Create a saved schedule"", ""url"": ""https://student-workday-2024.sites.olt.ubc.ca/course-registration/creating-a-saved-schedule/""}, {""text"": ""view the course schedule"", ""url"": ""https://student-workday-2024.sites.olt.ubc.ca/course-registration/viewing-the-course-schedule/""}, {""text"": ""Image"", ""url"": ""https://student-workday-2024.sites.olt.ubc.ca/files/2024/05/Register-for-individual-course_select-course-section-940x373.jpg""}, {""text"": ""Image"", ""url"": ""https://student-workday-2024.sites.olt.ubc.ca/files/2024/05/Register-for-individual-courses_review-course-section-1.jpg""}, {""text"": ""troubleshooting course registration"", ""url"": ""https://student-workday-2024.sites.olt.ubc.ca/course-registration/troubleshooting-your-course-registration/""}, {""text"": ""Registering from a saved schedule"", ""url"": ""https://student-workday-2024.sites.olt.ubc.ca/course-registration/registering-in-courses-from-a-saved-schedule/""}, {""text"": ""Dropping a course"", ""url"": ""https://student-workday-2024.sites.olt.ubc.ca/course-registration/dropping-a-course/""}, {""text"": ""Swapping a course"", ""url"": ""https://student-workday-2024.sites.olt.ubc.ca/course-registration/swapping-a-course/""}, {""text"": ""Withdrawing from a course"", ""url"": ""https://student-workday-2024.sites.olt.ubc.ca/course-registration/withdrawing-from-a-course/""}, {""text"": ""Troubleshooting your course registration"", ""url"": ""https://student-workday-2024.sites.olt.ubc.ca/course-registration/troubleshooting-your-course-registration/""}]",[],prose/workday/markdown/5c8d2ce6f62431d968f57811b4d52665ed60dd59c60347ff68252184f9c2377c.md
prose:workday:3545,prose,workday,workday,https://workday.students.ubc.ca/degree-planning/evaluate-your-academic-requirements/,https://workday.students.ubc.ca/wp-json/wp/v2/pages/3545,3545,Creating an Evaluated Academic Requirements report,"## About the Evaluated Academic Requirements Report

> To view your academic progress for your **current program\(s\) of study**, follow the tutorial on viewing your [Academic Progress Report](https://workday.students.ubc.ca/degree-planning/viewing-your-academic-progress-report/)\.

The Evaluated Academic Requirements Report is a tool for UBC students who are thinking about declaring a specialization or transferring to a different program of study at UBC\. The report can show you how your academic progress would carry over or be impacted by the change\. It helps to answer the question, “What if I changed my program to this?”

For example, you might wish to change your primary program, also referred to as your major or specialization\. Or, you might want to add or change minors, honours, or second majors, known as secondary programs\.

Here are some things to keep in mind:

-   The Evaluated Academic Requirements report shows what your progress in a new degree program or specialization would be based on your current academic progress and registered courses\.
-   Report results are informational only to help in your degree planning\. 
-   Your report will reflect the most up\-to\-date program requirements\.
-   You can have up to 10 Evaluated Academic Requirements reports in your Workday account at a time\. If you create more than 10, your oldest report will be removed from the system\. 
-   You can only test your academic requirements for a new program of study, not for an individual course registration\. 

## How to create an Evaluated Academic Requirements report 

### Go to your Academics app 

1.  Log into your Workday account at [myworkday\.ubc\.ca](http://myworkday.ubc.ca/)\. 
2.  Select “Student” in the navigation bar on the left\. 
3.  Select “Academics”\.

### Go to your academic requirements

In the “Academic Planning” menu, click the “Evaluate Academic Requirements” link\.

[Image](https://student-workday-2024.sites.olt.ubc.ca/files/2024/05/Evaluated-Academic-Requirement_go-to-academic-requirement.jpeg)

Your current programs of study will be displayed in a table format: 

[Image](https://student-workday-2024.sites.olt.ubc.ca/files/2024/05/Evaluate-Academic-Requirements_current-program-940x326.jpg)

### Create a report for a program of study you’re thinking of transferring to

First, scroll down to the “Evaluate Programs of Study” section\. By default, this section will be set to your current program\(s\) of study\.

#### If you are thinking of changing majors or specializations

Your major or specialization is known as your **primary** program of study\.

1.  Remove your “Program of Study” in the first row by clicking the ‘x’ icon\.
2.  Search for and select the new program of study \(major or specialization\) you’re thinking of transferring to\. Be sure to include your degree in your search \(e\.g\. B\.A\. Major in Sociology\)\.
3.  Make sure the “Is Primary” box is selected\.
4.  Keep the “Requirements Effective Date” as is, which is set to the current date by default\.
5.  Click the orange “OK” button\. 
6.  Click the “Done” button to run the evaluation, which will create a report for you in the background\.

[Image](https://student-workday-2024.sites.olt.ubc.ca/files/2024/05/Evaluate-Academic-Requirements_evaluate-program-of-study.jpg)

#### If you are thinking of adding a minor, honors, or second major

Minors, honours, or second majors are known as **secondary** programs of study\.

1.  Keep your primary program of study in the first row and make sure the “Is Primary” box is checked\.
2.  Click the \(\+\) icon on the left corner of the table beside “Program of study”\. A new row should be created\.
3.  In this new row, search for and select the secondary program of study you are thinking of adding\.
4.  Make sure the “Is Primary” box is not selected for this row\.
5.  Keep the “Requirements Effective Date” as is, which is set to the current date by default\.
6.  Click the orange “OK” button\. 
7.  Click the “Done” button to run the evaluation, which will create a report for you in the background\.

[Image](https://student-workday-2024.sites.olt.ubc.ca/files/2024/05/Evaluate-Academic-Requirements_removing-a-minor.jpg)

#### If you are thinking of changing your minor, honours, or second major

Minors, honours, or second majors are known as **secondary** programs of study\.

1.  Keep your primary program of study in the first row and make sure the “Is Primary” box is checked\.
2.  In the row with your secondary program of study, click the ‘x’ icon to remove the program\.
3.   Search for and select the new secondary program you’re thinking of changing\.
4.   Make sure the “Is Primary” box is not selected for this row\.
5.   Keep the “Requirements Effective Date” as is, which is set to the current date by default\.
6.   Click the orange “OK” button\. 

[Image](https://student-workday-2024.sites.olt.ubc.ca/files/2024/05/Evaluate-Academic-Requirements_removing-a-minor.jpg)

7.   Click the “Done” button to run the evaluation, which will create a report for you in the background\.

#### If you encounter an error

You may receive a “Page Error” if you do not select a primary program of study\. Please make sure the “Is Primary” box is checked for your main program of study in the “Evaluate Programs of Study” table\.

[Image](https://student-workday-2024.sites.olt.ubc.ca/files/2024/05/Evaluate-Academic-Requirements_page-error.jpg)

[Image](https://student-workday-2024.sites.olt.ubc.ca/files/2024/05/Evaluate-Academic-Requirements_error-check-primary-940x189.jpg)

You may receive an “Error – Bundled With” alert if you select an additional program of study, like a second major or minor, but do not select a primary program of study to bundle it with\. 

To resolve this issue:

-   Make sure your additional program of study is on its own line below your primary program of study\.
-   Keep the “Is Primary” box unchecked for the additional program\.
-   Find and select your primary program of study in the “Bundled With” field\.

[Image](https://student-workday-2024.sites.olt.ubc.ca/files/2024/05/Evaluate-Academic-Requirements_error-bundled-with.jpg)

[Image](https://student-workday-2024.sites.olt.ubc.ca/files/2024/05/Evaluate-Academic-Requirements_bundled-with-error-alert-940x407.jpg)

### Find your evaluated academic requirements report

After you’ve run your chosen evaluation, you can access your “Evaluated Academic Requirements” report results in one of three ways:

-   Pop\-up notification
-   Notification menu
-   Academics app

#### Pop\-up notification

A pop\-up notification will appear at the top right of the page once your report has been created\. Click the link in the notification to view your report\.

[Image](https://student-workday-2024.sites.olt.ubc.ca/files/2024/05/Evaluate-Academic-Requirements_notification-940x159.jpg)

#### Notification menu

You can also find the new reports in your notifications inbox\.

1.  Click the bell icon in the top right corner of the page to go to your notifications inbox\. 
2.  Click the report notification in the list of notifications\.
3.  Once the notification message is open on the right, click the “View Details” button to review your report\.

[Image](https://student-workday-2024.sites.olt.ubc.ca/files/2024/05/Evaluate-Academic-Requirements_notification-tab-940x275.jpg)

#### Academics App 

You can access a list of all your previous Evaluated Academic Requirements reports in the Academics App if the notifications are resolved\. This is also the place you can see Evaluated Academic Requirement reports your academic advisor may have run for you\.

1.  Follow the [steps above](https://workday.students.ubc.ca/degree-planning/evaluate-your-academic-requirements/#academics-app) to go to the Academics App\. 
2.  Under the “Academic Planning” menu on the right, click the “View Evaluated Academic Requirements” link\. 
3.  In the pop\-up window, select the Evaluated Academic Requirements report you want to view from the drop\-down menu\.
4.  Click the orange “OK” button to display your report\. 

[Image](https://student-workday-2024.sites.olt.ubc.ca/files/2024/05/View-Evaluated-Academic-Requirements.jpg)

### Review your academic requirements

The date and evaluated program of study are displayed at the top of the report\. 

Review your results, which look and work like a regular Academic Progress Report, to understand how a change in program would impact your academic progress\.

## Next steps

If you need further help thinking through a program change, contact your [Faculty advisor](https://students.ubc.ca/enrolment/academic-learning-resources/academic-advising)\.",cf536a4a5b58472b39f188595346950d1f356dd6bf4010a056373947f76b77e1,,undergraduate_and_shared,2026-06-12T20:59:56+00:00,2026-09-11T05:07:27.466Z,[],"[{""text"": ""Academic Progress Report"", ""url"": ""https://workday.students.ubc.ca/degree-planning/viewing-your-academic-progress-report/""}, {""text"": ""myworkday.ubc.ca"", ""url"": ""http://myworkday.ubc.ca/""}, {""text"": ""Image"", ""url"": ""https://student-workday-2024.sites.olt.ubc.ca/files/2024/05/Evaluated-Academic-Requirement_go-to-academic-requirement.jpeg""}, {""text"": ""Image"", ""url"": ""https://student-workday-2024.sites.olt.ubc.ca/files/2024/05/Evaluate-Academic-Requirements_current-program-940x326.jpg""}, {""text"": ""Image"", ""url"": ""https://student-workday-2024.sites.olt.ubc.ca/files/2024/05/Evaluate-Academic-Requirements_evaluate-program-of-study.jpg""}, {""text"": ""Image"", ""url"": ""https://student-workday-2024.sites.olt.ubc.ca/files/2024/05/Evaluate-Academic-Requirements_removing-a-minor.jpg""}, {""text"": ""Image"", ""url"": ""https://student-workday-2024.sites.olt.ubc.ca/files/2024/05/Evaluate-Academic-Requirements_page-error.jpg""}, {""text"": ""Image"", ""url"": ""https://student-workday-2024.sites.olt.ubc.ca/files/2024/05/Evaluate-Academic-Requirements_error-check-primary-940x189.jpg""}, {""text"": ""Image"", ""url"": ""https://student-workday-2024.sites.olt.ubc.ca/files/2024/05/Evaluate-Academic-Requirements_error-bundled-with.jpg""}, {""text"": ""Image"", ""url"": ""https://student-workday-2024.sites.olt.ubc.ca/files/2024/05/Evaluate-Academic-Requirements_bundled-with-error-alert-940x407.jpg""}, {""text"": ""Image"", ""url"": ""https://student-workday-2024.sites.olt.ubc.ca/files/2024/05/Evaluate-Academic-Requirements_notification-940x159.jpg""}, {""text"": ""Image"", ""url"": ""https://student-workday-2024.sites.olt.ubc.ca/files/2024/05/Evaluate-Academic-Requirements_notification-tab-940x275.jpg""}, {""text"": ""steps above"", ""url"": ""https://workday.students.ubc.ca/degree-planning/evaluate-your-academic-requirements/#academics-app""}, {""text"": ""Image"", ""url"": ""https://student-workday-2024.sites.olt.ubc.ca/files/2024/05/View-Evaluated-Academic-Requirements.jpg""}, {""text"": ""Faculty advisor"", ""url"": ""https://students.ubc.ca/enrolment/academic-learning-resources/academic-advising""}]",[],prose/workday/markdown/e4632e3e7e3191ba0b096fef61003723cc44a62e4c3d07f2c2d246a057bd7f49.md
prose:workday:3704,prose,workday,workday,https://workday.students.ubc.ca/course-registration/troubleshooting-your-course-registration/,https://workday.students.ubc.ca/wp-json/wp/v2/pages/3704,3704,Troubleshooting course registration,"> If you are experiencing issues when attempting to register from a saved schedule, view the [troubleshooting saved schedules](https://student-workday-2024.sites.olt.ubc.ca/course-registration/troubleshooting-saved-schedules/) tutorial\.

## Troubleshooting your registration

### Go to your Academics app

1.  Log into your Workday account at [myworkday\.ubc\.ca](http://myworkday.ubc.ca/)\. 
2.  Select “Student” in the navigation bar on the left\. 
3.  Select “Academics”\. 
4.  In the Registration &amp; Course tab, click on the Troubleshoot Registration link\. 
5.  Review the entire “Troubleshoot Registration” page, including the “Course” and “Course Section” tables, to understand the eligibility issues that will prevent you from registering \(after your registration appointment opens\)\. There may be more than one reason\. 

#### Using the Registration Troubleshooting tool

Enter individual courses or course sections to identify and troubleshoot potential registration issues during or before registration\.  

You don’t need to wait until your registration appointment opens to run registration Troubleshooting\. However, the results will reflect your eligibility at the time you use the tool, including pre\-requisites, academic period and other factors\. 

### Tips for reviewing the Troubleshooting Registration page

- **Row 1**

  - **Header cell 1:**
  
    Section
  
  - **Header cell 2:**
  
    How to review

- **Row 2**

  - **Cell 1:**
  
    **Academic Period**
  
  - **Cell 2:**
  
    Check the “Academic Period” to make sure it shows: The correct session and term you are registering for\.  The correct campus\. For example, if you are registering for a course beginning in September 2026 on the Vancouver campus, the Academic Period should display “2026\-27 Winter Term 2 \(UBC\-V\)”\.

- **Row 3**

  - **Cell 1:**
  
    **Academic Record &amp; Active Record**
  
  - **Cell 2:**
  
    The “Academic Record” should match your primary program of study, and must be listed as “Active” \(yes\)\. If your Academic Record is not listed as “Active”, you will not be able to register for the course\.

- **Row 4**

  - **Cell 1:**
  
    **Course &amp; Course Section**
  
  - **Cell 2:**
  
    Both the course and course section must be offered at the Vancouver campus in order for you to register\. If the course code is followed by “\_V”, it means that the course is offered on the Vancouver campus, if it ends with an “O” it is offered on the Vancouver campus For example, PSYC**\_V** 203, or PSYC**\_V** 203\-100 are courses offered at UBCV

- **Row 5**

  - **Cell 1:**
  
    **Enrol****ment Window**
  
  - **Cell 2:**
  
    Make sure the “Enrolment Window” says “Yes”\. This means you are trying to register within the allowable time period\. You will not be able to register if you see “No” next to “Enrolment Window”\.

- **Row 6**

  - **Cell 1:**
  
    **Maximum** **Credits, Enrolled Credits and Additional Credits** **From** **This Course Section**
  
  - **Cell 2:**
  
    Compare these values to ensure you are not trying to register for more than your maximum allowable credits for the academic period\.  
      
    1\. Review your “Maximum Credits”\.   
    2\. Add your “Enrolled Credits” to the “Additional Credits From This Course Section”\.  
      
    These two values must equal or be less than the “Maximum Credits” value\.  
      
    Example results:  
    Maximum Credits \= 15  
    Enrolled Credits \= 12  
    Additional Credits From This Course Section \= 4  
      
    In this example, the student is trying to register in 16 credits, which exceeds the maximum credit value of 15\. This student would not be able to register for the course\.

- **Row 7**

  - **Cell 1:**
  
    **Holds**
  
  - **Cell 2:**
  
    The “Holds” section indicates whether you have a hold on your account blocking you from registering for courses\.  
      
    If you see the number 0 next to the “Holds” section, this means you do not have any holds on your account\. If you see a numerical value of 1 or higher, this means you have a hold on your academic record\. Learn how to [resolve a hold on your academic record](https://student-workday-2024.sites.olt.ubc.ca/course-registration/resolving-a-hold-on-your-record/)\.

### Tips for reviewing the Course and Course Section tables

The “Course” and “Course Section” tables each have three columns: “Restriction”, “Can Register”, and “Details”\. 

#### Restriction

This column shows the requirements that need to be satisfied for you to register in the course section\. Restrictions you might see include: 

| Restriction | What this means |
| --- | --- |
| **Eligible** | If you are eligible for a course based on eligibility rules such as pre\-requisites, corequisites, and other restrictions\. |
| **No D****uplicate R****egistration** | If you are currently registered for a course, you cannot register for the course again\. |
| **Has P****ublished, Visible S****ections** | A course must have published sections before you can register for it\. |
| **Can R****egister for C****o****requisite** | Note: this field will always display “Yes” in Workday\. To review corequisites for a course, search for it on the [Academic Calendar](https://vancouver.calendar.ubc.ca/faculties-colleges-and-schools)\. |
| **Can R****epeat** | If you have enrolled in this course before, this field specifies if you can take it again\. |
| **Access to Enrolment** | Typically, Enrolment Access is set at Campus Level \(Vancouver or Okanagan\) and/or Academic Level \(Graduate or Undergraduate\)\. Students must meet these rules to register for a course\. |
| **Has Capacity** | If the course does not have seats available, then you will not be able to register into this course section\. |
| **No Time Conflict Exists** | If you have already registered into a course section that occurs at the same time as this course section, then you will not be able to register\. |

#### Can Register

This column indicates whether you can register based on the restriction requirements\. 

-   **No**: You are unable to register for the course because you do not meet the restrictions\.
-   **Yes**: You can register for the course\. 

#### Details

This column provides further details about why restriction requirements are not met, if applicable\. 

## How to resolve registration issues

You may be able to resolve some issues on your own\. For more complex cases, you may need to speak to an academic advisor\. Review the information below to find out how to resolve common registration issues\.

- **Row 1**

  - **Header cell 1:**
  
    **Restriction in Course/Course Sections table**
  
  - **Header cell 2:**
  
    **Potential issue**
  
  - **Header cell 3:**
  
    **How to resolve**

- **Row 2**

  - **Cell 1 (rowspan 2):**
  
    Eligible
  
  - **Cell 2:**
  
    You are an undergraduate student trying to register for a graduate level course\.
  
  - **Cell 3:**
  
    You will not be able to self\-register in graduate courses\. To take graduate courses, [contact an academic advisor](https://students.ubc.ca/enrolment/academic-learning-resources/academic-advising/)\.

- **Row 3**

  - **Cell 1:**
  
    You have not taken the required prerequisites or corequisites for the course\.
  
  - **Cell 2:**
  
    Take all the required prerequisites or corequisites before enrolling in the course\. To check which courses are required, review the course section in the [course schedule](https://student-workday-2024.sites.olt.ubc.ca/course-registration/viewing-the-course-schedule/)\.

- **Row 4**

  - **Cell 1:**
  
    No Time Conflict Exists
  
  - **Cell 2:**
  
    The course section overlaps with and belongs to the same course as another course section you’re already enrolled in\.
  
  - **Cell 3:**
  
    Decide which course section you want to enrol in and choose one\.

- **Row 5**

  - **Cell 1:**
  
    Has Capacity
  
  - **Cell 2:**
  
    The course section has no capacity \(e\.g\. the course section is full or is closed\)\.
  
  - **Cell 3:**
  
    Select another course section or join the course waitlist if available\.

- **Row 6**

  - **Cell 1:**
  
    No Duplicate Registrations
  
  - **Cell 2:**
  
    You are already enrolled in the course section and are registering in the same section again\.
  
  - **Cell 3:**
  
    If you wish to remain in the current course section, no further action is required\. If you want to change to another section, [swap your course](https://student-workday-2024.sites.olt.ubc.ca/course-registration/swapping-dropping-or-withdrawing-from-a-course/)\.

- **Row 7**

  - **Cell 1:**
  
    Can Repeat
  
  - **Cell 2:**
  
    You’ve reached maximum retake limit for the course but want to retake the course again\.
  
  - **Cell 3:**
  
    You will not be able to self\-register in the course unless you [contact an advisor](https://students.ubc.ca/enrolment/academic-learning-resources/academic-advising/)\.

**Please note:** 

In addition to the issues identified on the “Troubleshoot Registration” page, there may be other reasons that you are unable to register\. For example: 

-   **You have not successfully registered in prerequisite courses required for Term 2:** If you are taking a prerequisite course required for a Term 2 course during Term 1, you must successfully register for it before you can register for the Term 2 course\. Any alerts for Term 2 registration will be updated once you have registered for the prerequisite course in Term 1\. 
-   **Your Registration Appointment has not opened or the add/drop deadline has passed:** Learn how to [view your registration appointment](https://student-workday-2024.sites.olt.ubc.ca/course-registration/viewing-your-registration-appointment/)\. 
-   **You are an Vancouver campus student and try to register for a course on the UBC Okanagan campus:** Check the [course code](https://workday.students.ubc.ca/course-registration/troubleshooting-your-course-registration/#course-code) to verify that the course is for the correct campus\. To take courses on the UBC Vancouver campus, please refer to the [Cross Campus Registration eligibility](https://students.ubc.ca/enrolment/registration/cross-campus-registration/) and [contact an academic advisor](https://students.ubc.ca/enrolment/academic-learning-resources/academic-advising/)\. 

## Additional resources

-   [Registering for individual course sections](https://student-workday-2024.sites.olt.ubc.ca/course-registration/registering-for-individual-course-sections/)
-   [Troubleshooting saved schedules](https://student-workday-2024.sites.olt.ubc.ca/course-registration/troubleshooting-saved-schedules/)",7c39dc940aff877461b78a53f8b050ea6ccd2b05bbedb172928d21dfa0b77e18,,undergraduate_and_shared,2026-06-26T22:08:00+00:00,2026-09-11T05:07:27.466Z,[],"[{""text"": ""troubleshooting saved schedules"", ""url"": ""https://student-workday-2024.sites.olt.ubc.ca/course-registration/troubleshooting-saved-schedules/""}, {""text"": ""myworkday.ubc.ca"", ""url"": ""http://myworkday.ubc.ca/""}, {""text"": ""resolve a hold on your academic record"", ""url"": ""https://student-workday-2024.sites.olt.ubc.ca/course-registration/resolving-a-hold-on-your-record/""}, {""text"": ""Academic Calendar"", ""url"": ""https://vancouver.calendar.ubc.ca/faculties-colleges-and-schools""}, {""text"": ""contact an academic advisor"", ""url"": ""https://students.ubc.ca/enrolment/academic-learning-resources/academic-advising/""}, {""text"": ""course schedule"", ""url"": ""https://student-workday-2024.sites.olt.ubc.ca/course-registration/viewing-the-course-schedule/""}, {""text"": ""swap your course"", ""url"": ""https://student-workday-2024.sites.olt.ubc.ca/course-registration/swapping-dropping-or-withdrawing-from-a-course/""}, {""text"": ""contact an advisor"", ""url"": ""https://students.ubc.ca/enrolment/academic-learning-resources/academic-advising/""}, {""text"": ""view your registration appointment"", ""url"": ""https://student-workday-2024.sites.olt.ubc.ca/course-registration/viewing-your-registration-appointment/""}, {""text"": ""course code"", ""url"": ""https://workday.students.ubc.ca/course-registration/troubleshooting-your-course-registration/#course-code""}, {""text"": ""Cross Campus Registration eligibility"", ""url"": ""https://students.ubc.ca/enrolment/registration/cross-campus-registration/""}, {""text"": ""Registering for individual course sections"", ""url"": ""https://student-workday-2024.sites.olt.ubc.ca/course-registration/registering-for-individual-course-sections/""}, {""text"": ""Troubleshooting saved schedules"", ""url"": ""https://student-workday-2024.sites.olt.ubc.ca/course-registration/troubleshooting-saved-schedules/""}]","[""A complex table is represented as row/cell lists; merged-cell spans are labelled.""]",prose/workday/markdown/2202617c9a32a328a4b3d4730866589cdbdbfe786a57ed7bedbff2b13008ba17.md
prose:workday:3887,prose,workday,workday,https://workday.students.ubc.ca/finances/paying-your-tuition-and-student-fees-in-touchnet-credit-card-and-signature-debit-card-payment/,https://workday.students.ubc.ca/wp-json/wp/v2/pages/3887,3887,Paying your tuition and student fees with Credit card and Signature Debit card payment,"## About TouchNet

UBC uses TouchNet as a payment tool for tuition and student fees\.

TouchNet is replacing other forms of ePayment, such as International Funds Transfer via Convera and Interac Online\.  

Receipts for payments made in TouchNet are only available in TouchNet, not in Workday\.

Please note that your TouchNet profile reflects your legal name\.

TouchNet accepts Visa, Mastercard, as well as major banks’ Visa Debit and Mastercard Debit cards\.

## How to pay with a credit card

### First, go to your Finances App  

1.  Log into your Workday account at [myworkday\.ubc\.ca](http://myworkday.ubc.ca/)\.
2.  On the right side of the page, in the “Your Top Apps” menu, click the “Finances” app\.

[Image](https://student-workday-2024.sites.olt.ubc.ca/files/2024/05/Go-to-your-finances-app.jpg)

### Review your current outstanding balance

In the Finances app, you will be taken to the “Finances” page by default\. 

On the left side of the page, under “Account Activity”, your “Due Now” balance will be listed\. This balance includes charges that are past due or due within the next 30 days\.

If there are any changes in your registration, program of study, or citizenship on your account, your account balance will be updated the following day\. Your Account Activity does not refresh in real time\. Tuition and student fees are assessed nightly\.

You can make payments toward your “Due Now” balance, but not charges due in the future\.

You may not see ‘Charges’ until you register in courses\.

[Image](https://student-workday-2024.sites.olt.ubc.ca/files/2024/05/WD-Outstanding-Balance-Before-Payment-1-940x272.jpg)

### Next, go to TouchNet Payment Centre

In the “Tuition and Fees” menu to the right, click the “Make a Payment: TouchNet Payment Centre” link\. You will be redirected to the TouchNet homepage, which is a separate app from Workday\.

[Image](https://student-workday-2024.sites.olt.ubc.ca/files/2024/05/Go-to-TouchNet.jpg)

### Make a payment 

1.  Once on the TouchNet homepage, you will see your current outstanding balance listed as “Due Now” in the Student Account box\. Click the dark blue “Make Payment” button\.

[Image](https://student-workday-2024.sites.olt.ubc.ca/files/2024/05/TouchNet_pay-using-credit_make-payment--940x351.jpg)

2.  On the “Account Payment” page, enter the amount you want to pay in the field under “Amount Due”\. You have the option to make a full or partial payment\.
3.  Click the blue “Continue” button to the lower right\.

[Image](https://student-workday-2024.sites.olt.ubc.ca/files/2024/05/TouchNet_pay-using-credit_enter-amount-to-be-paid-940x454.jpg)

4.  If you’ve previously designated your pre\-authorized debit bank account as your default payment method, you will be prompted to pay with this method automatically\. To change to credit or debit card, you can click the blue “Cancel” button on the CAD Pre\-Auth Debit Payment Agreement, and select “Credit Card via PayPath” from the “Method” dropdown list\.
5.  Click the dark blue “Continue” button to the lower right\.

[Image](https://student-workday-2024.sites.olt.ubc.ca/files/2024/05/TouchNet_pay-using-credit_select-payment-method-940x378.jpg)

6.  You will be brought to a confirmation screen, where you can review your payment information, payment amount, and the terms and conditions\. After confirming your information, click the dark blue “Continue to PayPath” button to the lower right\.

[Image](https://student-workday-2024.sites.olt.ubc.ca/files/2024/05/TouchNet_pay-using-credit_review-payment-info-940x525.jpg)

6.  You’ll now complete the payment in the “PayPath” Payment Service\. Follow the instructions in the new window to complete the payment transaction\.

[Image](https://student-workday-2024.sites.olt.ubc.ca/files/2024/05/TouchNet_pay-using-credit_paypath-home-page-940x533.jpg)

[Image](https://student-workday-2024.sites.olt.ubc.ca/files/2024/05/TouchNet_pay-using-credit_paypath-process-940x558.jpg)

[Image](https://student-workday-2024.sites.olt.ubc.ca/files/2024/05/TouchNet_pay-using-credit_enter-card-info-and-address-940x606.jpg)

[Image](https://student-workday-2024.sites.olt.ubc.ca/files/2024/05/TouchNet_pay-using-credit_review-transaction-940x692.jpg)

[Image](https://student-workday-2024.sites.olt.ubc.ca/files/2024/05/TouchNet_pay-using-credit_receipt-940x633.jpg)

### Confirm your payment

After you’ve paid, you will be returned to the TouchNet confirmation page, which summarizes payment receipt details\. While a receipt will be sent to your email, you have the option to print this page for your records\.

[Image](https://student-workday-2024.sites.olt.ubc.ca/files/2024/05/TouchNet_pay-using-credit_account-payment-confirmation-940x401.jpg)

### Check your Account Activity

Lastly, return to [Workday](http://www.myworkday.ubc.ca/) and refresh your browser\. Your “Due Now” balance will be updated and you will see a new transaction in your Account Activity reflecting your payment\.

You can click on the “View Statement” button for more information\.

[Image](https://student-workday-2024.sites.olt.ubc.ca/files/2024/05/Finance_Outstanding-balance-2-940x273.jpg)

##  Additional resources

-   [Viewing your financial account activity: Tuition amounts and payments](https://student-workday-2024.sites.olt.ubc.ca/finances/viewing-your-financial-account-activity-tuition-amount-and-payments/)
-   [Paying your tuition and fees in TouchNet: TransferMate payment](https://student-workday-2024.sites.olt.ubc.ca/finances/paying-your-tuition-and-student-fees-in-touchnet-transfermate-payment/)
-   [Paying your tuition and student fees with pre\-authorized debit \(PAD\)](https://student-workday-2024.sites.olt.ubc.ca/finances/paying-your-tuition-and-student-fees-in-touchnet-pre-authorized-debit/)
-   [Setting up your direct deposit](https://student-workday-2024.sites.olt.ubc.ca/finances/setting-up-your-direct-deposit/)",773145766d31426f3e0c7cb20d3e5cc6f46d9b19bd89066e90bad9e3d88a1d1c,,undergraduate_and_shared,2026-09-10T21:27:59+00:00,2026-09-11T05:07:27.466Z,[],"[{""text"": ""myworkday.ubc.ca"", ""url"": ""http://myworkday.ubc.ca/""}, {""text"": ""Image"", ""url"": ""https://student-workday-2024.sites.olt.ubc.ca/files/2024/05/Go-to-your-finances-app.jpg""}, {""text"": ""Image"", ""url"": ""https://student-workday-2024.sites.olt.ubc.ca/files/2024/05/WD-Outstanding-Balance-Before-Payment-1-940x272.jpg""}, {""text"": ""Image"", ""url"": ""https://student-workday-2024.sites.olt.ubc.ca/files/2024/05/Go-to-TouchNet.jpg""}, {""text"": ""Image"", ""url"": ""https://student-workday-2024.sites.olt.ubc.ca/files/2024/05/TouchNet_pay-using-credit_make-payment--940x351.jpg""}, {""text"": ""Image"", ""url"": ""https://student-workday-2024.sites.olt.ubc.ca/files/2024/05/TouchNet_pay-using-credit_enter-amount-to-be-paid-940x454.jpg""}, {""text"": ""Image"", ""url"": ""https://student-workday-2024.sites.olt.ubc.ca/files/2024/05/TouchNet_pay-using-credit_select-payment-method-940x378.jpg""}, {""text"": ""Image"", ""url"": ""https://student-workday-2024.sites.olt.ubc.ca/files/2024/05/TouchNet_pay-using-credit_review-payment-info-940x525.jpg""}, {""text"": ""Image"", ""url"": ""https://student-workday-2024.sites.olt.ubc.ca/files/2024/05/TouchNet_pay-using-credit_paypath-home-page-940x533.jpg""}, {""text"": ""Image"", ""url"": ""https://student-workday-2024.sites.olt.ubc.ca/files/2024/05/TouchNet_pay-using-credit_paypath-process-940x558.jpg""}, {""text"": ""Image"", ""url"": ""https://student-workday-2024.sites.olt.ubc.ca/files/2024/05/TouchNet_pay-using-credit_enter-card-info-and-address-940x606.jpg""}, {""text"": ""Image"", ""url"": ""https://student-workday-2024.sites.olt.ubc.ca/files/2024/05/TouchNet_pay-using-credit_review-transaction-940x692.jpg""}, {""text"": ""Image"", ""url"": ""https://student-workday-2024.sites.olt.ubc.ca/files/2024/05/TouchNet_pay-using-credit_receipt-940x633.jpg""}, {""text"": ""Image"", ""url"": ""https://student-workday-2024.sites.olt.ubc.ca/files/2024/05/TouchNet_pay-using-credit_account-payment-confirmation-940x401.jpg""}, {""text"": ""Workday"", ""url"": ""http://www.myworkday.ubc.ca/""}, {""text"": ""Image"", ""url"": ""https://student-workday-2024.sites.olt.ubc.ca/files/2024/05/Finance_Outstanding-balance-2-940x273.jpg""}, {""text"": ""Viewing your financial account activity: Tuition amounts and payments"", ""url"": ""https://student-workday-2024.sites.olt.ubc.ca/finances/viewing-your-financial-account-activity-tuition-amount-and-payments/""}, {""text"": ""Paying your tuition and fees in TouchNet: TransferMate payment"", ""url"": ""https://student-workday-2024.sites.olt.ubc.ca/finances/paying-your-tuition-and-student-fees-in-touchnet-transfermate-payment/""}, {""text"": ""Paying your tuition and student fees with pre-authorized debit (PAD)"", ""url"": ""https://student-workday-2024.sites.olt.ubc.ca/finances/paying-your-tuition-and-student-fees-in-touchnet-pre-authorized-debit/""}, {""text"": ""Setting up your direct deposit"", ""url"": ""https://student-workday-2024.sites.olt.ubc.ca/finances/setting-up-your-direct-deposit/""}]",[],prose/workday/markdown/b4e829d2b6d22f9df46ae18c21e0894bc3e1f4bfb10c0f2149d300d769310cb0.md
prose:workday:3929,prose,workday,workday,https://workday.students.ubc.ca/finances/setting-up-your-direct-deposit/,https://workday.students.ubc.ca/wp-json/wp/v2/pages/3929,3929,Setting up your direct deposit,"Setting up your direct deposit allows you to receive payments directly into your bank account\. You may need to set up direct deposit in Workday to receive a refund, bursary or scholarship, funding from a US Loan, an expense reimbursement ,or a paycheque from UBC as a student staff\. 

To set up direct deposit information, you will need a chequing or savings account at a Canadian financial institution or bank\. You can find your banking information, like your Institution Number, Transit Number, and Account Number,in your account information in online banking\. Contact your financial institution for support if you are unable to locate this information\. 

## On this page:

-   [How to add your direct deposit information](https://workday.students.ubc.ca/finances/setting-up-your-direct-deposit/#add)
-   [How to edit your direct deposit information](https://workday.students.ubc.ca/finances/setting-up-your-direct-deposit/#edit)

## How to add your direct deposit information  

### Go to your Finances App in Workday

1.  Log into your Workday account at [myworkday\.ubc\.ca](http://myworkday.ubc.ca/)\. 
2.  Select “Student” in the navigation bar on the left\. 
3.  Select “Finances”\.  

### Add your direct deposit information

1.  Select the “Direct Deposit \(Payment Elections\)” link in the “Banking Details” menu on the right\. 
2.  Click the “Add” button\. 
3.  A new pop\-up window will appear\.  In the “Preferred Payment Method” section, make sure the following types of payments are set to “Direct Deposit”:  
    -   **Student** **Refund****:** includes tuition credit refunds, award funding, and US loans\.  
    -   **Expenses****:** refers to expense reimbursements from UBC\.  
    -   **Regular****:** refers to payroll if you are a student staff\.  
4.  Complete the required fields indicated with a red asterisk mark \(\*\):   
    -   Institution Number   
    -   Account Number   
    -   Transit Number 

**Note:** If you have more than one bank account, you can choose to receive different payments in each\. For example, you can receive your scholarship money in a bank account that’s different from where you receive your student employee paycheque\. 

[Direct deposit page details](https://student-workday-2024.sites.olt.ubc.ca/files/2026/08/Direct-deposit_1.2_Final-1.jpg)

5\. Click “OK” to save your information\.

### Review your direct deposit information 

After saving your direct deposit information, you will be returned to the “Payment Elections” page\.

Your details will be listed in a table under “Payment Elections”\. Review your details to make sure you receive your direct deposits\.

[direct deposit info](https://student-workday-2024.sites.olt.ubc.ca/files/2026/08/Direct-deposit_2_Final-1-940x335.jpg)

## How to edit your direct deposit information

### First, go to the Direct Deposit \(Payment Elections\) page

1.  Follow the [steps above](https://workday.students.ubc.ca/finances/setting-up-your-direct-deposit/#finances) to go to your Finances App\.
2.  Select the “Direct Deposit \(Payment Elections\)” link in the “Banking Details” menu on the right\.
3.  Under the “Accounts” table, use the buttons in the “Action” column to update your bank account information:  
    -   **Remove:** Remove a bank account from Workday\. If you are removing a bank account from your direct deposit information, make sure you remove this account from **all** payment elections before deleting it\.  
        -   Under the “Payment Elections” table, use the Edit button in the “Action” column to update a specific payment type, including the bank account a payment is deposited in\.   
    -   **View**: View your bank account details\.  
    -   **Add**: Add another bank account\. 

## Additional resources

-   [Paying your tuition and student fees with pre\-authorized debit \(PAD\)](https://student-workday-2024.sites.olt.ubc.ca/finances/setting-up-your-pre-authorized-debit-account-in-touchnet/)
-   [Paying your tuition and student fees in TouchNet: TransferMate Payment](https://student-workday-2024.sites.olt.ubc.ca/finances/paying-your-tuition-and-student-fees-in-touchnet-transfermate-payment/)
-   [Paying your tuition and student fees in TouchNet: Credit card and Signature Debit card payment](https://student-workday-2024.sites.olt.ubc.ca/finances/paying-your-tuition-and-student-fees-in-touchnet-credit-card-and-signature-debit-card-payment/)
-   [Viewing your financial account activity: Tuition amounts and payments](https://student-workday-2024.sites.olt.ubc.ca/finances/viewing-your-financial-account-activity-tuition-amount-and-payments/)",7bbc137fc9c63dcc35a0d50822e4513027c4e26674b474c036bfd60abb2c1df7,,undergraduate_and_shared,2026-09-10T21:30:58+00:00,2026-09-11T05:07:27.466Z,[],"[{""text"": ""How to add your direct deposit information"", ""url"": ""https://workday.students.ubc.ca/finances/setting-up-your-direct-deposit/#add""}, {""text"": ""How to edit your direct deposit information"", ""url"": ""https://workday.students.ubc.ca/finances/setting-up-your-direct-deposit/#edit""}, {""text"": ""myworkday.ubc.ca"", ""url"": ""http://myworkday.ubc.ca/""}, {""text"": ""Direct deposit page details"", ""url"": ""https://student-workday-2024.sites.olt.ubc.ca/files/2026/08/Direct-deposit_1.2_Final-1.jpg""}, {""text"": ""direct deposit info"", ""url"": ""https://student-workday-2024.sites.olt.ubc.ca/files/2026/08/Direct-deposit_2_Final-1-940x335.jpg""}, {""text"": ""steps above"", ""url"": ""https://workday.students.ubc.ca/finances/setting-up-your-direct-deposit/#finances""}, {""text"": ""Paying your tuition and student fees with pre-authorized debit (PAD)"", ""url"": ""https://student-workday-2024.sites.olt.ubc.ca/finances/setting-up-your-pre-authorized-debit-account-in-touchnet/""}, {""text"": ""Paying your tuition and student fees in TouchNet: TransferMate Payment"", ""url"": ""https://student-workday-2024.sites.olt.ubc.ca/finances/paying-your-tuition-and-student-fees-in-touchnet-transfermate-payment/""}, {""text"": ""Paying your tuition and student fees in TouchNet: Credit card and Signature Debit card payment"", ""url"": ""https://student-workday-2024.sites.olt.ubc.ca/finances/paying-your-tuition-and-student-fees-in-touchnet-credit-card-and-signature-debit-card-payment/""}, {""text"": ""Viewing your financial account activity: Tuition amounts and payments"", ""url"": ""https://student-workday-2024.sites.olt.ubc.ca/finances/viewing-your-financial-account-activity-tuition-amount-and-payments/""}]",[],prose/workday/markdown/f1b5f6d2691d79564575f198c78477bf0bf0ad445bab29cb601acba28b535caa.md
prose:workday:3941,prose,workday,workday,https://workday.students.ubc.ca/finances/viewing-your-financial-account-activity-tuition-amount-and-payments/,https://workday.students.ubc.ca/wp-json/wp/v2/pages/3941,3941,Viewing your financial account activity: Tuition amount and payments,"> Please note:  
> – Your Account Activity will only display a record of the payments you have made to your account\. Receipts for payments made in TouchNet are available in TouchNet\.  
> – Your Account Activity does not refresh in real time\. Tuition and student fees are assessed nightly\.

## How to view your account activity

### Go to your Finances app in Workday

1.  Log into your Workday account at [myworkday\.ubc\.ca](http://myworkday.ubc.ca/)\. 
2.  Select “Student” in the navigation bar on the left\. 
3.  Select “Finances”\.

### View summaries of outstanding and upcoming charges

Two tables on the “Finances” page show details about amounts due:

1.  The “Amount Due by Academic Period” table shows any total amounts due and the Academic Period they are owed from\.
2.  “Due Date Summary” shows amounts due on specific dates\.

[Due date summary on Finances App](https://student-workday-2024.sites.olt.ubc.ca/files/2026/09/Financial-account-activity_1-1-940x461.png)

### Review your account activity

Click the “View Account Activity” link in the “Tuition and Fees” menu on the right side of the page\. 

On the “Account Activity” page, your Account Summary displays:

-   Your Name
-   Institution
-   Your **Total Account Balance:** This is the total amount you owe on your account\. This may include payments due now and payments due at a later date\.
-   Your **Due Now** Balance**:** This is the sum of your current and overdue charges \(if any\) that you need to pay now\. Any anticipated payments, like your sponsor or award payments, will not be included in this balance\.
    -   Note: If you wish to pay though TouchNet, you can not pay more than 30 days in advance\.
-   You may not see any ‘Charges’ until you register in courses\.

#### Transaction Summary  

Your “Transaction Summary” will be displayed in a table below your Account Summary\.

The “Transaction Summary” table contains your transactions, charges, payments, and financial aid listed in order of transaction date, from all academic periods\. Your most recent transaction will be listed at the top\. Each transaction lists the transaction date, the due date, and a description\. 

#### Due Now Details

The “Due Now Details” tab at the top of the table displays a summary of : 

-   **Past Due Charges**: These are charges that have passed their payment due date\. 
-   **Current Due Charges:** These are charges that are due within the next 30 days\.
-   **Anticipated Payments**: These are funds that you expect to receive, but are not deposited in your account yet\. this may include assigned awards or sponsorship payments for which a contract has been received and added to your account\.
-   **Unapplied Payments:** This is the total of payments made in an academic period that were not used for any of your charges\.
    -   Please [contact your Enrolment Services Advisor](https://students.ubc.ca/about-student-services/enrolment-services-advisors/) to request to have these funds applied to charges in an upcoming term\.  

Click the dollar amount link to learn more about your charges or payments\. A pop\-up window listing the individual charges or payments will appear\. 

## Additional resources

-   [Setting up your direct deposit](https://student-workday-2024.sites.olt.ubc.ca/finances/setting-up-your-direct-deposit/)
-   [Paying your tuition and student fees in TouchNet: Credit card and Signature Debit card payment](https://student-workday-2024.sites.olt.ubc.ca/finances/paying-your-tuition-and-student-fees-in-touchnet-credit-card-and-signature-debit-card-payment/)
-   [Paying your tuition and student fees with pre\-authorized debit \(PAD\)](https://student-workday-2024.sites.olt.ubc.ca/finances/paying-your-tuition-and-student-fees-in-touchnet-pre-authorized-debit/)
-   [Paying your tuition and student fees in TouchNet: TransferMate](https://student-workday-2024.sites.olt.ubc.ca/finances/paying-your-tuition-and-student-fees-in-touchnet-transfermate-payment/)",a29c6f2eefc12c0dae8d15bab8d08707e3c54afe0423badec2d36493755249ac,,undergraduate_and_shared,2026-09-10T21:26:24+00:00,2026-09-11T05:07:27.466Z,[],"[{""text"": ""myworkday.ubc.ca"", ""url"": ""http://myworkday.ubc.ca/""}, {""text"": ""Due date summary on Finances App"", ""url"": ""https://student-workday-2024.sites.olt.ubc.ca/files/2026/09/Financial-account-activity_1-1-940x461.png""}, {""text"": ""contact your Enrolment Services Advisor"", ""url"": ""https://students.ubc.ca/about-student-services/enrolment-services-advisors/""}, {""text"": ""Setting up your direct deposit"", ""url"": ""https://student-workday-2024.sites.olt.ubc.ca/finances/setting-up-your-direct-deposit/""}, {""text"": ""Paying your tuition and student fees in TouchNet: Credit card and Signature Debit card payment"", ""url"": ""https://student-workday-2024.sites.olt.ubc.ca/finances/paying-your-tuition-and-student-fees-in-touchnet-credit-card-and-signature-debit-card-payment/""}, {""text"": ""Paying your tuition and student fees with pre-authorized debit (PAD)"", ""url"": ""https://student-workday-2024.sites.olt.ubc.ca/finances/paying-your-tuition-and-student-fees-in-touchnet-pre-authorized-debit/""}, {""text"": ""Paying your tuition and student fees in TouchNet: TransferMate"", ""url"": ""https://student-workday-2024.sites.olt.ubc.ca/finances/paying-your-tuition-and-student-fees-in-touchnet-transfermate-payment/""}]",[],prose/workday/markdown/1119d87fc402b7aad58f5d01d7f35f843626601d9832f8a4ee81d5e774cf910a.md
prose:workday:3947,prose,workday,workday,https://workday.students.ubc.ca/finances/paying-your-tuition-and-student-fees-in-touchnet-pre-authorized-debit/,https://workday.students.ubc.ca/wp-json/wp/v2/pages/3947,3947,Paying your tuition and student fees with pre-authorized debit (PAD),"You can pay your tuition and student fees by accessing the TouchNet payment tool through Workday\. Pre\-authorized debit \(PAD\) is one of the ways you can pay your tuition\. 

To pay with PAD, you will need a chequing or savings account at a Canadian financial institution or bank\. You can find your banking information, like your Institution Number, Transit Number, and Account Number, in your online banking account information\. Contact your financial institution for support if you are unable to locate this information\.   

Learn more about [paying tuition and fees](https://students.ubc.ca/finances/tuition-fees/paying-tuition/)\.

> **Important information about paying with pre\-authorized debit \(PAD\)**  
> – Please note: UBC PAD is a **one\-time debit only\.** UBC does not automatically withdraw funds from your bank account through pre\-authorized debit to pay the balance you owe\. Once your account is set up, you must **initiate every PAD transaction** to make a payment\.   
> – While PAD payments are reflected in Workday after the payment is completed, funds will  not be withdrawn from your bank account immediately\. Please ensure you have sufficient funds in your bank account until the PAD payment has been withdrawn\.   
> – [Receipts](https://workday.students.ubc.ca/finances/paying-your-tuition-and-student-fees-in-touchnet-pre-authorized-debit/#receipt) for payments made in TouchNet are only available in TouchNet, not in Workday\.

**On this page:**

-   [How to set up your pre\-authorized debit](https://workday.students.ubc.ca/finances/paying-your-tuition-and-student-fees-in-touchnet-pre-authorized-debit/#set-up) 
-   [How to pay with pre\-authorized debit](https://workday.students.ubc.ca/finances/paying-your-tuition-and-student-fees-in-touchnet-pre-authorized-debit/#pay) 

## How to set up your pre\-authorized debit

### Go to your Finances app in workday

1.  Log into your Workday account at [myworkday\.ubc\.ca](http://myworkday.ubc.ca/)\. 
2.  Select “Student” in the navigation bar on the left\. 
3.  Select “Finances”\. 

### Go to your TouchNet Payment Profile

1.  Select the “Make a Payment: TouchNet Payment Centre” link in the “Tuition and Fees” menu on the right\. 
2.  Re\-enter your CWL username and password if prompted\. 
3.  Select “Payment Profile” from the dropdown list in the “My Profile” tab\.   
    [Image](https://student-workday-2024.sites.olt.ubc.ca/files/2024/05/Setting-up-pre-authorized-debit_payment-profile-940x342.jpg)

### Add a new payment method

1.  In the “Payment Profile” page, select “CAD Pre\-Auth Debit” \(Canadian dollar pre\-authorized debit\) from the dropdown list in the “Add New Payment Method” section\.
2.  Click the “Select” button next to the dropdown list to save your selection\.  
    [Image](https://student-workday-2024.sites.olt.ubc.ca/files/2024/05/Setting-up-pre-authorized-debit_add-new-payment-method-940x525.jpg)
3.  Enter your banking details and billing information in the pop\-up window \(please **enable pop\-ups** in your web browser\)\. 
    -   If you want this to be your default payment method, check the “Set as your preferred payment method” box\. 
4.  Click the “Continue” button\. 
5.  Read the payment agreement\. 
6.  The terms and conditions will be displayed in the next window\. Review the information and check the “I Agree” box\. 
7.  Click the “Continue” button\. 

### Review or update your pre\-authorized debit information

1.  Select “Payment Profile” from the dropdown list in the “My Profile” tab\. 
2.  Click the gear icon in the “Action” column: 
    -   **Edit**: Review your banking details to confirm they are correct and/or update your payment information 
    -   **Delete**: Remove the payment method\.  
    -   **Set as preferred**: Set the account as your preferred default payment method\.  

## How to pay with pre\-authorized debit

### Review your current outstanding balance

1.  Follow the [steps above](https://workday.students.ubc.ca/finances/paying-your-tuition-and-student-fees-in-touchnet-pre-authorized-debit/#finances) to go to your Finances app in [Workday](https://myworkday.ubc.ca/)\. 
2.  Review your “Due Now” balance under “Account Activity” on the left\. This balance includes charges that are past due or due within the next 30 days\. 
    -   If there are any changes in your registration, program of study or citizenship on your account, your account balance will be updated the following day\. Your Account Activity does not refresh in real time\. 
    -   You can make payments towards your “Due Now” balance, but not for charges due in the future\. 

### Go to the TouchNet Payment Centre

1.  Select “Make a Payment: TouchNet Payment Centre” in the “Tuition and Fees” menu on the right\. 
2.  Re\-enter your CWL username and password if prompted\. 

### Make a payment

1.  Click the “Make Payment” button\. 
2.  Enter the amount you want to pay in the field under “Due Now”\. You have the option to make a full or partial payment\.   
3.  Click “Continue”\. 
4.  Select “CAD Pre\-Auth Debit” from the “Method” dropdown list\.   
    -   If you’ve previously designated your pre\-authorized debit bank account as your default payment method, you’ll be directed straight to the “Account Payment” screen to pay with this option\. 
    -   You can change the payment method by clicking the “Change Payment Method” button under “Selected Payment Method” in the next screen\.  
5.  Click the “Continue” button\. Follow the prompts to complete your payment\. 
6.  Confirm your payment information, payment amount, and the terms of use on the “Confirmation” screen and click the “Submit Payment” button\. 
    -   You’ll notice your payment is made to a UBC Vancouver campus address\. All payments go through central finance on the Vancouver campus\. 

### Download your receipt

1.  Select “Payment History” from the dropdown list in the “My Account” tab\. 
2.  Select “View report”\. 
3.  Click the gear icon in the “Receipt” column to print the desired receipt\. 

### View your payment in Workday

1.  Follow the [steps above](https://workday.students.ubc.ca/finances/paying-your-tuition-and-student-fees-in-touchnet-pre-authorized-debit/#finances) to go to your Finances app in [Workday](https://myworkday.ubc.ca/)\. 
2.  Refresh your browser\. 
3.  “Due Now” balance will be updated to reflect your payment\. 
4.  Click the “View Account Activity” link in the “Tuition and Fees” menu on the right to view your payment in the Transaction Summary\. 
5.  Optional: Download your [proof of tuition payment](https://student-workday-2024.sites.olt.ubc.ca/finances/downloading-your-proof-of-tuition-payment-account-statement/) \(Account Statement\)\. 

## Additional resources

-   [Viewing your financial account activity: Tuition amount and payments](https://student-workday-2024.sites.olt.ubc.ca/finances/viewing-your-financial-account-activity-tuition-amount-and-payments/)
-   [Paying your tuition and student fees in TouchNet: TransferMate payment](https://student-workday-2024.sites.olt.ubc.ca/finances/paying-your-tuition-and-student-fees-in-touchnet-transfermate-payment/)
-   [Paying your tuition and student fees in TouchNet: Credit card payment](https://student-workday-2024.sites.olt.ubc.ca/finances/paying-your-tuition-and-student-fees-in-touchnet-credit-card-and-signature-debit-card-payment/)
-   [Setting up your direct deposit](https://student-workday-2024.sites.olt.ubc.ca/finances/setting-up-your-direct-deposit/)",04b782542874d6aa34222a597567b8c6157ff99ef3317d554f262947b3657e02,,undergraduate_and_shared,2026-09-10T21:18:51+00:00,2026-09-11T05:07:27.466Z,[],"[{""text"": ""paying tuition and fees"", ""url"": ""https://students.ubc.ca/finances/tuition-fees/paying-tuition/""}, {""text"": ""Receipts"", ""url"": ""https://workday.students.ubc.ca/finances/paying-your-tuition-and-student-fees-in-touchnet-pre-authorized-debit/#receipt""}, {""text"": ""How to set up your pre-authorized debit"", ""url"": ""https://workday.students.ubc.ca/finances/paying-your-tuition-and-student-fees-in-touchnet-pre-authorized-debit/#set-up""}, {""text"": ""How to pay with pre-authorized debit"", ""url"": ""https://workday.students.ubc.ca/finances/paying-your-tuition-and-student-fees-in-touchnet-pre-authorized-debit/#pay""}, {""text"": ""myworkday.ubc.ca"", ""url"": ""http://myworkday.ubc.ca/""}, {""text"": ""Image"", ""url"": ""https://student-workday-2024.sites.olt.ubc.ca/files/2024/05/Setting-up-pre-authorized-debit_payment-profile-940x342.jpg""}, {""text"": ""Image"", ""url"": ""https://student-workday-2024.sites.olt.ubc.ca/files/2024/05/Setting-up-pre-authorized-debit_add-new-payment-method-940x525.jpg""}, {""text"": ""steps above"", ""url"": ""https://workday.students.ubc.ca/finances/paying-your-tuition-and-student-fees-in-touchnet-pre-authorized-debit/#finances""}, {""text"": ""Workday"", ""url"": ""https://myworkday.ubc.ca/""}, {""text"": ""proof of tuition payment"", ""url"": ""https://student-workday-2024.sites.olt.ubc.ca/finances/downloading-your-proof-of-tuition-payment-account-statement/""}, {""text"": ""Viewing your financial account activity: Tuition amount and payments"", ""url"": ""https://student-workday-2024.sites.olt.ubc.ca/finances/viewing-your-financial-account-activity-tuition-amount-and-payments/""}, {""text"": ""Paying your tuition and student fees in TouchNet: TransferMate payment"", ""url"": ""https://student-workday-2024.sites.olt.ubc.ca/finances/paying-your-tuition-and-student-fees-in-touchnet-transfermate-payment/""}, {""text"": ""Paying your tuition and student fees in TouchNet: Credit card payment"", ""url"": ""https://student-workday-2024.sites.olt.ubc.ca/finances/paying-your-tuition-and-student-fees-in-touchnet-credit-card-and-signature-debit-card-payment/""}, {""text"": ""Setting up your direct deposit"", ""url"": ""https://student-workday-2024.sites.olt.ubc.ca/finances/setting-up-your-direct-deposit/""}]",[],prose/workday/markdown/2de5513f63358293f22dc1c0033abd7852ba1c3549b77b36bac0b57d31868e8a.md
prose:workday:4035,prose,workday,workday,https://workday.students.ubc.ca/finances/paying-your-tuition-and-student-fees-in-touchnet-transfermate-payment/,https://workday.students.ubc.ca/wp-json/wp/v2/pages/4035,4035,Paying your tuition and student fees in TouchNet: TransferMate payment,"## About TouchNet

UBC uses TouchNet as a payment tool for tuition and student fees\.

TouchNet is replacing other forms of ePayment, such as International Funds Transfer via Convera and Interac Online\.  

Receipts for payments made in TouchNet are only available in TouchNet, not in Workday\.

Please note that your TouchNet profile reflects your legal name\.

### Transfermate 

TransferMate is a third\-party service enabling international students without a Canadian bank account to pay tuition in their local currency via bank transfer or credit card\. 

With TransferMate, you have the flexibility to pay through bank transfer as well as country\-specific methods, including:

-   AliPay \(China\)
-   China UnionPay \(Asia Pacific\)
-   Trustly \(EU\)
-   ICICI \(India\)
-   PayNow \(Singapore\)

#### Price Matching in TransferMate

If a student can find a better rate from a similar provider within 2 hours of completing a transaction through TransferMate, they can email [rateassurance@transfermate\.com](mailto:rateassurance@transfermate.com) within 1 month to receive suitable compensation for the price difference, subject to [terms and conditions](https://www.transfermate.com/best-rate-assurance-for-bank-transfers/)\.  

## How to pay with TransferMate

### First, go to your Finances App  

1.  Log into your Workday account at [myworkday\.ubc\.ca](http://myworkday.ubc.ca/)\.
2.  On the right side of the page, in the “Your Top Apps” menu, click the “Finances” app\.

[Image](https://student-workday-2024.sites.olt.ubc.ca/files/2024/05/Go-to-your-finances-app.jpg)

### Review your current outstanding balance

In the Finances app, you will be taken to the “Finances” page by default\. 

On the left side of the page, under “Account Activity”, your “Due Now” balance will be listed\. This balance includes charges that are past due or due within the next 30 days\.

If there are any changes in your registration, program of study, or citizenship on your account, your account balance will be updated the following day\. Your Account Activity does not refresh in real time\. Tuition and student fees are assessed nightly\.

You can make payments toward your “Due Now” balance, but not charges due in the future\.

You may not see ‘Charges’ until you register in courses\.

[Image](https://student-workday-2024.sites.olt.ubc.ca/files/2024/05/WD-Outstanding-Balance-Before-Payment-1-940x272.jpg)

### Next, go to TouchNet Payment Centre

In the “Tuition and Fees” menu to the right, click the “Make a Payment: TouchNet Payment Centre” link\. You will be redirected to the TouchNet homepage, which is a separate app from Workday\.

[Image](https://student-workday-2024.sites.olt.ubc.ca/files/2024/05/Go-to-TouchNet.jpg)

### Make a payment 

1.  Once on the TouchNet homepage, you will see your current outstanding balance listed as “Due Now” in the Student Account box\. Click the dark blue “Make Payment” button\.

[Image](https://student-workday-2024.sites.olt.ubc.ca/files/2024/05/TouchNet_TransferMate-payment_make-payment-940x306.jpg)

2.  On the “Account Payment” page, enter the amount you want to pay in the field under “Amount Due”\. You have the option to make a full or partial payment\.
3.  Click the blue “Continue” button to the lower right\. 

[Image](https://student-workday-2024.sites.olt.ubc.ca/files/2024/05/TouchNet_TransferMate_enter-amount-940x530.jpg)

4.  For the “Method” field, if you’ve previously designated your pre\-authorized debit bank account as your default payment method, it will be automatically chosen\. However, you can click the light blue “Cancel” button and select “TransferMate INTL” from the “Method” dropdown list\.
5.  Click the dark blue “Continue” button to the lower right\.  
    
    [Image](https://student-workday-2024.sites.olt.ubc.ca/files/2024/05/TouchNet_TransferMate_method-of-payment-940x480.jpg)
    

6.  In the dropdown list, select the country you are paying from\.
7.  Click the blue “Review Rate” button for the rates and payment methods available for the country you have selected\.  
    
    [Image](https://student-workday-2024.sites.olt.ubc.ca/files/2024/05/TouchNet_TransferMate_enter-country-1-940x502.jpg)
    

8.  On the next page, select a payment option\.
9.  Click the blue “Enter Details” button to proceed\.  
    
    [Image](https://student-workday-2024.sites.olt.ubc.ca/files/2024/05/TouchNet_TransferMate_review-rates-1-940x598.jpg)
    

10.  On the next page, enter your payer details\. 
11.  Check the “By clicking this box, I agree to the TransferMate Student Term of Use” box to agree to the TransferMate Terms and Conditions\. You must check this box to complete your payment\.
12.  Click the blue “Continue to Confirmation” button\.

[Image](https://student-workday-2024.sites.olt.ubc.ca/files/2024/05/TouchNet_TransferMate_terms.jpg)

13.  On the next page, review your payment details\.
     -   If your details are correct, click the dark blue “Initiate Payment” to proceed with your payment\.
     -   If your details are incorrect, click the blue “Back” button to edit your details\. 

[Image](https://student-workday-2024.sites.olt.ubc.ca/files/2024/05/TouchNet_TransferMate_review-and-initiate-payment-940x646.jpg)

14.  The instructions for completing your payment will appear in a pop\-up window\.
     -   Read the instructions carefully and print or screen capture them for reference\. You will also receive an email with instructions to complete your payment\.
     -   Follow the instructions to make your payment\.
     -   Click the blue “Close” button when you’re done\.

[Image](https://student-workday-2024.sites.olt.ubc.ca/files/2024/05/TouchNet_TransferMate_instruction-for-payment.jpg)

### If you choose to make your payment later

Any payment made through TouchNet will appear on your TouchNet homepage under “Pending Alternative Payments” until you’ve completed the payment to TransferMate\.

Follow the provided instructions from the previous step to complete your payment\.

If payments are not made within the time limit indicated in the instructions, the payment will be canceled in TouchNet\. No transactions will appear in Workday until payment is complete\.

[Image](https://student-workday-2024.sites.olt.ubc.ca/files/2024/05/TouchNet_TransferMate_pending-payment-940x383.jpg)

### Confirm your payment

After completing your payment to TransferMate, keep any receipts as proof of payments\.   

Once your payment has been received, it will be updated in your “Account Activity” on the Finances page within [Workday](http://www.myworkday.ubc.ca/)\.

## Additional resources

-   [Viewing your financial account activity: Tuition amounts and payments](https://student-workday-2024.sites.olt.ubc.ca/finances/viewing-your-financial-account-activity-tuition-amount-and-payments/)
-   [Paying your tuition and student fees in TouchNet: Credit card and Signature Debit card payment](https://student-workday-2024.sites.olt.ubc.ca/finances/paying-your-tuition-and-student-fees-in-touchnet-credit-card-and-signature-debit-card-payment/)
-   [Paying your tuition and student fees with pre\-authorized debit \(PAD\)](https://student-workday-2024.sites.olt.ubc.ca/finances/paying-your-tuition-and-student-fees-in-touchnet-pre-authorized-debit/)
-   [Setting up your direct deposit](https://student-workday-2024.sites.olt.ubc.ca/finances/setting-up-your-direct-deposit/)",aa3cf39cbc0bcd3f3df4820d242afe6058d26e35ab5e15a9d6fe3d38ff573454,,undergraduate_and_shared,2026-09-10T21:29:30+00:00,2026-09-11T05:07:27.466Z,[],"[{""text"": ""rateassurance@transfermate.com"", ""url"": ""mailto:rateassurance@transfermate.com""}, {""text"": ""terms and conditions"", ""url"": ""https://www.transfermate.com/best-rate-assurance-for-bank-transfers/""}, {""text"": ""myworkday.ubc.ca"", ""url"": ""http://myworkday.ubc.ca/""}, {""text"": ""Image"", ""url"": ""https://student-workday-2024.sites.olt.ubc.ca/files/2024/05/Go-to-your-finances-app.jpg""}, {""text"": ""Image"", ""url"": ""https://student-workday-2024.sites.olt.ubc.ca/files/2024/05/WD-Outstanding-Balance-Before-Payment-1-940x272.jpg""}, {""text"": ""Image"", ""url"": ""https://student-workday-2024.sites.olt.ubc.ca/files/2024/05/Go-to-TouchNet.jpg""}, {""text"": ""Image"", ""url"": ""https://student-workday-2024.sites.olt.ubc.ca/files/2024/05/TouchNet_TransferMate-payment_make-payment-940x306.jpg""}, {""text"": ""Image"", ""url"": ""https://student-workday-2024.sites.olt.ubc.ca/files/2024/05/TouchNet_TransferMate_enter-amount-940x530.jpg""}, {""text"": ""Image"", ""url"": ""https://student-workday-2024.sites.olt.ubc.ca/files/2024/05/TouchNet_TransferMate_method-of-payment-940x480.jpg""}, {""text"": ""Image"", ""url"": ""https://student-workday-2024.sites.olt.ubc.ca/files/2024/05/TouchNet_TransferMate_enter-country-1-940x502.jpg""}, {""text"": ""Image"", ""url"": ""https://student-workday-2024.sites.olt.ubc.ca/files/2024/05/TouchNet_TransferMate_review-rates-1-940x598.jpg""}, {""text"": ""Image"", ""url"": ""https://student-workday-2024.sites.olt.ubc.ca/files/2024/05/TouchNet_TransferMate_terms.jpg""}, {""text"": ""Image"", ""url"": ""https://student-workday-2024.sites.olt.ubc.ca/files/2024/05/TouchNet_TransferMate_review-and-initiate-payment-940x646.jpg""}, {""text"": ""Image"", ""url"": ""https://student-workday-2024.sites.olt.ubc.ca/files/2024/05/TouchNet_TransferMate_instruction-for-payment.jpg""}, {""text"": ""Image"", ""url"": ""https://student-workday-2024.sites.olt.ubc.ca/files/2024/05/TouchNet_TransferMate_pending-payment-940x383.jpg""}, {""text"": ""Workday"", ""url"": ""http://www.myworkday.ubc.ca/""}, {""text"": ""Viewing your financial account activity: Tuition amounts and payments"", ""url"": ""https://student-workday-2024.sites.olt.ubc.ca/finances/viewing-your-financial-account-activity-tuition-amount-and-payments/""}, {""text"": ""Paying your tuition and student fees in TouchNet: Credit card and Signature Debit card payment"", ""url"": ""https://student-workday-2024.sites.olt.ubc.ca/finances/paying-your-tuition-and-student-fees-in-touchnet-credit-card-and-signature-debit-card-payment/""}, {""text"": ""Paying your tuition and student fees with pre-authorized debit (PAD)"", ""url"": ""https://student-workday-2024.sites.olt.ubc.ca/finances/paying-your-tuition-and-student-fees-in-touchnet-pre-authorized-debit/""}, {""text"": ""Setting up your direct deposit"", ""url"": ""https://student-workday-2024.sites.olt.ubc.ca/finances/setting-up-your-direct-deposit/""}]",[],prose/workday/markdown/4df8f87df32812411bcfd0ed3d856f37cc30f4f13ca29d846ae31aad17bae431.md
prose:workday:4067,prose,workday,workday,https://workday.students.ubc.ca/finances/downloading-your-proof-of-tuition-payment-account-statement/,https://workday.students.ubc.ca/wp-json/wp/v2/pages/4067,4067,Downloading your proof of tuition payment (Account Statement),"Your Account Statement shows your balance and all transactions, like payments and charges, for one academic period and is available for downloading while you are a current UBC student\. Your Account Statement can be used as your proof of tuition payment\.

## How to download your Account Statement

### Go to your Finances App in Workday

1.  Log into your Workday account at [myworkday\.ubc\.ca](https://myworkday.ubc.ca/)\.
2.  Select “Student in the navigation bar on the left\.
3.  Select “Finances”\.

### Next, go to your Account Statement

1.  In the “Tuition and Fees” menu to the right, click the “View Statement” link\.
2.  A pop\-up window will appear\. From the drop\-down list, select the academic period you want to generate the Account Statement for\.
3.  Click the “OK” button\.

### Download your Account Statement

1.  On the “View Statement” page, click the “Generate PDF” button\.
2.  It may take a moment for the PDF to be generated\. Once ready, click the download icon in the upper right corner of the statement\.
3.  Click “Download”\.

## Additional resources

-   [Viewing your financial account activity: Tuition amount and payments](https://student-workday-2024.sites.olt.ubc.ca/finances/viewing-your-financial-account-activity-tuition-amount-and-payments/)",f2dd8c6327910ab7fe271291027f72d74aa91dc8de252c8f097a0453c98fd56c,,undergraduate_and_shared,2026-07-30T21:07:31+00:00,2026-09-11T05:07:27.466Z,[],"[{""text"": ""myworkday.ubc.ca"", ""url"": ""https://myworkday.ubc.ca/""}, {""text"": ""Viewing your financial account activity: Tuition amount and payments"", ""url"": ""https://student-workday-2024.sites.olt.ubc.ca/finances/viewing-your-financial-account-activity-tuition-amount-and-payments/""}]",[],prose/workday/markdown/d0e7f2e34419fccf109cd390390da666abcdd9abac78a251f46c0d419f1fadd8.md
prose:workday:4078,prose,workday,workday,https://workday.students.ubc.ca/course-registration/finding-credit-d-fail-courses/,https://workday.students.ubc.ca/wp-json/wp/v2/pages/4078,4078,Finding Credit/D/Fail courses,"## About Credit/D/Fail courses

In some direct\-entry undergraduate programs of study, students can take eligible elective courses for Credit, D, or Fail standing instead of percentage grades\. Learn more about [Credit/D/Fail grading](https://students.ubc.ca/enrolment/courses/creditdfail-grading)\. 

You will not be able to change your course to Credit/D/Fail on your own in Workday\. You must contact your [Academic Advisor](https://students.ubc.ca/enrolment/academic-learning-resources/academic-advising) to request the change in grading basis\.  

## How to Find Credit/D/Fail Courses 

### First, find a course section 

Follow the steps to [view the course schedule](https://student-workday-2024.sites.olt.ubc.ca/course-registration/viewing-the-course-schedule/)\.

[Image](https://student-workday-2024.sites.olt.ubc.ca/files/2024/05/Finding-course-section-940x390.jpg)

2.  Once you find a course section you want to check, click the course title to go to a page titled “View Course Section”\. 

[Image](https://student-workday-2024.sites.olt.ubc.ca/files/2024/05/Finding-CRdF_click-course-title-940x414.jpg)

3.  On the left side of the “View Course Section” page, review the “Grading Basis” section\. “Credit/D/Fail” will be listed in this section if you are able to take the course with this grading basis\.

[Image](https://student-workday-2024.sites.olt.ubc.ca/files/2024/05/Finding-CRdF_check-grading-basis-940x447.jpg)

## Next steps

To request to change your course to Credit/D/Fail, contact your [Academic Advisor](https://students.ubc.ca/enrolment/academic-learning-resources/academic-advising)\.",fc83955bf021f1605823eba7892754bcd92fd17fc9f37319490f1e894670a4ed,,undergraduate_and_shared,2026-04-22T23:50:23+00:00,2026-09-11T05:07:27.466Z,[],"[{""text"": ""Credit/D/Fail grading"", ""url"": ""https://students.ubc.ca/enrolment/courses/creditdfail-grading""}, {""text"": ""Academic Advisor"", ""url"": ""https://students.ubc.ca/enrolment/academic-learning-resources/academic-advising""}, {""text"": ""view the course schedule"", ""url"": ""https://student-workday-2024.sites.olt.ubc.ca/course-registration/viewing-the-course-schedule/""}, {""text"": ""Image"", ""url"": ""https://student-workday-2024.sites.olt.ubc.ca/files/2024/05/Finding-course-section-940x390.jpg""}, {""text"": ""Image"", ""url"": ""https://student-workday-2024.sites.olt.ubc.ca/files/2024/05/Finding-CRdF_click-course-title-940x414.jpg""}, {""text"": ""Image"", ""url"": ""https://student-workday-2024.sites.olt.ubc.ca/files/2024/05/Finding-CRdF_check-grading-basis-940x447.jpg""}]",[],prose/workday/markdown/5661c4155e3d2fdb6d7ae6904ae119e0e37464618b679f816f08ebc309d1537f.md
prose:workday:4109,prose,workday,workday,https://workday.students.ubc.ca/course-registration/understanding-course-waitlists/,https://workday.students.ubc.ca/wp-json/wp/v2/pages/4109,4109,Understanding course waitlists,"A waitlist may be set up in [Workday](https://myworkday.ubc.ca/) when a course section is full\. If you try to register in a course that is full **and** has a waitlist, you will be added to the waitlist until a seat becomes available for you to register\. 

Learn more about course [waitlists and what to do if a course is full](https://students.ubc.ca/enrolment/registration/register-courses/#get-ready-for-registration)\.

Before proceeding:

-   You can [add yourself to a waitlist for individual courses](https://student-workday-2024.sites.olt.ubc.ca/course-registration/adding-yourself-to-the-waitlist-for-an-individual-course-section/) or [add a course waitlist to your saved schedule](https://student-workday-2024.sites.olt.ubc.ca/course-registration/viewing-your-waitlisted-courses/)\. 
-   If a course has multiple course activities \(e\.g\., a lecture and a lab\), the waitlist generally applies only to the **graded course activity** \(typically the lecture\)\. 
-   When a waitlist is active, **non\-graded activities** like labs will show zero available seats\. You can only register in a non\-graded course activity after you are offered a seat in the graded course activity\. 
-   Adding yourself to a waitlist **does not guarantee** that you will be able to register in the course\. You will only be able to register in the course if you receive an invitation to register once a seat opens\. 
-   To join a waitlist, you must meet any course registration requirements that are [viewable in the course section details](https://student-workday-2024.sites.olt.ubc.ca/course-registration/viewing-the-course-schedule/), including any prerequisites and corequisites\. Learn more about prerequisite and corequisite courses in the [Academic Calendar](https://vancouver.calendar.ubc.ca/)\. 

## How to check if there a course section has a waitlist

### Navigate to the course schedule  

Follow the instructions to view the [course schedule\.](https://student-workday-2024.sites.olt.ubc.ca/course-registration/viewing-the-course-schedule/)

### Review the section status

Once you’ve found the course section you want, check the section status in the line below the section title\. 

-   If the section status is **“Waitlist”**, then a waitlist has been opened for that course section\. 
-   If the section status is **“Open”**, you can register directly into the course if you are eligible\. 
-   If the section status is **“Closed”**, then the course is full\. 

### View the waitlist capacity

Courses with a waitlist will also show a “Waitlisted/Waitlist Capacity” below the section title\. 

“Waitlisted/Waitlist Capacity” refers to the number of students currently on the waitlist and the maximum number of students who can be on the waitlist\. For example, a “Waitlisted/Waitlist Capacity” of 17/500 means that there are currently 17 students on the waitlist, and the waitlist can hold a maximum of 500 students\. 

[Waitlist capacity, open or closed](https://student-workday-2024.sites.olt.ubc.ca/files/2026/05/waitlist-details-1.png)

## Additional resources

-   [Joining, viewing, and registering from course waitlists](https://student-workday-2024.sites.olt.ubc.ca/course-registration/joining-viewing-and-registering-from-course-waitlists/)
-   [Creating, viewing and registering from a saved schedule](https://student-workday-2024.sites.olt.ubc.ca/course-registration/creating-viewing-and-registering-from-a-saved-schedule/)",57cbfbafa95cc517da9449d2b7c625340d113ae855b71070b4b2367de197c549,,undergraduate_and_shared,2026-05-28T16:43:01+00:00,2026-09-11T05:07:27.466Z,[],"[{""text"": ""Workday"", ""url"": ""https://myworkday.ubc.ca/""}, {""text"": ""waitlists and what to do if a course is full"", ""url"": ""https://students.ubc.ca/enrolment/registration/register-courses/#get-ready-for-registration""}, {""text"": ""add yourself to a waitlist for individual courses"", ""url"": ""https://student-workday-2024.sites.olt.ubc.ca/course-registration/adding-yourself-to-the-waitlist-for-an-individual-course-section/""}, {""text"": ""add a course waitlist to your saved schedule"", ""url"": ""https://student-workday-2024.sites.olt.ubc.ca/course-registration/viewing-your-waitlisted-courses/""}, {""text"": ""viewable in the course section details"", ""url"": ""https://student-workday-2024.sites.olt.ubc.ca/course-registration/viewing-the-course-schedule/""}, {""text"": ""Academic Calendar"", ""url"": ""https://vancouver.calendar.ubc.ca/""}, {""text"": ""course schedule."", ""url"": ""https://student-workday-2024.sites.olt.ubc.ca/course-registration/viewing-the-course-schedule/""}, {""text"": ""Waitlist capacity, open or closed"", ""url"": ""https://student-workday-2024.sites.olt.ubc.ca/files/2026/05/waitlist-details-1.png""}, {""text"": ""Joining, viewing, and registering from course waitlists"", ""url"": ""https://student-workday-2024.sites.olt.ubc.ca/course-registration/joining-viewing-and-registering-from-course-waitlists/""}, {""text"": ""Creating, viewing and registering from a saved schedule"", ""url"": ""https://student-workday-2024.sites.olt.ubc.ca/course-registration/creating-viewing-and-registering-from-a-saved-schedule/""}]",[],prose/workday/markdown/58406f11df44a24df0f65a63e89ab2416f163b8dc8169cce59d8142409ec788a.md
prose:workday:4395,prose,workday,workday,https://workday.students.ubc.ca/finances/reviewing-your-ubc-award-offers/,https://workday.students.ubc.ca/wp-json/wp/v2/pages/4395,4395,Reviewing your UBC award offers,"Award offers are reviewed in the Learner Financial Support Management \(LFSM\) system, which can be accessed via Workday\. 

The LFSM only includes offer letters for awards from Winter 2024 onwards\. 

Learn more about [claiming UBC scholarships](https://students.ubc.ca/finances/tuition-fees/paying-tuition/#sponsorship-billing)\. 

## Before you review your award offers

Take the following actions in Workday if you haven’t already:

1.  Confirm that [your direct deposit details](https://student-workday-2024.sites.olt.ubc.ca/finances/setting-up-your-direct-deposit/) are set up to receive a “Student Refund”\. If you do not sign up for direct deposit, any remaining funds will remain on your UBC tuition account as a credit towards future tuition\. 
2.  Confirm that your [Social Insurance Number  \(SIN\) or Individual Tax Number \(ITN\)](https://student-workday-2024.sites.olt.ubc.ca/personal-information/adding-your-social-insurance-number-sin-or-international-tax-number-itn/) are correct\. Ensure this information is added by January if you aren’t able to add it now\.

## How to review your award offers

### Go to your Finances App in Workday

1.  Log into your Workday account at [myworkday\.ubc\.ca](https://myworkday.ubc.ca/)\. 
2.  Select “Student” in the navigation bar on the left\. 
3.  Select “Finances”\. 

### Review your award offers

1.  Select the “Learner Financial Support Management” link in the menu on the right\. 
2.  Click on an award listed in the “Offered Awards” section at the top of the page\. 
    -   If you hover over the “i” information icon in the Award Description column, you can read the award description\. 

[Image](https://student-workday-2024.sites.olt.ubc.ca/files/2024/07/Reviewing-award-offer_review-and-hover.jpg)

3\.The following options will appear as buttons at the **bottom of the page**\. Select a button to respond to your award offer: 

-   **Accept** 
-   **Decline** 
-   **Accept in reduced amount:** accept a reduced amount to meet your existing scholarship or funding package requirements\. 
-   **Accept in title only:** you will not receive the funding, but the award name will still be included in your award history\. 

[Image](https://student-workday-2024.sites.olt.ubc.ca/files/2024/07/Reviewing-award-offers_award-options.jpg)

4\.  A pop\-up window will appear \(please **enable pop\-ups** in your web browser\)\. Read the instructions in detail\.  
5\. Click the “Download PDF Award Notice and Legal Agreement” link\. Please review the information in the document, including how you’ll receive the award funds\.   
6\. Check each checkbox\. Make sure you’ve carefully read each statement\.   
7\. Depending on your selection: 

-   **Accept:** Select the “I agree” button\. 
-   **Accept in reduced amount:** Fill in the selected amount, write your reason, and then select the “I agree” button\. 
-   **Accept in title only:** Write your reason and then select the “I agree” button\. 
-   **Decline:** Write your reason and then select the “I decline” button\. 

### Review your decision

Once you have confirmed your decision for your award offer, the pop\-up window will disappear\. Your award history will be displayed in the bottom section of the page under “Award and Financial Assistance”\. 

## Next steps

After accepting your award offer, [view your award payments](https://student-workday-2024.sites.olt.ubc.ca/finances/viewing-your-award-payments/) in Workday\.",ae9f7349e4ee299d1c416e75ad5d76dd91c7dbcd67b1fee26d0903fe12a65e37,,undergraduate_and_shared,2026-08-11T18:06:30+00:00,2026-09-11T05:07:27.466Z,[],"[{""text"": ""claiming UBC scholarships"", ""url"": ""https://students.ubc.ca/finances/tuition-fees/paying-tuition/#sponsorship-billing""}, {""text"": ""your direct deposit details"", ""url"": ""https://student-workday-2024.sites.olt.ubc.ca/finances/setting-up-your-direct-deposit/""}, {""text"": ""Social Insurance Number (SIN) or Individual Tax Number (ITN)"", ""url"": ""https://student-workday-2024.sites.olt.ubc.ca/personal-information/adding-your-social-insurance-number-sin-or-international-tax-number-itn/""}, {""text"": ""myworkday.ubc.ca"", ""url"": ""https://myworkday.ubc.ca/""}, {""text"": ""Image"", ""url"": ""https://student-workday-2024.sites.olt.ubc.ca/files/2024/07/Reviewing-award-offer_review-and-hover.jpg""}, {""text"": ""Image"", ""url"": ""https://student-workday-2024.sites.olt.ubc.ca/files/2024/07/Reviewing-award-offers_award-options.jpg""}, {""text"": ""view your award payments"", ""url"": ""https://student-workday-2024.sites.olt.ubc.ca/finances/viewing-your-award-payments/""}]",[],prose/workday/markdown/61e31a58cad6d23fe1f2b240d8b25bbbb3d3da5533af85ec4d9c5143fdf76036.md
prose:workday:4402,prose,workday,workday,https://workday.students.ubc.ca/finances/viewing-your-award-payments/,https://workday.students.ubc.ca/wp-json/wp/v2/pages/4402,4402,Viewing your award payments,"## About award payments

Once you [accept a UBC award](https://workday.students.ubc.ca/finances/reviewing-your-ubc-award-offers/#accept-offer) in the Learner Financial Support Management \(LFSM\) application, it will be displayed in Workday as an “Anticipated Payment”\. 

After UBC has deposited your award amount towards your outstanding tuition or student fees, it will show up in Workday as an “Applied Payment”\.

## How to view your award payments

### Go to your Finances app

1.  Log into your Workday account at [myworkday\.ubc\.ca](http://myworkday.ubc.ca/)\. 
2.  Select “Student” in the navigation bar on the left\. 
3.  Select “Finances”\.

### Go to your account activity

Click the “View Account Activity” link in the “Tuition and Fees” menu to review: 

-   Anticipated Payments 
-   Applied Payments

[Image](https://student-workday-2024.sites.olt.ubc.ca/files/2024/07/Viewing-award-payments_go-to-account-activity-940x270.jpg)

#### Anticipated Payments

“Anticipated Payments” are funds that you expect to receive but have not been deposited in your account yet, like sponsorship or award payments\. 

1.  On the “View Account Activity” page, click the “Due Now Details” tab above the “Transaction Summary” table to display a summary of your charges and payments\. Learn more about your [charges and payments](https://student-workday-2024.sites.olt.ubc.ca/finances/viewing-your-financial-account-activity-tuition-amount-and-payments/)\.
2.  Click the blue dollar amount link in the “Anticipated Payments” field to learn more about your upcoming payments\. A pop\-up window listing all anticipated payments will appear\.

[Image](https://student-workday-2024.sites.olt.ubc.ca/files/2024/07/Viewing-award-payments_anticipated-payments.jpg)

3.  Your anticipated payments will reflect the award amounts you have accepted\. 

[Image](https://student-workday-2024.sites.olt.ubc.ca/files/2024/07/Viewing-award-payments_anticipated-payments-table-940x350.jpg)

#### Applied Payments

“Applied Payments” are award payments that have been deposited to your account\. 

When you open the “View Account Activity” page, your Transaction Summary will be displayed by default\. If you have just reviewed your Due Now Details, click back to the “Transaction Summary” tab to view your award payments\. 

Your transaction summary will be displayed in a table\. Your most recent transactions will be listed at the top\. 

[Image](https://student-workday-2024.sites.olt.ubc.ca/files/2024/07/Viewing-award-payments_applied-payments-940x440.jpg)

##  Additional resources

-   [Reviewing your award offers](https://student-workday-2024.sites.olt.ubc.ca/finances/reviewing-your-ubc-award-offers/)
-   [Viewing your financial account activity: tuition amount and payments](https://student-workday-2024.sites.olt.ubc.ca/finances/viewing-your-financial-account-activity-tuition-amount-and-payments/)",bb034767bd4759ff7178f39569d060032bfc023d7398c09fdb347c5d38eafcb5,,undergraduate_and_shared,2026-06-17T23:22:05+00:00,2026-09-11T05:07:27.466Z,[],"[{""text"": ""accept a UBC award"", ""url"": ""https://workday.students.ubc.ca/finances/reviewing-your-ubc-award-offers/#accept-offer""}, {""text"": ""myworkday.ubc.ca"", ""url"": ""http://myworkday.ubc.ca/""}, {""text"": ""Image"", ""url"": ""https://student-workday-2024.sites.olt.ubc.ca/files/2024/07/Viewing-award-payments_go-to-account-activity-940x270.jpg""}, {""text"": ""charges and payments"", ""url"": ""https://student-workday-2024.sites.olt.ubc.ca/finances/viewing-your-financial-account-activity-tuition-amount-and-payments/""}, {""text"": ""Image"", ""url"": ""https://student-workday-2024.sites.olt.ubc.ca/files/2024/07/Viewing-award-payments_anticipated-payments.jpg""}, {""text"": ""Image"", ""url"": ""https://student-workday-2024.sites.olt.ubc.ca/files/2024/07/Viewing-award-payments_anticipated-payments-table-940x350.jpg""}, {""text"": ""Image"", ""url"": ""https://student-workday-2024.sites.olt.ubc.ca/files/2024/07/Viewing-award-payments_applied-payments-940x440.jpg""}, {""text"": ""Reviewing your award offers"", ""url"": ""https://student-workday-2024.sites.olt.ubc.ca/finances/reviewing-your-ubc-award-offers/""}, {""text"": ""Viewing your financial account activity: tuition amount and payments"", ""url"": ""https://student-workday-2024.sites.olt.ubc.ca/finances/viewing-your-financial-account-activity-tuition-amount-and-payments/""}]",[],prose/workday/markdown/c19ee3b8bec24bf3df43f04f634dd3f9300a397379451c1ce07461f5027c0cb0.md
prose:workday:4459,prose,workday,workday,https://workday.students.ubc.ca/finances/applying-for-a-u-pass-exemption/,https://workday.students.ubc.ca/wp-json/wp/v2/pages/4459,4459,Applying for a U-Pass exemption,"This information is applicable to UBC Vancouver students\.

Learn more about the [U\-Pass BC program](https://planning.ubc.ca/transportation/transit/u-pass-compass-card), including exemption criteria\.

## How to apply for a U\-Pass exemption

1.  Log into your Workday account at [myworkday\.ubc\.ca](http://myworkday.ubc.ca/)\.
2.  Type “Create Request” in the search bar\.
3.  Select the “Create Request” task\.
4.  Enter ” U\-Pass” into the “Request Type” field on the pop\-up window\.
5.  Follow the instructions in the “U\-Pass Exemption Request” window to complete the request form\.
6.  Submit the exemption request\.",bfb0e82a4a45f9a064a67b58b59494f61d9ef93cf31d6eb910a74b59c827ab1b,,undergraduate_and_shared,2025-12-10T18:23:05+00:00,2026-09-11T05:07:27.466Z,[],"[{""text"": ""U-Pass BC program"", ""url"": ""https://planning.ubc.ca/transportation/transit/u-pass-compass-card""}, {""text"": ""myworkday.ubc.ca"", ""url"": ""http://myworkday.ubc.ca/""}]",[],prose/workday/markdown/64e032a1978d984c0e8a24a1f45e23f447800c24a2626da5f0f4ec133a4990f3.md
prose:workday:4479,prose,workday,workday,https://workday.students.ubc.ca/student-documents/downloading-your-program-completion-letter/,https://workday.students.ubc.ca/wp-json/wp/v2/pages/4479,4479,Downloading your Program Completion Letter,"Things to be aware of:

1.  If you have an active hold on your student record, you may not be able to request a letter\. 
2.  If you have more than one credential granting program at UBC, you must print one letter per academic record\. 
3.  Your Program Completion Status indicates the type of Program Completion Letter that is available to you\.

Signed Program Completion Letters are available to students in any credential granting program who:

1.  Have graduated from a credential granting program, or; 
2.  Applied for graduation, and have one of the following program completion statuses: 
    -   Evaluation Deferred 
    -   Approved for Completion 
    -   Program Completed

- **Row 1**

  - **Header cell 1:**
  
    Program Completion Status
  
  - **Header cell 2:**
  
    Status details
  
  - **Header cell 3:**
  
    Details included in the Program Completion letter

- **Row 2**

  - **Cell 1:**
  
    Evaluation Deferred
  
  - **Cell 2:**
  
    This status will appear until all final grades are in and your file has been approved by the Dean of your faculty
  
  - **Cell 3:**
  
    Upon successful completion of all courses in progress \[student name\] will have satisfied all requirements for the following at the University of British Columbia: \[educational credential\(s\) and Program\(s\) of Study\]   
      
    The credential will be awarded \[conferral date\]\.

- **Row 3**

  - **Cell 1:**
  
    Approved for Completion
  
  - **Cell 2:**
  
    Your Program Completion Application has been approved by your faculty\. The status will change to “Program Completed” when Senate meets to approve graduates and confer their degrees during its regular monthly meeting about a week before graduation ceremonies\.
  
  - **Cell 3:**
  
    This is to confirm that \[name of student\] has completed all requirements for the following at the University of British Columbia: \[educational credential\(s\) and Program\(s\) of Study\]\.   
      
    Subject to the approval of the Senate, this credential will be officially conferred in \[conferral date month\]\.

- **Row 4**

  - **Cell 1:**
  
    Program Completed
  
  - **Cell 2:**
  
    Your degree has been conferred \(awarded\) by Senate and your credentials will appear on your Program Completion letter\.
  
  - **Cell 3:**
  
    This is to confirm that \[student name\] has completed all requirements for the following at the University of British Columbia: \[educational credential\(s\) and Program\(s\) of Study\]\.   
    This credential was conferred on \[conferral date\]\.

> If you require proof of enrolment or verification of enrolment download a [Confirmation of Enrolment Letter](https://student-workday-2024.sites.olt.ubc.ca/student-documents/downloading-your-confirmation-of-enrolment-letter/) from the [UBC Official Documents tool \(ODMT\)](https://ubc.appiancloud.com/suite/sites/ubc-official-documents)\.

## Access the UBC Official Documents Tool \(ODMT\)

Current and former UBC students can order official transcripts and download unofficial transcripts of their academic record from the [UBC Official Documents tool](https://ubc.appiancloud.com/suite/sites/ubc-official-documents) \(ODMT\)\.

Current students can log into the ODMT directly, or through Workday: 

1.  Log into your Workday account at [myworkday\.ubc\.ca](http://myworkday.ubc.ca/%22%20/t%20%22_blank)\. 
2.  Select “Student” in the navigation bar on the left\. 
3.  Select “Academics”\. 
4.  In the “Transcripts and Enrolment/Completion Letters” menu, click the “UBC Official Documents” link to go to the UBC Official Documents tool \(ODMT\)\. 

## How to download a Program Completion Letter

1.  Select “Program Completion Letter” in the “Order Options” menu\.
2.  Select the program you want to request a Program Completion Letter for\.
3.  **Optional:** Select the UBC Student Number and/or Date of Birth box\(es\) if you wish to have this information included in the letter\.
4.  Select “Request Letter \(PDF\)”\.
5.  Wait a few seconds before selecting “Generate Letter \(PDF\)”, as there might be a short delay while the letter is being generated\.
6.  Select the “PDF” icon to download\.",a1000d928dceb2b1761b668c4920b74dfdfedbc91e9eefe346a0570dc6844c5e,,undergraduate_and_shared,2026-06-17T00:05:31+00:00,2026-09-11T05:07:27.466Z,[],"[{""text"": ""Confirmation of Enrolment Letter"", ""url"": ""https://student-workday-2024.sites.olt.ubc.ca/student-documents/downloading-your-confirmation-of-enrolment-letter/""}, {""text"": ""UBC Official Documents tool (ODMT)"", ""url"": ""https://ubc.appiancloud.com/suite/sites/ubc-official-documents""}, {""text"": ""UBC Official Documents tool"", ""url"": ""https://ubc.appiancloud.com/suite/sites/ubc-official-documents""}, {""text"": ""myworkday.ubc.ca"", ""url"": ""http://myworkday.ubc.ca/%22%20/t%20%22_blank""}]","[""A complex table is represented as row/cell lists; merged-cell spans are labelled.""]",prose/workday/markdown/7e0bb8a2390f5d41ea107fe33d0c205b8c7652b0b47faa7feb04e7e5d10b57c5.md
prose:workday:4484,prose,workday,workday,https://workday.students.ubc.ca/finances/applying-to-the-ubc-bursary-program/,https://workday.students.ubc.ca/wp-json/wp/v2/pages/4484,4484,Applying to the UBC Bursary Program,"> **Before you proceed:**  
> Before starting the application, make sure the **time zone in your LFSM settings is set up as \(UTC\-08:00\) Pacific Time \(Canada/Pacific\)\.** If your time zone is incorrect, the system may display an incorrect bursary deadline\. The deadline indicated on the [UBC Bursary Program webpage](https://students.ubc.ca/finances/awards-scholarships-bursaries/ubc-bursary-program/#application-period) takes precedence:  
>   
> 1\. Log into [lfsm\.ubc\.ca](http://lfsm.ubc.ca/)\.  
> 2\. Select the circle icon in the top right corner\.  
> 3\. Select “Settings”\.  
> 4\. Confirm that your time zone is correct\.  
> 5\. Select “Save changes”\.

## Go to the bursary application

Current UBC students can apply for the bursary program by logging into the Learner Financial Support Management system directly at [lfsm\.ubc\.ca](http://lfsm.ubc.ca/)\. 

Current students can also access the application through Workday: 

1.  Log into your Workday account at [myworkday\.ubc\.ca](https://myworkday.ubc.ca/)\. 
2.  Select “Student” in the navigation bar on the left\. 
3.  Select “Finances”\. 
4.  In the “Learner Financial Support Management” menu, click the “Learner Financial Support Management” link\. 

## Complete the bursary application

1.  Click on the waffle menu in the upper right corner\. 
2.  Select “LFSM\-Award Application”\.   
    [Image](https://student-workday-2024.sites.olt.ubc.ca/files/2026/08/Bursary_1.2-940x477.jpg)
3.  Click on the \+ button in the upper right corner to start a new Financial Profile: UBC Bursary application\. This Financial Profile is the award application for the UBC Bursary program\.   
    [Image](https://student-workday-2024.sites.olt.ubc.ca/files/2026/08/Bursary_2.2-940x98.jpg)
4.  A pop\-up window will appear \(please **enable pop\-ups** in your web browser\)\. 
    -   You can navigate through each section by clicking the section title in the left menu\.  
5.  Read the “Welcome” section and select the checkbox\. 
6.  Read the “Before you Apply” section and select the checkbox\.
7.  In the “Bursary Cycle” section, select the bursary cycle you are applying for to start your bursary application\. For example, 2026 Winter Session, 2027 Summer Session, etc\.\. 
8.  After selecting the bursary cycle to start your application, the left menu will display all the sections of the bursary application\. 
9.  Complete all sections of the application or select the “Save Draft” button if you wish to complete it later\. 
10.  Once you have completed all sections of the UBC Bursary application, read through the terms and conditions and select the declaration checkbox\. 

To continue a draft application or make changes to your UBC Bursary application, go to the LFSM\-Award Application homepage and click the pen icon\. You will be able to continue editing your application until the application deadline\. If you do not complete and submit your bursary application, it will not be considered\.",447ad56644c07933167f75a9cf3f53a770303f600665d569c0feda64bec33074,,undergraduate_and_shared,2026-09-10T22:07:33+00:00,2026-09-11T05:07:27.466Z,[],"[{""text"": ""UBC Bursary Program webpage"", ""url"": ""https://students.ubc.ca/finances/awards-scholarships-bursaries/ubc-bursary-program/#application-period""}, {""text"": ""lfsm.ubc.ca"", ""url"": ""http://lfsm.ubc.ca/""}, {""text"": ""myworkday.ubc.ca"", ""url"": ""https://myworkday.ubc.ca/""}, {""text"": ""Image"", ""url"": ""https://student-workday-2024.sites.olt.ubc.ca/files/2026/08/Bursary_1.2-940x477.jpg""}, {""text"": ""Image"", ""url"": ""https://student-workday-2024.sites.olt.ubc.ca/files/2026/08/Bursary_2.2-940x98.jpg""}]",[],prose/workday/markdown/7d5a1df48a0f4ea64e01a407187c1417fa32af94833ed26f1d60b7eee543f567.md
prose:workday:4503,prose,workday,workday,https://workday.students.ubc.ca/finances/downloading-your-tax-forms/,https://workday.students.ubc.ca/wp-json/wp/v2/pages/4503,4503,Downloading your tax forms,"> Please note:  
> – UBC is only able to provide T2202 and T4A tax forms for the current tax year and the seven years prior\.  
> – If you are logging into the UBC Official Documents tool for the first time, you might have to wait 3 hours for your information to sync before you can proceed with the order\.

[Learn more about taxes](https://students.ubc.ca/finances/taxes/)

## Access the UBC Official Documents Tool \(ODMT\)

Current and former UBC students can download their tax forms from the [UBC Official Documents tool](https://ubc.appiancloud.com/suite/sites/ubc-official-documents) \(ODMT\)\. Current students can also log into the UBC Official Documents tool through Workday: 

-   Log into your Workday account at [myworkday\.ubc\.ca](http://myworkday.ubc.ca/)\. 
-   Select “Student” in the navigation bar on the left\. 
-   Select “Finances”\. 
-   Select “Tax Forms” \(T2202 and T4A\) from the top menu\. 
-   Click the “UBC Official Documents” link to go to the UBC Official Documents tool \(ODMT\), under “Student Tax Forms \(T2202 and T4A\)\. 

## How to download your tax forms

1.  Select “Tax Form T2202” or “Tax Form T4A” under “Order Options”\. 
    -    Note: The T2202 replaced the T2202A beginning with the 2019 calendar year\. To download a historical T2202A \(PDF\) from the UBC Official Documents tool, select “Tax Form T2202”\. 
2.  Select the tax year that you want to download using the drop\-down menu\. 
3.  Review your address under the “Tax Form Information” box to ensure it is correct\. 
    -   Note: If you update your address in the ODMT, it will not be reflected in Workday\. Learn how to [update your address](https://student-workday-2024.sites.olt.ubc.ca/personal-information/adding-changing-your-contact-information/) in Workday\. 
4.  Select “Request Tax Form T2202 \(PDF\)” or “Request Tax Form T4A”\. 
5.  Wait a few seconds before selecting the “Generate T2202 Tax Form \(PDF\)” or “Generate T4A Tax Form \(PDF\)”’\. There might be a short delay while the tax form is being generated\. 
6.  Select the “PDF” icon to download\.",e1992e7791554cf32d11a65512dd3d413f5d7f27e482b6e1c679898cf00503b9,,undergraduate_and_shared,2026-09-10T22:04:21+00:00,2026-09-11T05:07:27.466Z,[],"[{""text"": ""Learn more about taxes"", ""url"": ""https://students.ubc.ca/finances/taxes/""}, {""text"": ""UBC Official Documents tool"", ""url"": ""https://ubc.appiancloud.com/suite/sites/ubc-official-documents""}, {""text"": ""myworkday.ubc.ca"", ""url"": ""http://myworkday.ubc.ca/""}, {""text"": ""update your address"", ""url"": ""https://student-workday-2024.sites.olt.ubc.ca/personal-information/adding-changing-your-contact-information/""}]",[],prose/workday/markdown/dff821e0674f98c4bc51419b2165271c837587ba1f61d06eba2b719adea19d7d.md
prose:workday:4508,prose,workday,workday,https://workday.students.ubc.ca/student-documents/ordering-a-transcript/,https://workday.students.ubc.ca/wp-json/wp/v2/pages/4508,4508,Ordering official transcripts and downloading unofficial transcripts,"> **Before proceeding**:  
> – If you are logging into the UBC Official Documents tool \(ODMT\) for the first time, you might have to wait three hours for your information to sync before you can proceed with the order\.  
> – It takes at least 24 hours for official transcripts to be updated with changes\. This includes grade changes, course adjustments during or after the add/drop deadline, or updates to your contact information \.

Learn more about [ordering official and unofficial transcripts](https://students.ubc.ca/enrolment/records/ordering-transcript/)\. 

## Access the UBC Official Documents tool \(ODMT\) 

Current and former UBC students can order official transcripts and download unofficial transcripts of their academic record from the [UBC Official Documents tool](https://ubc.appiancloud.com/suite/sites/ubc-official-documents) \(ODMT\)\.

Current students can log into the ODMT directly, or through Workday: 

1.  Log into your Workday account at [myworkday\.ubc\.ca](http://myworkday.ubc.ca/%22%20/t%20%22_blank)\. 
2.  Select “Student” in the navigation bar on the left\. 
3.  Select “Academics”\. 
4.  In the “Transcripts and Enrolment/Completion Letters” menu, click the “UBC Official Documents” link to go to the UBC Official Documents tool \(ODMT\)\. 

## How to order an official transcript 

1.  Select “Official Transcript” in the “Order Options” menu 
2.  Enter requester and recipient details: 
    -   Enter an email in the “Requester Email” box\. 
    -   Click “Add Recipient”\. 
3.  Select “Recipient Type”: 
    -   “Institution” allows you to select from a drop\-down menu of institutions\. When selected, the institution’s details will populate below\. 
    -   If you don’t see the institution that you are looking for, choose “Other” to fill in details manually\. 
    -   Note: Some institutions allow sending e\-transcripts directly to the institution through Education Planner BC\. Institutions who have this service, will have “e\-transcript” noted beside their name in the dropdown list\.
4.  Select the “Delivery” type\. 
    -   If you select “Print”, select the “Delivery Option” and enter/confirm the delivery details\. 
    -   If you select “Email PDF”, enter an email address in the “Email” box \. 
5.  Review “Print/Email PDF” details and submit the request\. 

### Enter payment details

1.  Review order details\. 
2.  Click the “Proceed to Payment” button\. 
3.  Review payment options \(American Express, China UnionPay, Discover, Mastercard, Visa\)\.
4.  Enter your payment information\. 
5.  Review the confirmation details\. 
6.  Select “Continue”, and the “Payment Success” page will be populated\. You may click the “ID” link to view the order details\. 

## How to download an unofficial transcript

1.  Select “Unofficial Transcript” in the “Order Options” menu\. 
2.  Enter your student number in the “Order Unofficial Transcript” window\. 
3.  Click the “Request Unofficial Transcript \(PDF\)” button\. 
4.  Wait a few seconds before clicking the “Generate Unofficial Transcript \(PDF\)” button\. There might be a short delay while the transcript is being generated\. 
5.  Click the “PDF” icon to download\.",c403530174fa32d57656501cbfd5d23368fa348d4fa7fde38ed9eb38ec393854,,undergraduate_and_shared,2026-09-10T22:07:22+00:00,2026-09-11T05:07:27.466Z,[],"[{""text"": ""ordering official and unofficial transcripts"", ""url"": ""https://students.ubc.ca/enrolment/records/ordering-transcript/""}, {""text"": ""UBC Official Documents tool"", ""url"": ""https://ubc.appiancloud.com/suite/sites/ubc-official-documents""}, {""text"": ""myworkday.ubc.ca"", ""url"": ""http://myworkday.ubc.ca/%22%20/t%20%22_blank""}]",[],prose/workday/markdown/4fd1ab440dc4977e740b0058a7218cd99a860f6e1cbb2cc3f578c124085c069e.md
prose:workday:4560,prose,workday,workday,https://workday.students.ubc.ca/degree-planning/viewing-your-exam-schedule/,https://workday.students.ubc.ca/wp-json/wp/v2/pages/4560,4560,Viewing your final exam schedule,"Learn more about [final exam start times, dates and locations](https://students.ubc.ca/enrolment/exams/)\.

## How to view your final exam schedule

### Go to your Academics app

1.  Log into your Workday account at [myworkday\.ubc\.ca](https://myworkday.ubc.ca/)\. 
2.  Select “Student” in the navigation bar on the left\. 
3.  Select “Academics”\.

### View your final exam schedule

1.  Select the “Registration &amp; Courses” tab in the top menu\. 
2.  Click the “Final Exam Schedule” link in the “Exams” menu to the right\. 
3.  Select “Student” then “Final Exams” from the top menu bar\. 
4.  Select the exam period under the “Scheduled Assessments” header\.",64691e9e8268ea0cf444e8ebfc9489a13a4f35153e1d2d4c732bda9af9cfe538,,undergraduate_and_shared,2026-02-06T22:49:08+00:00,2026-09-11T05:07:27.466Z,[],"[{""text"": ""final exam start times, dates and locations"", ""url"": ""https://students.ubc.ca/enrolment/exams/""}, {""text"": ""myworkday.ubc.ca"", ""url"": ""https://myworkday.ubc.ca/""}]",[],prose/workday/markdown/e145abf38190f0cf0164e4092f565368cb28e98d4c57016290331a8888c0cdc0.md
prose:workday:4584,prose,workday,workday,https://workday.students.ubc.ca/degree-planning/applying-for-graduation-program-completion/,https://workday.students.ubc.ca/wp-json/wp/v2/pages/4584,4584,Applying for graduation and program completion,"**If you are a graduate student, follow the Graduate and Postdoctoral Studies [Workday How\-to Guides](https://www.grad.ubc.ca/workday-student-support)**

To graduate from UBC, you must complete a formal application process that consists of two components: 

1.  [**Graduation Application**](https://ubc.appiancloud.com/suite/sites/graduation-management-application) 
    -   This application must be submitted to receive your parchment and to indicate whether or not you plan to attend the ceremony\.
2.   [**Program Completion Application**](https://myworkday.ubc.ca/) 
    -   This application must be submitted to have your program requirements reviewed by your faculty or school, and have your degree conferred \(awarded\) by the Senate\. 

**You must complete both the Graduation Application and the Program Completion Application or you will not be eligible to graduate\.** 

Learn more about [applying to graduate](https://students.ubc.ca/enrolment/graduation/applying-graduate/)\. 

**On this page:**

1.  [Step 1: Submit the Graduation Application](https://student-workday-2024.sites.olt.ubc.ca/degree-planning/applying-for-graduation-program-completion/#step-1-submit-the-graduation-application)
2.  [Step 2: Submit the Program Completion Application](https://student-workday-2024.sites.olt.ubc.ca/degree-planning/applying-for-graduation-program-completion/#step-2-submit-the-program-completion-application)
3.  [Step 3: Verify your Application](https://student-workday-2024.sites.olt.ubc.ca/degree-planning/applying-for-graduation-program-completion/#step-3-verify-your-application)
4.  [Step 4: Submit your Program Completion Questionnaire \(may be required\)](https://student-workday-2024.sites.olt.ubc.ca/degree-planning/applying-for-graduation-program-completion/#step-4-submit-your-program-completion-questionnaire-may-be-required)
5.  [Late Applications](https://student-workday-2024.sites.olt.ubc.ca/degree-planning/applying-for-graduation-program-completion/#late-applications)
6.  [Additional resources](https://student-workday-2024.sites.olt.ubc.ca/degree-planning/applying-for-graduation-program-completion/#additional-resources)

## Step 1: Submit the Graduation Application

### Go to the Graduation Application

1.  Use your CWL to log into the [Graduation Application](https://ubc.appiancloud.com/suite/sites/graduation-management-application)\. 
2.  Select ‘Apply for Graduation’ to start your Graduation Application\. 

### Complete your Graduation Application

-   Some of the fields on the Graduation Application will be prepopulated with information from your [Workday](https://myworkday.ubc.ca/) account\. Review this content\. 
-   If graduation ceremony dates and times have not been assigned, you may see an error message and your graduation ceremony details will not appear\. This will not impact your application\. Details may not be available until May \(Spring Convocation\), November \(Fall Convocation\) and are subject to change\. You can also view the [graduation schedule](https://graduation.ubc.ca/schedule/) for updates\.

### Submit your Graduation Application

1.  To submit your Graduation Application, you **must select the “Save &amp; Submit” button** located after the “Ceremony Details” section\. 
2.  If your Graduation Application was successfully submitted, you will see a screen that states “Application Successfully Submitted”\. 
    -   You will also receive a confirmation email sent to the primary email address you have listed in Workday\. Reminder: Please check your Spam and Junk Email folders\.

## Step 2: Submit the Program Completion Application

### Go to your Academics app

1.  Log into your Workday account at [myworkday\.ubc\.ca](http://myworkday.ubc.ca/)\. 
2.  Select “Student” in the navigation bar on the left\. 
3.  Select “Academics”\.

### Go to Graduation

On the “Academics” page: 

1.  Click the “Graduation” tab in the top menu\. 
2.  Click the “Apply for Program Completion” link in the “Graduation” menu to the right\. 

### Complete your Program Completion Application

On the “Apply for Program Completion” page, confirm your Academic Record\.

-    If you only have one Academic Record, this field will be prepopulated\.
-   If you have more than one active Academic Record, select the one you are applying for\.

[Select apply and confirm, and enter expected completion date, then submit\.](https://student-workday-2024.sites.olt.ubc.ca/files/2025/12/ECD.png)

1.  **Check the “Apply” box** to select your primary program of study\. Only your primary program of study can be selected in this application, but you will graduate with all of your ‘In Progress’ programs of study\. If you have more than one program of study, make sure your secondary programs are correct before submitting your application \(e\.g\., if you have a minor or a second major\)\. You can view your [programs of study](https://workday.students.ubc.ca/degree-planning/adding-a-program-of-study-second-major-or-minor/?login) in your Academics Overview in Workday\. 
    -   Once your application is submitted, you will **not** be able to make changes to your program of study\. 
2.  Enter your **Expected Completion Date \(ECD\)** according to the conferral period you are applying for: 
    -   **May Graduation**: Enter any date in term 2 \(between January 1 and April 30\) 
    -   **November Graduation**: Enter any date in the Summer Session \(between June 1 and August 31\)
        -   The ECD date entered does not impact your academic record or the date you actually meet/met program requirements\. 
        -   If you select an ECD that does not match the current application window when you are applying, you will receive an error message\. Refer to the application periods and expected completion dates listed above\. 
3.  Check that the information is correct\. If it is correct, check the “Confirm” box\. 
4.  Click the “Submit” button\. 

### Review and confirm your Program Completion Application

1.  Review your “Program Completion Status” to make sure your application was successful\. Your status should read “Applied for Completion”\. 
    -   Contact [graduation@ubc\.ca](mailto:graduation@ubc.ca) immediately if there are any errors\. 
2.  Click the “Done” button\. 

## Step 3: Verify your Application

1.  Use your CWL to log into the [Graduation Application](https://ubc.appiancloud.com/suite/sites/graduation-management-application)\. 
2.  Select “View Details” to open the Application Details screen\. 
3.  Confirm that you have successfully completed both the Graduation Application and the Program Completion Application, by reviewing the “Graduation Application Submitted” and “Workday Program Completion Status” display bars at the top of the screen\. 

**Please note that it may take up to 24 hours for the Application Details to reflect that both applications have been completed\.** 

If there are any discrepancies or changes needed to your Graduation Application, you will be able to edit your application until the application period is completed\. Select “Edit Student Application” from the Application Details screen\. 

**Stages of your application** 

-   Your “Workday Program Completion Status” display bar will update on the Application Details screen when your application has been reviewed and when your degree has been conferred\. 
-   If graduation ceremony dates and times have not been assigned, you may see an error message and your Graduation Ceremony details will not appear\. This will not impact your application\. Details may not be available until May \(Spring Convocation\), November \(Fall Convocation\) and are subject to change\. You can also view the [graduation schedule](https://graduation.ubc.ca/schedule/) for updates\.

### **Viewing your Program of Study Status and your Program Completion Status in Workday** 

In the Workday Academics app, under the “Graduation” tab, you can view your Program of Study Status and Program Completion Status\. There are a number of statuses that may appear on your academic record once you have applied to graduate\. [Learn more](https://students.ubc.ca/enrolment/graduation/graduation-faq/)\. 

## Step 4: Submit your Program Completion Questionnaire \(may be required\)

After submitting your Program Completion Application, you will receive the Program Completion Questionnaire sent to your “My Tasks” inbox in [Workday](https://myworkday.ubc.ca/)\. 

The Program completion questionnaire is optional unless you have outstanding transfer credits \(courses taken at another institution\) that need to be added to your record to meet degree requirements\. In this case, you must submit a Program Completion Questionnaire\. 

1.  Click the “My Tasks” icon at the top right of the page\. Alternatively, you can select the task on the Workday landing page under “Awaiting Your Action”\. 
2.  Click on the inbox notification titled “Apply for Program Completion Event” to open the questionnaire\. 
3.  Complete the questionnaire by selecting “Yes” or “No” for the question\. 
4.  Review your answer before proceeding\. Once you submit, you will not be able to make changes or view your response\. 
5.  Click the “Submit” button\. 

## Late Applications

If you miss the graduation application deadline, follow your Faculty’s process to request a late application\. Contact your [advising office](https://students.ubc.ca/enrolment/academic-learning-resources/academic-advising)\. 

## Additional resources

-   [Graduation information for Vancouver students](https://students.ubc.ca/enrolment/graduation/applying-graduate/)
-   [Graduation FAQs](https://students.ubc.ca/enrolment/graduation/graduation-faq/)
-   [Graduation ceremony schedule](https://graduation.ubc.ca/schedule/)
-   [Downloading your Program Completion Letter](https://workday.students.ubc.ca/student-documents/downloading-your-program-completion-letter/)",48092e3740432096ad83e8f5b3825e465a6b90387ce2d6622e5d408690e77e6b,,undergraduate_and_shared,2026-07-30T20:51:29+00:00,2026-09-11T05:07:27.466Z,[],"[{""text"": ""Workday How-to Guides"", ""url"": ""https://www.grad.ubc.ca/workday-student-support""}, {""text"": ""Graduation Application"", ""url"": ""https://ubc.appiancloud.com/suite/sites/graduation-management-application""}, {""text"": ""Program Completion Application"", ""url"": ""https://myworkday.ubc.ca/""}, {""text"": ""applying to graduate"", ""url"": ""https://students.ubc.ca/enrolment/graduation/applying-graduate/""}, {""text"": ""Step 1: Submit the Graduation Application"", ""url"": ""https://student-workday-2024.sites.olt.ubc.ca/degree-planning/applying-for-graduation-program-completion/#step-1-submit-the-graduation-application""}, {""text"": ""Step 2: Submit the Program Completion Application"", ""url"": ""https://student-workday-2024.sites.olt.ubc.ca/degree-planning/applying-for-graduation-program-completion/#step-2-submit-the-program-completion-application""}, {""text"": ""Step 3: Verify your Application"", ""url"": ""https://student-workday-2024.sites.olt.ubc.ca/degree-planning/applying-for-graduation-program-completion/#step-3-verify-your-application""}, {""text"": ""Step 4: Submit your Program Completion Questionnaire (may be required)"", ""url"": ""https://student-workday-2024.sites.olt.ubc.ca/degree-planning/applying-for-graduation-program-completion/#step-4-submit-your-program-completion-questionnaire-may-be-required""}, {""text"": ""Late Applications"", ""url"": ""https://student-workday-2024.sites.olt.ubc.ca/degree-planning/applying-for-graduation-program-completion/#late-applications""}, {""text"": ""Additional resources"", ""url"": ""https://student-workday-2024.sites.olt.ubc.ca/degree-planning/applying-for-graduation-program-completion/#additional-resources""}, {""text"": ""Workday"", ""url"": ""https://myworkday.ubc.ca/""}, {""text"": ""graduation schedule"", ""url"": ""https://graduation.ubc.ca/schedule/""}, {""text"": ""myworkday.ubc.ca"", ""url"": ""http://myworkday.ubc.ca/""}, {""text"": ""Select apply and confirm, and enter expected completion date, then submit."", ""url"": ""https://student-workday-2024.sites.olt.ubc.ca/files/2025/12/ECD.png""}, {""text"": ""programs of study"", ""url"": ""https://workday.students.ubc.ca/degree-planning/adding-a-program-of-study-second-major-or-minor/?login""}, {""text"": ""graduation@ubc.ca"", ""url"": ""mailto:graduation@ubc.ca""}, {""text"": ""Learn more"", ""url"": ""https://students.ubc.ca/enrolment/graduation/graduation-faq/""}, {""text"": ""advising office"", ""url"": ""https://students.ubc.ca/enrolment/academic-learning-resources/academic-advising""}, {""text"": ""Graduation information for Vancouver students"", ""url"": ""https://students.ubc.ca/enrolment/graduation/applying-graduate/""}, {""text"": ""Graduation FAQs"", ""url"": ""https://students.ubc.ca/enrolment/graduation/graduation-faq/""}, {""text"": ""Graduation ceremony schedule"", ""url"": ""https://graduation.ubc.ca/schedule/""}, {""text"": ""Downloading your Program Completion Letter"", ""url"": ""https://workday.students.ubc.ca/student-documents/downloading-your-program-completion-letter/""}]",[],prose/workday/markdown/b1cf812a3ba594803d738f1537e2e41e5af143a11d4fdb5d2795fc2ba1e890d3.md
prose:workday:4618,prose,workday,workday,https://workday.students.ubc.ca/degree-planning/applying-for-a-standing-deferred-or-supplemental-exam/,https://workday.students.ubc.ca/wp-json/wp/v2/pages/4618,4618,Applying for a Standing Deferred or Supplemental exam,Follow instructions in the [step\-by\-step guide](https://student-workday-2024.sites.olt.ubc.ca/files/2025/04/Applying-for-an-SD-or-Supplemental-Exam.pdf) \(pdf\) to apply for a Standing Deferred or Supplemental exam\.,903c37439ba1d22820ece3e0125c322098585d91853ee2d3521ab4d29c24543a,,undergraduate_and_shared,2025-05-01T16:33:19+00:00,2026-09-11T05:07:27.466Z,[],"[{""text"": ""step-by-step guide"", ""url"": ""https://student-workday-2024.sites.olt.ubc.ca/files/2025/04/Applying-for-an-SD-or-Supplemental-Exam.pdf""}]",[],prose/workday/markdown/3939dbc15d9b50da6fd375c2ad0ed45e24d8c48a9dc085b09a8563a1c8069e53.md
prose:workday:4668,prose,workday,workday,https://workday.students.ubc.ca/student-documents/ordering-a-parchment-diploma-or-certified-copy/,https://workday.students.ubc.ca/wp-json/wp/v2/pages/4668,4668,Ordering a parchment (diploma) or certified copy,"### Access the Official Documents tool \(ODMT\)  

Current and former UBC students can order official parchment \(diploma\) or certified copy from the [UBC Official Documents tool](https://ubc.appiancloud.com/suite/sites/ubc-official-documents) \(ODMT\)\.

Current students can also log into the Official Documents tool through Workday:

1.  Log into your Workday account at [myworkday\.ubc\.ca](http://myworkday.ubc.ca/)\. 
2.  Select “Student” in the navigation bar on the left\.
3.  Select “Academics”\.
4.  In the “Transcripts and Enrolment/Completion Letters” menu, click the “UBC Official Documents” link to go to the UBC Official Documents tool \(ODMT\)\.

### Request a replacement parchment \(diploma\)

1.  Select “Replacement Parchment” under “Order Options”\.
2.  Complete the mandatory fields:
    -   Requestor Email
    -   Credential
    -   Name on Diploma
3.  The “Recipient” fields will appear after the “Name on Diploma” is selected\. Enter the recipient details:
    -   The “Delivery Type” will default to Print\.
    -   If you choose “Pick up” as a delivery option, the address will default to the “Enrolment Services” address\.
4.  **Optional**: Add certified copies to the order\. If certified copies are requested, a replacement parchment must also be ordered\.
5.  Click “Proceed to Summary”\.

### Review the order summary

Confirm that the details of the order summary are correct and click through to proceed to the payment screens\.

### Enter payment details

1.  Review the confirmation details\.
2.  On the “Payment Success” page, you can click the “ID” link to view order details\.

## Additional resources

-   [Ordering and downloading transcripts](https://student-workday-2024.sites.olt.ubc.ca/student-documents/ordering-a-transcript/)
-   [Downloading your program completion letter](https://student-workday-2024.sites.olt.ubc.ca/student-documents/downloading-your-program-completion-letter/)",f74da68a87c01da4dda9d136c8ade84a7bd6678a34e37d2d09ea9cb145336a64,,undergraduate_and_shared,2026-05-19T20:06:59+00:00,2026-09-11T05:07:27.466Z,[],"[{""text"": ""UBC Official Documents tool"", ""url"": ""https://ubc.appiancloud.com/suite/sites/ubc-official-documents""}, {""text"": ""myworkday.ubc.ca"", ""url"": ""http://myworkday.ubc.ca/""}, {""text"": ""Ordering and downloading transcripts"", ""url"": ""https://student-workday-2024.sites.olt.ubc.ca/student-documents/ordering-a-transcript/""}, {""text"": ""Downloading your program completion letter"", ""url"": ""https://student-workday-2024.sites.olt.ubc.ca/student-documents/downloading-your-program-completion-letter/""}]",[],prose/workday/markdown/ec3a4cd4e57e0f30db274afbedddb7ba07aaefbb00bad37be83864796f571de4.md
prose:workday:4842,prose,workday,workday,https://workday.students.ubc.ca/navigating-workday/,https://workday.students.ubc.ca/wp-json/wp/v2/pages/4842,4842,Navigating Workday,"UBC students use [Workday](https://myworkday.ubc.ca/) and the [UBC Official Documents tool \(ODMT\)](https://ubc.appiancloud.com/suite/sites/ubc-official-documents) to complete essential tasks like: 

-   Viewing the course schedule 
-   Registering for courses 
-   Accessing your final grades 
-   Updating your personal information 
-   Paying your tuition 
-   Downloading important documents such as transcripts

[Log into Workday](https://myworkday.ubc.ca/)

[Log into ODMT](https://ubc.appiancloud.com/suite/sites/ubc-official-documents)

> **UBC applicants**  
> [Workday](https://myworkday.ubc.ca/) is a tool for current UBC students\. If you’re an undergraduate applicant who has not yet been admitted to UBC, please log into the [Applicant Service Centre](https://myapplication.ubc.ca/) to access your application status and information\.    
>   
> **Former students and alumni**  
> Former students and alumni can use the [UBC Official Documents tool \(ODMT\)](https://ubc.appiancloud.com/suite/sites/ubc-official-documents) to download and order documents\. [Learn more\.](https://workday.students.ubc.ca/navigating-workday/#odmt)

## On this page

-   [How to log into Workday](https://workday.students.ubc.ca/navigating-workday/#workday)
-   [Your Workday homepage](https://workday.students.ubc.ca/navigating-workday/#homepage)
-   [Downloading documents](https://workday.students.ubc.ca/navigating-workday/#odmt)

## How to log into Workday

Log into Workday at [myworkday\.ubc\.ca](http://myworkday.ubc.ca/) with your Campus\-wide Login \(CWL\)\. 

-   If you have forgotten your login information, you can go to your [CWL myAccount portal](https://www.myaccount.ubc.ca/myAccount) to manage your Campus\-Wide Login\. [Learn more](https://it.ubc.ca/services/accounts-passwords/campus-wide-login-cwl)\. 
-   If you are a new undergraduate student and have accepted your offer, but have not created a **Student CWL**, [follow the instructions](https://it.ubc.ca/services/accounts-passwords/campus-wide-login-cwl/how-create-account) under “**Student Accounts \(CWL Account Upgrader\)**”\. 

## Your Workday homepage

Watch the video below to learn how to navigate to important apps and features on the Workday home page\.

[Embedded content: Kaltura Player](https://api.ca.kaltura.com/p/161/embedPlaykitJs/uiconf_id/23451096?iframeembed=true&amp;entry_id=0_aw5jzfnh&amp;config%5Bprovider%5D={%27widgetId%27:%270_q2rpbvmd%27})

### Sidebar navigation menu

[Image](https://student-workday-2024.sites.olt.ubc.ca/files/2026/01/UX-Whole-Page-1_Dashboard-768x475.png)

The sidebar navigation menu located on the left of the homepage contains links to important apps and features within Workday\. 

### Student

[Image](https://student-workday-2024.sites.olt.ubc.ca/files/2026/01/UX-Focused-View-1_Student-768x514.png)

Select the **“Student”** menu category to find the two Workday apps that are related to: 

-   **Academics:** Where you can view the course schedule, create a saved schedule, register for courses, and more\. 
-   **Finances:** Where you can view your tuition and fees, download your account statement, access TouchNet to make a payment, setup your direct deposit, and more\. 

### Personal

[Image](https://student-workday-2024.sites.olt.ubc.ca/files/2026/01/UX-Focused-View-2_Personal-768x514.png)

Select the **“Personal”** menu category, then select **“Personal Information”** to view and edit your home contact information, personal information, preferred name, and more\. 

If you are a student who is also employed by UBC, you may see additional apps that are related to your employment\. 

### Your profile

[Image](https://student-workday-2024.sites.olt.ubc.ca/files/2026/01/Workday_Profile-768x432.png)

In your profile you can view and edit select information\. To access your profile: 

1.  On the Workday homepage, click your user icon in the top right corner\. 
2.  Click the “View Profile” button in the pop\-up menu\. 
3.  View: 
    -   **Summary:** Contains your student ID and class standing\. 
    -   **Personal:** Add your [preferred name](https://student-workday-2024.sites.olt.ubc.ca/personal-information/updating-your-preferred-name/), [pronouns](https://student-workday-2024.sites.olt.ubc.ca/personal-information/updating-your-pronouns-trans-experience-and-gender-identity/), [SIN, ITN](https://student-workday-2024.sites.olt.ubc.ca/personal-information/adding-your-social-insurance-number-sin-or-international-tax-number-itn/), [Third Party Authorization](https://student-workday-2024.sites.olt.ubc.ca/personal-information/adding-your-third-party-authorization/), and [Indigenous self\-identification](https://student-workday-2024.sites.olt.ubc.ca/personal-information/updating-your-indigenous-self-identification/)\. You can also view your [legal name](https://student-workday-2024.sites.olt.ubc.ca/personal-information/viewing-your-legal-name/) and [date of birth](https://student-workday-2024.sites.olt.ubc.ca/personal-information/viewing-your-date-of-birth/)\. 
    -   **Contact:** Add personal [contact information](https://student-workday-2024.sites.olt.ubc.ca/personal-information/adding-changing-your-contact-information/) and [emergency contacts](https://student-workday-2024.sites.olt.ubc.ca/personal-information/adding-your-emergency-contacts/)\. 

### Tasks and notifications

[Image](https://student-workday-2024.sites.olt.ubc.ca/files/2026/01/Workday_notifications-768x433.png)

Select the **“My Tasks”** **inbox** icon in the top right or an item in the **“Awaiting Your Action” section** to view your tasks\. Examples of tasks include completing registration for a waitlisted course and Workday onboarding\. 

Select the **“Notifications”** icon in the top right to view your notifications which may include updates to program change requests, waitlist status, and changes to your residency status\. 

## Downloading UBC documents

Current and former UBC students can use the [UBC Official Documents tool \(ODMT\)](https://ubc.appiancloud.com/suite/sites/ubc-official-documents) to download and order documents this includes: 

-   Official and unofficial transcripts 
-   Parchments \(diplomas\) 
-   Program Completion Letters 
-   Tax forms \(T2202 and T4A\) 
-   Confirmation of Enrolment letters \(current students only\) 

Current students can also log into ODMT through Workday in the Academics app\. 

View step\-by\-step tutorials on [downloading documents in ODMT](https://workday.students.ubc.ca/student-documents/)\.",73233f45c95aff83f4dc7ffeb6edf3537ccb1b15557a86ab4a0c89a855f73429,,undergraduate_and_shared,2026-09-02T23:18:17+00:00,2026-09-11T05:07:27.466Z,[],"[{""text"": ""Workday"", ""url"": ""https://myworkday.ubc.ca/""}, {""text"": ""UBC Official Documents tool (ODMT)"", ""url"": ""https://ubc.appiancloud.com/suite/sites/ubc-official-documents""}, {""text"": ""Log into Workday"", ""url"": ""https://myworkday.ubc.ca/""}, {""text"": ""Log into ODMT"", ""url"": ""https://ubc.appiancloud.com/suite/sites/ubc-official-documents""}, {""text"": ""Applicant Service Centre"", ""url"": ""https://myapplication.ubc.ca/""}, {""text"": ""Learn more."", ""url"": ""https://workday.students.ubc.ca/navigating-workday/#odmt""}, {""text"": ""How to log into Workday"", ""url"": ""https://workday.students.ubc.ca/navigating-workday/#workday""}, {""text"": ""Your Workday homepage"", ""url"": ""https://workday.students.ubc.ca/navigating-workday/#homepage""}, {""text"": ""Downloading documents"", ""url"": ""https://workday.students.ubc.ca/navigating-workday/#odmt""}, {""text"": ""myworkday.ubc.ca"", ""url"": ""http://myworkday.ubc.ca/""}, {""text"": ""CWL myAccount portal"", ""url"": ""https://www.myaccount.ubc.ca/myAccount""}, {""text"": ""Learn more"", ""url"": ""https://it.ubc.ca/services/accounts-passwords/campus-wide-login-cwl""}, {""text"": ""follow the instructions"", ""url"": ""https://it.ubc.ca/services/accounts-passwords/campus-wide-login-cwl/how-create-account""}, {""text"": ""Embedded content: Kaltura Player"", ""url"": ""https://api.ca.kaltura.com/p/161/embedPlaykitJs/uiconf_id/23451096?iframeembed=true&entry_id=0_aw5jzfnh&config%5Bprovider%5D=%7B%27widgetId%27:%270_q2rpbvmd%27%7D""}, {""text"": ""Image"", ""url"": ""https://student-workday-2024.sites.olt.ubc.ca/files/2026/01/UX-Whole-Page-1_Dashboard-768x475.png""}, {""text"": ""Image"", ""url"": ""https://student-workday-2024.sites.olt.ubc.ca/files/2026/01/UX-Focused-View-1_Student-768x514.png""}, {""text"": ""Image"", ""url"": ""https://student-workday-2024.sites.olt.ubc.ca/files/2026/01/UX-Focused-View-2_Personal-768x514.png""}, {""text"": ""Image"", ""url"": ""https://student-workday-2024.sites.olt.ubc.ca/files/2026/01/Workday_Profile-768x432.png""}, {""text"": ""preferred name"", ""url"": ""https://student-workday-2024.sites.olt.ubc.ca/personal-information/updating-your-preferred-name/""}, {""text"": ""pronouns"", ""url"": ""https://student-workday-2024.sites.olt.ubc.ca/personal-information/updating-your-pronouns-trans-experience-and-gender-identity/""}, {""text"": ""SIN, ITN"", ""url"": ""https://student-workday-2024.sites.olt.ubc.ca/personal-information/adding-your-social-insurance-number-sin-or-international-tax-number-itn/""}, {""text"": ""Third Party Authorization"", ""url"": ""https://student-workday-2024.sites.olt.ubc.ca/personal-information/adding-your-third-party-authorization/""}, {""text"": ""Indigenous self-identification"", ""url"": ""https://student-workday-2024.sites.olt.ubc.ca/personal-information/updating-your-indigenous-self-identification/""}, {""text"": ""legal name"", ""url"": ""https://student-workday-2024.sites.olt.ubc.ca/personal-information/viewing-your-legal-name/""}, {""text"": ""date of birth"", ""url"": ""https://student-workday-2024.sites.olt.ubc.ca/personal-information/viewing-your-date-of-birth/""}, {""text"": ""contact information"", ""url"": ""https://student-workday-2024.sites.olt.ubc.ca/personal-information/adding-changing-your-contact-information/""}, {""text"": ""emergency contacts"", ""url"": ""https://student-workday-2024.sites.olt.ubc.ca/personal-information/adding-your-emergency-contacts/""}, {""text"": ""Image"", ""url"": ""https://student-workday-2024.sites.olt.ubc.ca/files/2026/01/Workday_notifications-768x433.png""}, {""text"": ""downloading documents in ODMT"", ""url"": ""https://workday.students.ubc.ca/student-documents/""}]","[""Embedded content is linked rather than embedded; consult the source for its full content."", ""Removed executable markup, form controls, or event attributes.""]",prose/workday/markdown/245e5dddc015c4bbfb23fad423e3090d58662f6a7e6b8ab7f016dd8ac5953e2a.md
prose:workday:4950,prose,workday,workday,https://workday.students.ubc.ca/course-registration/creating-viewing-and-registering-from-a-saved-schedule/,https://workday.students.ubc.ca/wp-json/wp/v2/pages/4950,4950,"Creating, viewing, and registering from a saved schedule","There are two primary ways you can register for courses in Workday\. You can [register for individual courses](https://student-workday-2024.sites.olt.ubc.ca/course-registration/registering-for-individual-course-sections/) one at a time, or you can create a saved schedule and register for **all your courses at once**, which is covered in the tutorial below\. 

---

**Before proceeding:**

-   **Creating a saved schedule does not register you in courses\.** You must follow separate instructions to:
    -   [register from a saved schedule](https://workday.students.ubc.ca/course-registration/creating-viewing-and-registering-from-a-saved-schedule/#register)\.
    -   [register in a waitlisted course](https://student-workday-2024.sites.olt.ubc.ca/course-registration/joining-viewing-and-registering-from-course-waitlists/)
-   For the Winter Session, you must make a saved schedule for each term\. We recommend starting with Term 1\. 
-   When creating a saved schedule, you can only add courses that are offered in the same academic period \(Winter Term 1, Winter Term 2, Summer Session\)\. Courses that span Term 1 and Term 2 will only appear in the Term 1 saved schedule\. If you register in a course that spans both terms, be mindful of course conflicts in Term 2\. Learn more about [resolving course conflicts](https://student-workday-2024.sites.olt.ubc.ca/course-registration/troubleshooting-your-course-registration/)\.  
-   When you are building **your Term 2 saved schedule**, you may see an alert that you do not meet the prerequisites for some courses\. This may be because you have the **prerequisites on your Term 1 saved schedule**\. Check your Term 1 saved schedules to make sure you have the required courses to meet your Term 2 prerequisites\.
    -   If you complete the prerequisite that triggered the alert, or register in the Term 1 prerequisite, the alert will no longer appear\. As long as there are no other registration issues you will be able to proceed with registration\.
-   You will be able to create your saved schedule with courses from any academic level, but you may not be able to register if you do not meet the eligibility requirements\. 
-   If you have more than one academic record \(e\.g\. concurrent Master’s degree and PhD students\), you need to make a separate saved schedule for each academic record\. 

---

On this page:

-   [How to create a saved schedule](https://workday.students.ubc.ca/course-registration/creating-viewing-and-registering-from-a-saved-schedule/#create)
-   [How to edit a saved schedule](https://workday.students.ubc.ca/course-registration/creating-viewing-and-registering-from-a-saved-schedule/#edit)
-   [How to register in courses from a saved schedule](https://workday.students.ubc.ca/course-registration/creating-viewing-and-registering-from-a-saved-schedule/#register)

## How to create a saved schedule

1.  On the Workday homepage, click the “View My Saved Schedules” button\. 
2.  Click the “Create Saved Schedules” button 
3.  Enter a **name** for the saved schedule and select an **Academic Period**\. 
    -   If you have more than one academic record \(e\.g\., concurrent  Master’s degree and PhD students\), select the academic record you are creating the schedule for\.  
    -   **Tip:** Since you can create as many saved schedules as you wish, it can be helpful to identify the academic year and term in the name to avoid confusion \(e\.g\., “2026W Term 1 First Choice”\)\.  
    -   **Reminder:** You must make a separate saved schedule for each Academic Term\. Courses that span Term 1 and Term 2 will only appear in the Term 1 saved schedule\. 
4.  Select “Ok”\. 

### Select courses to add to your saved schedule

1.  Search for a course using the search box and/or; 
2.  Use the filters to narrow down your search by Academic Level, Delivery Mode, Meeting Days, etc\. 
3.  Click on the down arrow beside a course name to expand it\. You can view the required course activities \(e\.g\. lecture, lab, discussion, etc\.\), grouped by activity type\. 
4.  Click on the: 
    -   “i” icon to view **course section details**\. Please note that add/drop deadlines are not included here\. View the course schedule to find the add/drop date for course sections\. 
    -    “\+” icon to **add** a course to your saved schedule\. 
    -   trash can icon to remove a course from your saved schedule\. 

[Saved schedule builder calendar overview](https://student-workday-2024.sites.olt.ubc.ca/files/2026/04/icons.png)

[course section description](https://student-workday-2024.sites.olt.ubc.ca/files/2026/04/expanded-i.png)

> Reminder: You can save schedule conflicts \(i\.e\. courses with overlapping meeting times\) but will need to resolve the conflict before registering\.

### Errors and alerts

If there are any errors or alerts in your saved schedule, they will appear in the top right corner, in an orange or a red box\. Select the box to view the descriptions for the errors and/or alerts\. 

-   **Red error:** You must resolve this error before you are able to save your saved schedule\. 
-   **Orange alerts:** You can save your saved schedule, but you will need to resolve this alert before registering\. 

[Example error and alerts](https://student-workday-2024.sites.olt.ubc.ca/files/2026/04/errors.png)

To view your alerts after exiting your saved schedule:

-   On the Workday homepage, select the “View My Saved Schedules” button\. 
-   If there are any alerts, they will appear under the “Alerts” column for the applicable saved schedule\. 
-   View the Resolving saved schedules alerts tutorial to find out how to manage and resolve alerts prior to registration\. 

## How to edit a saved schedule

1.  On the Workday homepage, click the “View My Saved Schedules” button\. 
2.  In the actions column for the saved schedule you want to change, select “Edit”\. **Do not** click “Remove”\. This will delete your entire saved schedule\. 
3.  Delete courses by clicking on the course section you want to remove and then select the trash can icon\. Remember to remove all associated activities for the course \(e\.g\. lab, discussion, etc\.\)\. 
4.  Add any new course sections\. 
5.  Select the “Save” button once you have finished making edits\. 

## How to register in courses from a saved schedule

### Before registering in courses

If you choose to register all your courses using a saved schedule, make sure to review and manage your saved schedule to resolve [alerts](https://student-workday-2024.sites.olt.ubc.ca/course-registration/managing-a-saved-schedule/), [conflicts](https://student-workday-2024.sites.olt.ubc.ca/course-registration/troubleshooting-your-course-registration/), and [holds on your record](https://student-workday-2024.sites.olt.ubc.ca/course-registration/resolving-a-hold-on-your-record/) before registration opens\. This can help prevent issues during your registration process\. 

### Navigate to a saved schedule

On the Workday homepage, select the “View My Saved Schedules” button\. 

### Register a saved schedule

**Reminder:** If registering for two terms, you must register for Term 1 before registering for Term 2\. 

1.  Click the “Register” button\.
    -   The button will only appear when registration opens for you\. 
2.  Make any last\-minute changes or resolve course conflicts before registering\. If you have unresolved course conflicts, you **will not** be registered in the conflicting courses\.  
3.  Once you are ready, click the “Register” button in the lower left corner\. Your registration will be processed in Workday\. 

### Review registration

After you complete your registration, a registration summary will appear on the screen in a table format\. The summary is divided into three sections: 

1.  **Unsuccessful registrations**:
    -   You were not registered in these courses\. Review the “Reason” column to find out why your registration was unsuccessful\. 
2.  **Waitlisted registrations**:
    -   You were added to the waitlist of these courses\. You may be offered a spot in the course if a seat becomes available\. Make sure your email address is correct in Workday to receive these messages\. 
    -   Learn how to [register in a course from the waitlist](https://student-workday-2024.sites.olt.ubc.ca/course-registration/registering-in-a-course-from-the-waitlist/)\.
3.  **Successful registrations**:
    -   You were successfully registered in these course sections\. Click the white “View Registered Courses” button in the lower left corner under the table summary for a complete list of your registered courses\. 

#### Register for Term 2

Once you have completed your registration for Term 1, [repeat the steps above](https://workday.students.ubc.ca/course-registration/creating-viewing-and-registering-from-a-saved-schedule/#saved-schedule) to register for Term 2\. 

### Additional resources

-   [Troubleshooting saved schedules](https://student-workday-2024.sites.olt.ubc.ca/course-registration/managing-a-saved-schedule/) 
-   [Understanding course waitlists](https://student-workday-2024.sites.olt.ubc.ca/course-registration/understanding-course-waitlists/)
-   [Joining, viewing, and registering from course waitlists](https://workday.students.ubc.ca/course-registration/joining-viewing-and-registering-from-course-waitlists/)",76c040cbc03e92b3b1763ef63fc582bcda1a3673f1bbabc984026eaef7bb39ff,,undergraduate_and_shared,2026-08-06T18:21:37+00:00,2026-09-11T05:07:27.466Z,[],"[{""text"": ""register for individual courses"", ""url"": ""https://student-workday-2024.sites.olt.ubc.ca/course-registration/registering-for-individual-course-sections/""}, {""text"": ""register from a saved schedule"", ""url"": ""https://workday.students.ubc.ca/course-registration/creating-viewing-and-registering-from-a-saved-schedule/#register""}, {""text"": ""register in a waitlisted course"", ""url"": ""https://student-workday-2024.sites.olt.ubc.ca/course-registration/joining-viewing-and-registering-from-course-waitlists/""}, {""text"": ""resolving course conflicts"", ""url"": ""https://student-workday-2024.sites.olt.ubc.ca/course-registration/troubleshooting-your-course-registration/""}, {""text"": ""How to create a saved schedule"", ""url"": ""https://workday.students.ubc.ca/course-registration/creating-viewing-and-registering-from-a-saved-schedule/#create""}, {""text"": ""How to edit a saved schedule"", ""url"": ""https://workday.students.ubc.ca/course-registration/creating-viewing-and-registering-from-a-saved-schedule/#edit""}, {""text"": ""How to register in courses from a saved schedule"", ""url"": ""https://workday.students.ubc.ca/course-registration/creating-viewing-and-registering-from-a-saved-schedule/#register""}, {""text"": ""Saved schedule builder calendar overview"", ""url"": ""https://student-workday-2024.sites.olt.ubc.ca/files/2026/04/icons.png""}, {""text"": ""course section description"", ""url"": ""https://student-workday-2024.sites.olt.ubc.ca/files/2026/04/expanded-i.png""}, {""text"": ""Example error and alerts"", ""url"": ""https://student-workday-2024.sites.olt.ubc.ca/files/2026/04/errors.png""}, {""text"": ""alerts"", ""url"": ""https://student-workday-2024.sites.olt.ubc.ca/course-registration/managing-a-saved-schedule/""}, {""text"": ""conflicts"", ""url"": ""https://student-workday-2024.sites.olt.ubc.ca/course-registration/troubleshooting-your-course-registration/""}, {""text"": ""holds on your record"", ""url"": ""https://student-workday-2024.sites.olt.ubc.ca/course-registration/resolving-a-hold-on-your-record/""}, {""text"": ""register in a course from the waitlist"", ""url"": ""https://student-workday-2024.sites.olt.ubc.ca/course-registration/registering-in-a-course-from-the-waitlist/""}, {""text"": ""repeat the steps above"", ""url"": ""https://workday.students.ubc.ca/course-registration/creating-viewing-and-registering-from-a-saved-schedule/#saved-schedule""}, {""text"": ""Troubleshooting saved schedules"", ""url"": ""https://student-workday-2024.sites.olt.ubc.ca/course-registration/managing-a-saved-schedule/""}, {""text"": ""Understanding course waitlists"", ""url"": ""https://student-workday-2024.sites.olt.ubc.ca/course-registration/understanding-course-waitlists/""}, {""text"": ""Joining, viewing, and registering from course waitlists"", ""url"": ""https://workday.students.ubc.ca/course-registration/joining-viewing-and-registering-from-course-waitlists/""}]",[],prose/workday/markdown/3a34dacbee2109d7ed3ef427ad6153fc11e82343447e72de672f27ba0536d49f.md
prose:workday:4957,prose,workday,workday,https://workday.students.ubc.ca/course-registration/troubleshooting-saved-schedules/,https://workday.students.ubc.ca/wp-json/wp/v2/pages/4957,4957,Troubleshooting saved schedules,"If you see an alert on your saved schedule, you may need to complete an action to avoid registration issues\.  

-   **Red errors:** You will not be able to proceed with your registration\. You must resolve the alert prior to registering for courses\. 
-   **Orange alerts:** You will be able to proceed with registration, but you should read the alert to ensure you meet the eligibility requirements\.

> **Before proceeding:**  
> When you are building **your Term 2 saved schedule**, you may see an alert that you do not meet the pre\-requisites for some courses\. This may be because you have the **pre\-requisites on your Term 1 saved schedule**\. Check your Term 1 saved schedules to make sure you have the required courses to meet your Term 2 pre\-requisites\.  
>   
> **This alert will be resolved after you register for your Term 1 courses\.** 

## View and resolve saved schedule alerts

### **Navigate to a saved schedule**

-   On the Workday homepage, select “View My Saved Schedules” button\. 
-   Click on the name of the saved schedule that you would like to view and resolve alerts for\. 
-   If your saved schedule has any issues, click the orange “Errors” box in the top right corner\. 
-   Review your alerts and take action to resolve them before you attempt registration\. 

The following table lists commonly encountered alerts and error messages, what they mean, and how you can resolve them\. 

- **Row 1**

  - **Header cell 1:**
  
    **Alert or Error Message**
  
  - **Header cell 2:**
  
    Issue
  
  - **Header cell 3:**
  
    Resolution

- **Row 2**

  - **Cell 1:**
  
    “Your saved schedule includes course sections with time conflicts\.”
  
  - **Cell 2:**
  
    The time for a course in your saved schedule overlaps with another course\.
  
  - **Cell 3:**
  
    Remove one of the courses that has an overlapping schedule\.

- **Row 3**

  - **Cell 1:**
  
    “Your saved schedule includes course sections that you’re not eligible for\.”
  
  - **Cell 2:**
  
    You do not meet eligibility requirements for a course in your saved schedule\.
  
  - **Cell 3:**
  
    Remove the course\. If you have coursework from a prior college or university that may meet the eligibility rules, please contact an [Enrolment Services Advisor](https://students.ubc.ca/about-student-services/enrolment-services-advisors) to discuss

- **Row 4**

  - **Cell 1:**
  
    “Your saved schedule includes course sections you are not eligible for\.”
  
  - **Cell 2:**
  
    You do not meet the eligibility requirements for a course in your saved schedule\. You have not added a prerequisite course to your saved schedule\. A prerequisite course is a course you must take before the selected course\. If you do not add the prerequisite course in a term before your selected course, you will not meet the eligibility requirements set in Workday\.
  
  - **Cell 3:**
  
    Add the selected course in Term 2 and the prerequisite course in Term 1\.   
      
    When you register for your courses, you must register for Term 1 before Term 2 to meet the eligibility requirement\.

- **Row 5**

  - **Cell 1:**
  
    “Your saved schedule includes course sections you are not eligible for\.”
  
  - **Cell 2:**
  
    You have not added a corequisite course to your saved schedule\. This may be due to a missing corequisite\. A corequisite is a course that you must take before or at the same time with the selected course\. If you do not add a corequisite, you will not meet the eligibility requirements set in Workday\.
  
  - **Cell 3:**
  
    If you are missing a corequisite \(found within the course eligibility rules\), add the corequisite course to your saved schedule\.

- **Row 6**

  - **Cell 1:**
  
    “You’ve already received academic credit for \[Course\]\. Retaking it won’t count towards your overall credit requirements\.”
  
  - **Cell 2:**
  
    You have already received academic credit for the course section or an equivalent/cross\-listed course\.
  
  - **Cell 3:**
  
    You can still register for the course, but you will not receive credit for it\.

- **Row 7**

  - **Cell 1:**
  
    “\[Instructional Format\] is required for \[Course\]\. Please select an \[Instructional Format\]”Example \| Discussion is required for ENGL\_V 112\. Please select a discussion\.
  
  - **Cell 2:**
  
    You are missing a required activity for the course\. For example, you have selected a lecture but not a discussion section\.
  
  - **Cell 3:**
  
    Go to the course on your saved schedule and select a section for each of the required instructional formats showing on the screen \(e\.g\., Lecture, Laboratory, Discussion, Seminar\)

- **Row 8**

  - **Cell 1:**
  
    “You can’t register for a course section that overlaps with and belongs to the same course as another course section you’re already enrolled in\.”
  
  - **Cell 2:**
  
    You have already registered for that course for the academic period\.
  
  - **Cell 3:**
  
    Change or drop the course section you are currently registered in\. Note that you will lose your seat in the course section if you drop it\.

- **Row 9**

  - **Cell 1:**
  
    “There is already a \[Instructional Fromat\] section for \[Course\] under this saved schedule\. If you would like to change the section, remove the other section from your saved schedule\.”
  
  - **Cell 2:**
  
    This course activity has already been added to your saved schedule\. You now have multiple instances of the same course activity\.
  
  - **Cell 3:**
  
    Remove the course section from the saved schedule before adding a new course section\.",27b81b5a226877ce03efac887d253cf0e73bc16c3d7a6a64d23e3e13f77544de,,undergraduate_and_shared,2026-09-10T22:16:53+00:00,2026-09-11T05:07:27.466Z,[],"[{""text"": ""Enrolment Services Advisor"", ""url"": ""https://students.ubc.ca/about-student-services/enrolment-services-advisors""}]","[""A complex table is represented as row/cell lists; merged-cell spans are labelled.""]",prose/workday/markdown/3ecc82c7ce80a040fb8df2ea0244f6eff497ea13d3226582c8d670d78c9e3515.md
prose:workday:5187,prose,workday,workday,https://workday.students.ubc.ca/course-registration/joining-viewing-and-registering-from-course-waitlists/,https://workday.students.ubc.ca/wp-json/wp/v2/pages/5187,5187,"Joining, viewing, and registering from course waitlists","For general information on course waitlists in Workday, view the understanding course waitlists tutorial\. To [add a waitlisted course to your saved schedule](https://student-workday-2024.sites.olt.ubc.ca/course-registration/creating-viewing-and-registering-from-a-saved-schedule/), follow these instructions\. 

## On this page

-   [How to join the waitlist for a course section](https://workday.students.ubc.ca/course-registration/joining-viewing-and-registering-from-course-waitlists/#join-waitlist) 
-   [How to view your waitlisted courses](https://workday.students.ubc.ca/course-registration/joining-viewing-and-registering-from-course-waitlists/#view-waitlist) 
-   [How to register in a course from the waitlist](https://workday.students.ubc.ca/course-registration/joining-viewing-and-registering-from-course-waitlists/#register-waitlist) 

## How to join the waitlist for a course section

### Navigate to the course schedule

Follow the instructions to view the [course schedule](https://student-workday-2024.sites.olt.ubc.ca/course-registration/viewing-the-course-schedule/)\.

### Select a course section

1.  Check that the course section has a waitlist\. 
2.  Click the course title to go to the “View Course Section” page\. 
    -   **Reminder:** To join the waitlist you must meet the course registration requirements\. 
3.  Click the “Register” button\. 

### Join the waitlist

1.  Click the **checkbox** in the “Select” column next to the course section\. 
    -   **Reminder:** If a course has multiple course activities \(e\.g\., a lecture and a lab\), the waitlist generally applies only to the **graded course activity** \(typically the lecture\)\. 
2.  Click the “Register” button\. 
3.  Review the confirmation page\. The course you selected will appear in a “Waitlisted Courses” table\. 

## How to view your waitlisted courses

### Go to your waitlisted courses

1.  On the Workday homepage, click the “View My Courses” button\. 
2.  Scroll down to the “My Waitlisted Courses” table\. 
    -   The “My Waitlisted Courses” table includes course sections for all terms of an academic session\. For example, if you are viewing the Winter Session, the “My Waitlisted Courses” table will include waitlists for both Term 1 and Term 2\. Review the “Start Date” and “End Date” to see which term the course falls in\. 

## How to register in a course from the waitlist

The waitlist process varies depending on which department is offering the course\. 

If you are waitlisted for a course, you will receive an email invitation to register if a seat becomes available\. 

In most cases, you will only have 24 hours to accept the seat before it goes to the next student on the waitlist\. Make sure to monitor your email frequently and [ensure your email address is correct](https://student-workday-2024.sites.olt.ubc.ca/personal-information/updating-your-contact-information/) in Workday\. 

Follow the steps below to accept your seat, deny your seat but remain on the waitlist, or remove yourself from the waitlist\. 

> **If you receive an email notification directly from a UBC staff member**, you must follow the instructions that they provide to accept your seat within the course\. 

### View your waitlist task

1.  In Workday, click the “My Tasks” inbox icon\. 
2.  Select the message with the subject line “Course Opening Available”\. 

### Respond to the seat availablity

From the “My Tasks” message, you can take the following actions:

-   Click “Submit” to accept your seat\.
-   Click “Deny” to decline your seat \(but remain on the waitlist\)\.
-   Click “Remove from Waitlist” to leave the waitlist\.

[Remove from waitlist](https://student-workday-2024.sites.olt.ubc.ca/files/2026/05/remove-from-waitlist.png)

#### Accept your seat

1.  Click the “Submit” button\. 
2.  Scroll down and select all the required course activities from the “Select Course Sections” table by checking the boxes\. 
3.  3\. If you’ve already registered for the maximum number of credits for the term, or you have a conflicting course section, you can drop a course now to make space for your waitlisted course\. If you do not need to drop a course at this time, proceed to step 4\. 
    -   Click the “Drop Registered Courses” tab\. 
    -   Click the **checkbox** in the “Drop” column for the course you want to drop\.

[Drop registered courses](https://student-workday-2024.sites.olt.ubc.ca/files/2026/05/drop-registered-courses.png)

4\. Click the “Submit” button\. A pop\-up notification with the heading, “You have submitted”, will appear under the search bar\.   
5\. In the notification, click the “View Details” link\.   
6\. Click the arrow next to “Details and Processes” to expand the section and view a confirmation of your enrolment\. 

#### Deny the seat \(and stay on the waitlist\)

1.  Click the “Deny” button\. 
2.  Enter your reason for denying the offer in the “Reason” field\. 
3.  Click the “Submit” button\. 
4.  A pop\-up notification with the heading, “You have submitted”, will appear under the search bar\. 
5.  In the notification, click the “View Details” link\. 
6.  Click the arrow next to “Details and Processes” to expand the section and view a confirmation that you have denied an available seat on the waitlist\. 

#### Remove yourself from the waitlist

1.  Click the “Remove From Waitlist” button\. 
2.  Click the **checkbox** next to “Confirm”\. 
3.  Click the “OK” button\. You will see a confirmation message if you have successfully removed yourself from the waitlist\. 

## Additional resources

-   [Understanding course waitlists](https://student-workday-2024.sites.olt.ubc.ca/course-registration/understanding-course-waitlists/)",955327e7da2ad3dae177dc3c3573863cf9c9b177acb2dba28d8facfbcf9777c2,,undergraduate_and_shared,2026-05-27T22:57:36+00:00,2026-09-11T05:07:27.466Z,[],"[{""text"": ""add a waitlisted course to your saved schedule"", ""url"": ""https://student-workday-2024.sites.olt.ubc.ca/course-registration/creating-viewing-and-registering-from-a-saved-schedule/""}, {""text"": ""How to join the waitlist for a course section"", ""url"": ""https://workday.students.ubc.ca/course-registration/joining-viewing-and-registering-from-course-waitlists/#join-waitlist""}, {""text"": ""How to view your waitlisted courses"", ""url"": ""https://workday.students.ubc.ca/course-registration/joining-viewing-and-registering-from-course-waitlists/#view-waitlist""}, {""text"": ""How to register in a course from the waitlist"", ""url"": ""https://workday.students.ubc.ca/course-registration/joining-viewing-and-registering-from-course-waitlists/#register-waitlist""}, {""text"": ""course schedule"", ""url"": ""https://student-workday-2024.sites.olt.ubc.ca/course-registration/viewing-the-course-schedule/""}, {""text"": ""ensure your email address is correct"", ""url"": ""https://student-workday-2024.sites.olt.ubc.ca/personal-information/updating-your-contact-information/""}, {""text"": ""Remove from waitlist"", ""url"": ""https://student-workday-2024.sites.olt.ubc.ca/files/2026/05/remove-from-waitlist.png""}, {""text"": ""Drop registered courses"", ""url"": ""https://student-workday-2024.sites.olt.ubc.ca/files/2026/05/drop-registered-courses.png""}, {""text"": ""Understanding course waitlists"", ""url"": ""https://student-workday-2024.sites.olt.ubc.ca/course-registration/understanding-course-waitlists/""}]",[],prose/workday/markdown/2f69f933ab7dd48289eb30e33b908dad10b572fd9e7724fc9a20d418457843cb.md
prose:workday:5323,prose,workday,workday,https://workday.students.ubc.ca/course-registration/swapping-dropping-or-withdrawing-from-a-course/,https://workday.students.ubc.ca/wp-json/wp/v2/pages/5323,5323,"Swapping, dropping or withdrawing from a course","If you drop or swap a course before the add/drop deadline, your enrolment in the course will **not appear on your academic record** and you will also be eligible for a full [tuition refund](https://students.ubc.ca/finances/tuition-fees/tuition-refunds/)\. 

If you withdraw from a course after the add/drop deadline, you will **receive a “W” standing on your academic record\.** Depending on your withdrawal date, you may be eligible for a [partial refund](https://students.ubc.ca/finances/tuition-fees/tuition-refunds/#credit-based-tuition-refunds)\. 

Learn more about [course change dates](https://students.ubc.ca/enrolment/registration/course-change-dates/) and impacts to [tuition refunds](https://students.ubc.ca/finances/tuition-fees/tuition-refunds/)\. 

>   
> If you **drop** a course, your seat will immediately become available to other students\. You may not be able to add it again if you’re unable to register in a new course or section\. If you want to register in a different course or a different section of the same course, you should **swap** your course section so you do not lose your seat\.

### On this page:

-   [View your registered courses](https://workday.students.ubc.ca/course-registration/swapping-dropping-or-withdrawing-from-a-course/#view-registered) 
-   [How to swap a course or course section](https://workday.students.ubc.ca/course-registration/swapping-dropping-or-withdrawing-from-a-course/#swap) 
-   [How to drop a course](https://workday.students.ubc.ca/course-registration/swapping-dropping-or-withdrawing-from-a-course/#drop) 
-   [How to withdraw from a course](https://workday.students.ubc.ca/course-registration/swapping-dropping-or-withdrawing-from-a-course/#withdraw) 
-   [How to view previously dropped or withdrawn courses](https://workday.students.ubc.ca/course-registration/swapping-dropping-or-withdrawing-from-a-course/#previous) 

## View your registered courses

### Go to your Academics app

1.  Log into your Workday account at [myworkday\.ubc\.ca](http://myworkday.ubc.ca/)\. 
2.  On the Workday homepage, click the “View My Courses” button\. 
3.  On the “View My Courses” page, go to the “My Enrolled Courses” table\.

## How to swap a course or course section

You can choose to swap to a **new course** or a **new section**\. If the course or section is full, you will remain registered in your current course until an available option is found or you cancel the process\. 

1.  View your [registered courses](https://workday.students.ubc.ca/course-registration/swapping-dropping-or-withdrawing-from-a-course/#view-registered)\.  
2.  In the “Actions” column for the course, open the dropdown menu and select “Swap”\. 
3.  Select “New Course” or “New Section”\. 
4.  Depending on your selection: 
    -   **New Course:** In the “**Course to Add**” field, find a course by typing the course name \(e\.g\., “Economics”\) or course code \(e\.g\., “ECON 102”\)\. 
    -   **New Section:** Review the “**Course Section for Swap**” field to make sure the section you want to swap is correct\. 
5.  Click the “OK” button\. 
6.  Select the course section and/or activities you want to switch to by checking the box in the “Select” column on the left side of the table, and deselect the course or section you wish to swap out of\. 
7.  Click the “OK button”\. 
8.  **If you are swapping to a new course:** 
    -   Review the “**Course to Drop Confirmation**” table at the bottom and make sure you are swapping out of the correct course\. 
    -   Check the “**Confirm Swap**” box and click the “OK” button\. 
9.  If the swap is successful, the next page will show “Successful Registrations” and a table of the course or course section you have switched to\. 

## How to drop a course

1.  View your [registered courses](https://workday.students.ubc.ca/course-registration/swapping-dropping-or-withdrawing-from-a-course/#view-registered)\. 
2.  In the “Actions” column for the course, open the dropdown menu and select “Drop”\. 
3.  Check the “Confirm” box\. 
4.  Click the “OK” button\. 

## How to withdraw from a course

**Before you withdraw from a course**, make sure you understand the [potential impacts](https://workday.students.ubc.ca/course-registration/swapping-dropping-or-withdrawing-from-a-course/#impacts)\. 

1.  View your [registered courses](https://workday.students.ubc.ca/course-registration/swapping-dropping-or-withdrawing-from-a-course/#view-registered)\. 
2.  In the “Actions” column for the course, open the dropdown menu and select “Withdraw”\. 
3.  Check the “Confirm Withdraw from Course” box\.  
4.  Click the “OK” button\. 

### Confirm your withdrawal

1.  On the “View my Courses” page a popup notification with the heading “You have submitted” will appear at the top of the screen\. 
2.  Click “View Details” in the notification\. 
3.  Click the arrow icon on the left of “Detail and Processes” to expand the section information\. 
4.  If the “Overall Status” field says “Successfully Completed”, you have withdrawn from the course\. 

## How to view previously dropped or withdrawn courses

1.  View your [registered courses](https://workday.students.ubc.ca/course-registration/swapping-dropping-or-withdrawing-from-a-course/#view-registered)\. 
2.  Scroll down to the “My Dropped/Withdrawn Courses” section\. 
3.  Select the arrow icon on the left of “My Dropped/Withdrawn Courses” to expand the section information\. 
    -   Note: Dropped courses will have a “Registration Status” of “Unregistered”\. 

## Additional resources

-   [Troubleshooting course registration](https://student-workday-2024.sites.olt.ubc.ca/course-registration/troubleshooting-your-course-registration/)",d1fdef9d38b63f484eb25bdd4c3ecc3205a396402890f3ef799126a4ced14454,,undergraduate_and_shared,2026-09-10T22:18:39+00:00,2026-09-11T05:07:27.466Z,[],"[{""text"": ""tuition refund"", ""url"": ""https://students.ubc.ca/finances/tuition-fees/tuition-refunds/""}, {""text"": ""partial refund"", ""url"": ""https://students.ubc.ca/finances/tuition-fees/tuition-refunds/#credit-based-tuition-refunds""}, {""text"": ""course change dates"", ""url"": ""https://students.ubc.ca/enrolment/registration/course-change-dates/""}, {""text"": ""tuition refunds"", ""url"": ""https://students.ubc.ca/finances/tuition-fees/tuition-refunds/""}, {""text"": ""View your registered courses"", ""url"": ""https://workday.students.ubc.ca/course-registration/swapping-dropping-or-withdrawing-from-a-course/#view-registered""}, {""text"": ""How to swap a course or course section"", ""url"": ""https://workday.students.ubc.ca/course-registration/swapping-dropping-or-withdrawing-from-a-course/#swap""}, {""text"": ""How to drop a course"", ""url"": ""https://workday.students.ubc.ca/course-registration/swapping-dropping-or-withdrawing-from-a-course/#drop""}, {""text"": ""How to withdraw from a course"", ""url"": ""https://workday.students.ubc.ca/course-registration/swapping-dropping-or-withdrawing-from-a-course/#withdraw""}, {""text"": ""How to view previously dropped or withdrawn courses"", ""url"": ""https://workday.students.ubc.ca/course-registration/swapping-dropping-or-withdrawing-from-a-course/#previous""}, {""text"": ""myworkday.ubc.ca"", ""url"": ""http://myworkday.ubc.ca/""}, {""text"": ""registered courses"", ""url"": ""https://workday.students.ubc.ca/course-registration/swapping-dropping-or-withdrawing-from-a-course/#view-registered""}, {""text"": ""potential impacts"", ""url"": ""https://workday.students.ubc.ca/course-registration/swapping-dropping-or-withdrawing-from-a-course/#impacts""}, {""text"": ""Troubleshooting course registration"", ""url"": ""https://student-workday-2024.sites.olt.ubc.ca/course-registration/troubleshooting-your-course-registration/""}]",[],prose/workday/markdown/ffca7bfaffdef7cca248ac5fbc36c828575abe43d9d1529a4c61632aa7c0e360.md
prose:workday:5382,prose,workday,workday,https://workday.students.ubc.ca/personal-information/viewing-and-managing-your-student-and-worker-profiles/,https://workday.students.ubc.ca/wp-json/wp/v2/pages/5382,5382,Viewing and managing your student and worker profiles,"If you are both a student and an employee at UBC, Workday allows you to view both your Student and Worker profiles and choose which profile appears by default when you log in\.

## Go to your Profile Summary in Workday

1.  Log into your Workday account at [myworkday\.ubc\.ca](http://myworkday.ubc.ca/)\. 
2.  Click the user icon in the top right corner 
3.  Next: 
    -   **To view your Worker and Student information:** Click the “View Profile” button\. 
    -   **To** **chang****e** **your default profile view:** Click “My Account”\. 

[Image](https://student-workday-2024.sites.olt.ubc.ca/files/2026/02/Profile_box.png)

3\. Depending on your selection:

-   **View Profile:** The Summary page will display your Worker and Student information\. Select your name under “Worker” to view your employee profile\. 
-   **My Account:** Select “Change Preferences” and scroll to “Preferred Default Profile View” under the “Account Preferences” section\. Here you can choose your default profile view to be “Student” or “Worker”\. 

## Maintaining information on your profiles

If you have a Student and a Worker profile in Workday, any updates that are made to your **personal information** \(legal name, preferred names, citizenship, etc\.\) and **home contact information** will update on both your Student and Worker profiles at the same time\. 

**Emergency Contact information is not shared between profiles\.**  You will need to add an emergency contact to your [Worker profile](https://ubc.service-now.com/selfservice?id=kb_article_view&amp;sysparm_article=KB0016822) and to your [Student profile](https://student-workday-2024.sites.olt.ubc.ca/personal-information/adding-your-emergency-contacts/)\.[https://students\.ok\.ubc\.ca/ws\-tutorial/adding\-your\-emergency\-contacts/](https://students.ok.ubc.ca/ws-tutorial/adding-your-emergency-contacts/) These do not need to be the same emergency contact person\. Ensure you have emergency contact information entered on both profiles\.",4c6b9148386c49718b9b738338302540cf78201b587a0d105bbd32d8661e9f52,,undergraduate_and_shared,2026-08-19T17:38:11+00:00,2026-09-11T05:07:27.466Z,[],"[{""text"": ""myworkday.ubc.ca"", ""url"": ""http://myworkday.ubc.ca/""}, {""text"": ""Image"", ""url"": ""https://student-workday-2024.sites.olt.ubc.ca/files/2026/02/Profile_box.png""}, {""text"": ""Worker profile"", ""url"": ""https://ubc.service-now.com/selfservice?id=kb_article_view&sysparm_article=KB0016822""}, {""text"": ""Student profile"", ""url"": ""https://student-workday-2024.sites.olt.ubc.ca/personal-information/adding-your-emergency-contacts/""}, {""text"": ""https://students.ok.ubc.ca/ws-tutorial/adding-your-emergency-contacts/"", ""url"": ""https://students.ok.ubc.ca/ws-tutorial/adding-your-emergency-contacts/""}]",[],prose/workday/markdown/38e000d6f47c286cc34acbd80347886172e26d8dcceb77397ea2dab1ac286562.md
prose:workday:5387,prose,workday,workday,https://workday.students.ubc.ca/student-documents/viewing-your-profile-notes/,https://workday.students.ubc.ca/wp-json/wp/v2/pages/5387,5387,Viewing your profile notes,"Notes may be added to your profile in Workday by UBC faculty or staff\. For example, you may have a note on your profile if you have submitted a prerequisite waiver request\. 

## How to view your profile notes in Workday

### Go to your history information in Workday

1.  Log into your Workday account at [myworkday\.ubc\.ca](https://myworkday.ubc.ca/)\. 
2.  Click your user icon in the top right corner, then click the “View Profile” button\. 

[Image](https://student-workday-2024.sites.olt.ubc.ca/files/2026/02/Profile_box.png)

3\. In your profile, click the “History” tab\.   
4\. Click the “Note History” tab in the top menu\.",9673695c1a943af0590ff464b595f0a36e721b4beeec1c9923e4d9aed0c35275,,undergraduate_and_shared,2026-08-18T20:30:27+00:00,2026-09-11T05:07:27.466Z,[],"[{""text"": ""myworkday.ubc.ca"", ""url"": ""https://myworkday.ubc.ca/""}, {""text"": ""Image"", ""url"": ""https://student-workday-2024.sites.olt.ubc.ca/files/2026/02/Profile_box.png""}]",[],prose/workday/markdown/5e98852eb45c07f6d5212c5492a0734ceb1cae8ea464e411a9a724e87999c2b2.md
